# File generated by ImageToStl.com - Free Image and 3D model conversion tools

mtllib Bamberg-SaintStephanKirche.mtl

o obj1
v -247.93484497 252.11503601 206.61236572
v -247.93484497 252.38659668 227.27360535
v -227.27360535 252.17610168 206.61236572
v -227.27360535 252.7219696 227.27360535
v -206.61236572 252.8037262 206.61236572
v -206.61236572 255.00918579 227.27360535
v -185.9511261 254.2171936 206.61236572
v -185.9511261 257.61499023 227.27360535
v -165.28988647 254.65086365 206.61236572
v -165.28988647 258.96542358 227.27360535
v -144.62866211 254.920578 206.61236572
v -144.62866211 260.36129761 227.27360535
v -123.96742249 255.48654175 206.61236572
v -123.96742249 261.61407471 227.27360535
v -103.30618286 256.02227783 206.61236572
v -103.30618286 262.16574097 227.27360535
v -82.64494324 257.87030029 206.61236572
v -82.64494324 262.45227051 227.27360535
v -61.98371124 260.65930176 206.61236572
v -61.98371124 262.50656128 227.27360535
v -41.32247162 261.584198 206.61236572
v -41.32247162 261.90542603 227.27360535
v -20.66123581 260.26065063 206.61236572
v -20.66123581 260.60372925 227.27360535
v 0 258.56054687 206.61236572
v 0 259.40344238 227.27360535
v 20.66123581 257.01791382 206.61236572
v 20.66123581 257.71923828 227.27360535
v 41.32247162 255.69641113 206.61236572
v 41.32247162 256.14474487 227.27360535
v 61.98371124 254.60842896 206.61236572
v 61.98371124 254.77134705 227.27360535
v 82.64494324 253.68373108 206.61236572
v 82.64494324 253.0423584 227.27360535
v 103.30618286 252.84172058 206.61236572
v 103.30618286 251.59078979 227.27360535
v 123.96742249 250.65858459 206.61236572
v 123.96742249 250.72676086 227.27360535
v 144.62866211 247.85522461 206.61236572
v 144.62866211 249.74156189 227.27360535
v 165.28988647 247.48736572 206.61236572
v 165.28988647 249.53823853 227.27360535
v 185.9511261 250.49996948 206.61236572
v 185.9511261 251.15245056 227.27360535
v 206.61236572 253.85392761 206.61236572
v 206.61236572 255.46664429 227.27360535
v 227.27360535 254.8495636 206.61236572
v 227.27360535 256.64364624 227.27360535
v 247.93484497 253.79873657 206.61236572
v 247.93484497 257.0249939 227.27360535
v 268.59606934 248.45552063 206.61236572
v 268.59606934 255.10958862 227.27360535
v 289.25732422 244.8323822 206.61236572
v 289.25732422 249.84922791 227.27360535
v 309.91854858 242.56506348 206.61236572
v 309.91854858 245.35388184 227.27360535
v 330.57977295 240.98419189 206.61236572
v 330.57977295 242.51574707 227.27360535
v 351.24102783 239.33505249 206.61236572
v 351.24102783 240.84376526 227.27360535
v 371.9022522 238.19439697 206.61236572
v 371.9022522 239.36560059 227.27360535
v 392.56350708 237.85612488 206.61236572
v 392.56350708 237.78572083 227.27360535
v 413.22473145 238.277771 206.61236572
v 413.22473145 238.04232788 227.27360535
v 433.88595581 238.27719116 206.61236572
v 433.88595581 238.30570984 227.27360535
v 454.54721069 237.90481567 206.61236572
v 454.54721069 237.93325806 227.27360535
v 475.20843506 237.43362427 206.61236572
v 475.20843506 237.46479797 227.27360535
v 495.86968994 237.31582642 206.61236572
v 495.86968994 237.37849426 227.27360535
v 516.53094482 235.46635437 206.61236572
v 516.53094482 236.16799927 227.27360535
v 537.19213867 236.19645691 206.61236572
v 537.19213867 235.43089294 227.27360535
v 557.85339355 238.28811646 206.61236572
v 557.85339355 237.96165466 227.27360535
v 578.51464844 238.418396 206.61236572
v 578.51464844 238.50033569 227.27360535
v 599.17584229 238.42407227 206.61236572
v 599.17584229 238.63310242 227.27360535
v 619.83709717 238.43392944 206.61236572
v 619.83709717 238.38070679 227.27360535
v 640.49835205 238.48750305 206.61236572
v 640.49835205 238.0640564 227.27360535
v 661.1595459 237.72941589 206.61236572
v 661.1595459 237.7853241 227.27360535
v 681.82080078 237.32595825 206.61236572
v 681.82080078 238.21514893 227.27360535
v 702.48205566 237.99116516 206.61236572
v 702.48205566 238.44229126 227.27360535
v 723.14331055 238.17419434 206.61236572
v 723.14331055 238.40263367 227.27360535
v 743.80450439 237.91229248 206.61236572
v 743.80450439 237.7164917 227.27360535
v -247.93484497 252.97583008 247.93484497
v -227.27360535 253.77589417 247.93484497
v -206.61236572 257.63015747 247.93484497
v -185.9511261 259.21707153 247.93484497
v -165.28988647 260.1703186 247.93484497
v -144.62866211 262.46520996 247.93484497
v -123.96742249 264.41455078 247.93484497
v -103.30618286 264.57147217 247.93484497
v -82.64494324 264.67782593 247.93484497
v -61.98371124 264.08477783 247.93484497
v -41.32247162 262.72955322 247.93484497
v -20.66123581 262.17306519 247.93484497
v 0 260.83621216 247.93484497
v 20.66123581 259.76040649 247.93484497
v 41.32247162 258.07943726 247.93484497
v 61.98371124 256.55496216 247.93484497
v 82.64494324 255.66497803 247.93484497
v 103.30618286 252.51779175 247.93484497
v 123.96742249 250.44903564 247.93484497
v 144.62866211 249.81040955 247.93484497
v 165.28988647 250.68600464 247.93484497
v 185.9511261 251.76304626 247.93484497
v 206.61236572 255.08628845 247.93484497
v 227.27360535 258.04223633 247.93484497
v 247.93484497 258.60757446 247.93484497
v 268.59606934 258.63381958 247.93484497
v 289.25732422 255.44259644 247.93484497
v 309.91854858 249.99234009 247.93484497
v 330.57977295 245.07617187 247.93484497
v 351.24102783 242.30976868 247.93484497
v 371.9022522 240.00579834 247.93484497
v 392.56350708 238.35942078 247.93484497
v 413.22473145 237.73074341 247.93484497
v 433.88595581 238.24821472 247.93484497
v 454.54721069 238.19146729 247.93484497
v 475.20843506 237.46235657 247.93484497
v 495.86968994 236.69584656 247.93484497
v 516.53094482 236.67079163 247.93484497
v 537.19213867 234.9788208 247.93484497
v 557.85339355 236.85105896 247.93484497
v 578.51464844 238.34858704 247.93484497
v 599.17584229 238.09353638 247.93484497
v 619.83709717 237.80180359 247.93484497
v 640.49835205 238.36785889 247.93484497
v 661.1595459 238.48077393 247.93484497
v 681.82080078 238.21276855 247.93484497
v 702.48205566 238.25366211 247.93484497
v 723.14331055 238.62445068 247.93484497
v 743.80450439 238.08816528 247.93484497
v -247.93484497 253.84944153 268.59606934
v -227.27360535 254.14607239 268.59606934
v -206.61236572 258.61904907 268.59606934
v -185.9511261 260.96765137 268.59606934
v -165.28988647 261.49679565 268.59606934
v -144.62866211 263.83087158 268.59606934
v -123.96742249 266.29815674 268.59606934
v -103.30618286 266.73156738 268.59606934
v -82.64494324 267.84310913 268.59606934
v -61.98371124 266.93267822 268.59606934
v -41.32247162 264.35369873 268.59606934
v -20.66123581 263.66452026 268.59606934
v 0 261.98153687 268.59606934
v 20.66123581 261.70419312 268.59606934
v 41.32247162 262.41525269 268.59606934
v 61.98371124 259.66690063 268.59606934
v 82.64494324 258.09014893 268.59606934
v 103.30618286 255.16357422 268.59606934
v 123.96742249 251.51144409 268.59606934
v 144.62866211 249.40829468 268.59606934
v 165.28988647 250.21203613 268.59606934
v 185.9511261 253.16682434 268.59606934
v 206.61236572 255.4571228 268.59606934
v 227.27360535 258.44262695 268.59606934
v 247.93484497 259.03930664 268.59606934
v 268.59606934 259.33679199 268.59606934
v 289.25732422 258.22271729 268.59606934
v 309.91854858 255.67997742 268.59606934
v 330.57977295 253.14877319 268.59606934
v 351.24102783 247.64988708 268.59606934
v 371.9022522 242.57998657 268.59606934
v 392.56350708 239.65908813 268.59606934
v 413.22473145 237.85450745 268.59606934
v 433.88595581 237.92698669 268.59606934
v 454.54721069 238.07382202 268.59606934
v 475.20843506 237.68209839 268.59606934
v 495.86968994 237.3137207 268.59606934
v 516.53094482 237.60255432 268.59606934
v 537.19213867 235.50039673 268.59606934
v 557.85339355 235.20169067 268.59606934
v 578.51464844 237.14634705 268.59606934
v 599.17584229 237.7212677 268.59606934
v 619.83709717 238.30690002 268.59606934
v 640.49835205 238.28063965 268.59606934
v 661.1595459 238.43127441 268.59606934
v 681.82080078 238.15867615 268.59606934
v 702.48205566 237.79396057 268.59606934
v 723.14331055 238.40368652 268.59606934
v 743.80450439 238.3397522 268.59606934
v -247.93484497 254.16563416 289.25732422
v -227.27360535 254.02171326 289.25732422
v -206.61236572 257.02429199 289.25732422
v -185.9511261 261.50512695 289.25732422
v -165.28988647 262.83392334 289.25732422
v -144.62866211 263.93911743 289.25732422
v -123.96742249 266.37997437 289.25732422
v -103.30618286 266.95553589 289.25732422
v -82.64494324 268.18011475 289.25732422
v -61.98371124 267.71939087 289.25732422
v -41.32247162 266.18786621 289.25732422
v -20.66123581 265.90032959 289.25732422
v 0 264.6289978 289.25732422
v 20.66123581 265.48687744 289.25732422
v 41.32247162 266.54898071 289.25732422
v 61.98371124 265.43438721 289.25732422
v 82.64494324 260.18432617 289.25732422
v 103.30618286 257.14398193 289.25732422
v 123.96742249 253.85157776 289.25732422
v 144.62866211 250.16305542 289.25732422
v 165.28988647 250.14633179 289.25732422
v 185.9511261 253.42378235 289.25732422
v 206.61236572 255.44311523 289.25732422
v 227.27360535 257.63897705 289.25732422
v 247.93484497 259.0425415 289.25732422
v 268.59606934 260.05670166 289.25732422
v 289.25732422 259.265625 289.25732422
v 309.91854858 258.30328369 289.25732422
v 330.57977295 257.79388428 289.25732422
v 351.24102783 253.77578735 289.25732422
v 371.9022522 248.02238464 289.25732422
v 392.56350708 242.09710693 289.25732422
v 413.22473145 238.72648621 289.25732422
v 433.88595581 237.78709412 289.25732422
v 454.54721069 237.95321655 289.25732422
v 475.20843506 238.24272156 289.25732422
v 495.86968994 238.43507385 289.25732422
v 516.53094482 238.62081909 289.25732422
v 537.19213867 237.9354248 289.25732422
v 557.85339355 235.61239624 289.25732422
v 578.51464844 235.95021057 289.25732422
v 599.17584229 238.13734436 289.25732422
v 619.83709717 237.97279358 289.25732422
v 640.49835205 237.4994812 289.25732422
v 661.1595459 238.24363708 289.25732422
v 681.82080078 238.25505066 289.25732422
v 702.48205566 238.22781372 289.25732422
v 723.14331055 238.38049316 289.25732422
v 743.80450439 238.34529114 289.25732422
v -247.93484497 254.40238953 309.91854858
v -227.27360535 254.02682495 309.91854858
v -206.61236572 255.01179504 309.91854858
v -185.9511261 261.10375977 309.91854858
v -165.28988647 264.16519165 309.91854858
v -144.62866211 264.88534546 309.91854858
v -123.96742249 266.99087524 309.91854858
v -103.30618286 268.29187012 309.91854858
v -82.64494324 269.81509399 309.91854858
v -61.98371124 268.58004761 309.91854858
v -41.32247162 267.95217896 309.91854858
v -20.66123581 268.23226929 309.91854858
v 0 268.18701172 309.91854858
v 20.66123581 268.22854614 309.91854858
v 41.32247162 268.08325195 309.91854858
v 61.98371124 267.74420166 309.91854858
v 82.64494324 263.98126221 309.91854858
v 103.30618286 258.24191284 309.91854858
v 123.96742249 255.00106812 309.91854858
v 144.62866211 252.0243988 309.91854858
v 165.28988647 250.47436523 309.91854858
v 185.9511261 251.42372131 309.91854858
v 206.61236572 254.48506165 309.91854858
v 227.27360535 257.49157715 309.91854858
v 247.93484497 258.87692261 309.91854858
v 268.59606934 260.19070435 309.91854858
v 289.25732422 260.0425415 309.91854858
v 309.91854858 259.36129761 309.91854858
v 330.57977295 258.887146 309.91854858
v 351.24102783 256.90338135 309.91854858
v 371.9022522 252.77865601 309.91854858
v 392.56350708 246.37176514 309.91854858
v 413.22473145 240.83578491 309.91854858
v 433.88595581 238.28170776 309.91854858
v 454.54721069 237.69233704 309.91854858
v 475.20843506 238.02320862 309.91854858
v 495.86968994 238.59410095 309.91854858
v 516.53094482 238.90063477 309.91854858
v 537.19213867 238.67645264 309.91854858
v 557.85339355 237.01849365 309.91854858
v 578.51464844 235.54135132 309.91854858
v 599.17584229 237.65530396 309.91854858
v 619.83709717 237.28962708 309.91854858
v 640.49835205 237.1118927 309.91854858
v 661.1595459 238.13238525 309.91854858
v 681.82080078 238.38786316 309.91854858
v 702.48205566 238.34346008 309.91854858
v 723.14331055 238.36174011 309.91854858
v 743.80450439 238.21543884 309.91854858
v -247.93484497 254.69239807 330.57977295
v -227.27360535 254.56407166 330.57977295
v -206.61236572 254.60572815 330.57977295
v -185.9511261 260.04812622 330.57977295
v -165.28988647 265.7489624 330.57977295
v -144.62866211 268.66555786 330.57977295
v -123.96742249 271.06134033 330.57977295
v -103.30618286 271.93304443 330.57977295
v -82.64494324 271.84417725 330.57977295
v -61.98371124 269.74523926 330.57977295
v -41.32247162 269.62423706 330.57977295
v -20.66123581 270.39404297 330.57977295
v 0 270.32550049 330.57977295
v 20.66123581 269.84225464 330.57977295
v 41.32247162 269.38040161 330.57977295
v 61.98371124 268.24615479 330.57977295
v 82.64494324 265.89752197 330.57977295
v 103.30618286 260.59881592 330.57977295
v 123.96742249 257.12808228 330.57977295
v 144.62866211 253.41893005 330.57977295
v 165.28988647 251.06356812 330.57977295
v 185.9511261 250.41113281 330.57977295
v 206.61236572 251.36860657 330.57977295
v 227.27360535 254.51274109 330.57977295
v 247.93484497 257.99142456 330.57977295
v 268.59606934 259.99002075 330.57977295
v 289.25732422 260.66485596 330.57977295
v 309.91854858 260.4894104 330.57977295
v 330.57977295 260.04534912 330.57977295
v 351.24102783 258.92507935 330.57977295
v 371.9022522 257.39736938 330.57977295
v 392.56350708 253.48457336 330.57977295
v 413.22473145 246.10786438 330.57977295
v 433.88595581 240.29634094 330.57977295
v 454.54721069 238.07933044 330.57977295
v 475.20843506 237.67034912 330.57977295
v 495.86968994 237.98635864 330.57977295
v 516.53094482 238.69552612 330.57977295
v 537.19213867 238.75628662 330.57977295
v 557.85339355 237.06411743 330.57977295
v 578.51464844 235.47351074 330.57977295
v 599.17584229 237.1990509 330.57977295
v 619.83709717 237.81721497 330.57977295
v 640.49835205 237.25634766 330.57977295
v 661.1595459 238.29322815 330.57977295
v 681.82080078 238.43746948 330.57977295
v 702.48205566 238.37475586 330.57977295
v 723.14331055 238.18243408 330.57977295
v 743.80450439 237.98216248 330.57977295
v -247.93484497 254.92312622 351.24102783
v -227.27360535 254.6966095 351.24102783
v -206.61236572 254.74353027 351.24102783
v -185.9511261 259.33322144 351.24102783
v -165.28988647 266.97857666 351.24102783
v -144.62866211 272.04577637 351.24102783
v -123.96742249 273.14562988 351.24102783
v -103.30618286 273.70199585 351.24102783
v -82.64494324 273.33526611 351.24102783
v -61.98371124 271.24789429 351.24102783
v -41.32247162 270.84500122 351.24102783
v -20.66123581 271.93972778 351.24102783
v 0 272.17730713 351.24102783
v 20.66123581 271.96774292 351.24102783
v 41.32247162 271.15567017 351.24102783
v 61.98371124 269.50424194 351.24102783
v 82.64494324 267.08154297 351.24102783
v 103.30618286 263.85195923 351.24102783
v 123.96742249 259.15368652 351.24102783
v 144.62866211 255.14660645 351.24102783
v 165.28988647 253.42549133 351.24102783
v 185.9511261 252.04637146 351.24102783
v 206.61236572 251.81253052 351.24102783
v 227.27360535 252.35287476 351.24102783
v 247.93484497 255.4276123 351.24102783
v 268.59606934 258.90988159 351.24102783
v 289.25732422 260.94311523 351.24102783
v 309.91854858 261.50765991 351.24102783
v 330.57977295 261.54421997 351.24102783
v 351.24102783 260.72702026 351.24102783
v 371.9022522 260.71362305 351.24102783
v 392.56350708 259.09442139 351.24102783
v 413.22473145 252.98826599 351.24102783
v 433.88595581 244.00856018 351.24102783
v 454.54721069 239.51689148 351.24102783
v 475.20843506 237.83534241 351.24102783
v 495.86968994 237.67758179 351.24102783
v 516.53094482 238.27809143 351.24102783
v 537.19213867 238.43647766 351.24102783
v 557.85339355 236.11032104 351.24102783
v 578.51464844 235.33810425 351.24102783
v 599.17584229 236.96891785 351.24102783
v 619.83709717 238.98648071 351.24102783
v 640.49835205 238.16015625 351.24102783
v 661.1595459 238.68395996 351.24102783
v 681.82080078 238.56611633 351.24102783
v 702.48205566 238.0302124 351.24102783
v 723.14331055 238.14575195 351.24102783
v 743.80450439 238.07408142 351.24102783
v -247.93484497 255.22746277 371.9022522
v -227.27360535 255.35415649 371.9022522
v -206.61236572 255.49343872 371.9022522
v -185.9511261 259.19924927 371.9022522
v -165.28988647 267.42697144 371.9022522
v -144.62866211 273.20800781 371.9022522
v -123.96742249 275.44335937 371.9022522
v -103.30618286 275.43673706 371.9022522
v -82.64494324 274.83297729 371.9022522
v -61.98371124 273.05377197 371.9022522
v -41.32247162 271.88903809 371.9022522
v -20.66123581 273.10964966 371.9022522
v 0 273.91720581 371.9022522
v 20.66123581 273.82751465 371.9022522
v 41.32247162 273.08361816 371.9022522
v 61.98371124 271.30187988 371.9022522
v 82.64494324 268.97061157 371.9022522
v 103.30618286 265.36099243 371.9022522
v 123.96742249 261.07382202 371.9022522
v 144.62866211 258.46813965 371.9022522
v 165.28988647 257.32681274 371.9022522
v 185.9511261 255.76516724 371.9022522
v 206.61236572 253.92068481 371.9022522
v 227.27360535 252.90609741 371.9022522
v 247.93484497 253.83761597 371.9022522
v 268.59606934 257.818573 371.9022522
v 289.25732422 261.51373291 371.9022522
v 309.91854858 262.20941162 371.9022522
v 330.57977295 262.99420166 371.9022522
v 351.24102783 262.48410034 371.9022522
v 371.9022522 262.44302368 371.9022522
v 392.56350708 261.01455688 371.9022522
v 413.22473145 254.99209595 371.9022522
v 433.88595581 247.70822144 371.9022522
v 454.54721069 244.98944092 371.9022522
v 475.20843506 240.38739014 371.9022522
v 495.86968994 237.93162537 371.9022522
v 516.53094482 237.77139282 371.9022522
v 537.19213867 237.82514954 371.9022522
v 557.85339355 235.96037292 371.9022522
v 578.51464844 235.32981873 371.9022522
v 599.17584229 236.63909912 371.9022522
v 619.83709717 239.13954163 371.9022522
v 640.49835205 238.94859314 371.9022522
v 661.1595459 239.08880615 371.9022522
v 681.82080078 238.75469971 371.9022522
v 702.48205566 238.40065002 371.9022522
v 723.14331055 238.32203674 371.9022522
v 743.80450439 238.22917175 371.9022522
v -247.93484497 255.54534912 392.56350708
v -227.27360535 255.65281677 392.56350708
v -206.61236572 256.34634399 392.56350708
v -185.9511261 261.57824707 392.56350708
v -165.28988647 269.55728149 392.56350708
v -144.62866211 274.52682495 392.56350708
v -123.96742249 276.89944458 392.56350708
v -103.30618286 276.76010132 392.56350708
v -82.64494324 276.11499023 392.56350708
v -61.98371124 274.02536011 392.56350708
v -41.32247162 272.88717651 392.56350708
v -20.66123581 273.83233643 392.56350708
v 0 274.69180298 392.56350708
v 20.66123581 274.18630981 392.56350708
v 41.32247162 273.93518066 392.56350708
v 61.98371124 272.23928833 392.56350708
v 82.64494324 270.25979614 392.56350708
v 103.30618286 266.83792114 392.56350708
v 123.96742249 263.54272461 392.56350708
v 144.62866211 262.09927368 392.56350708
v 165.28988647 260.70611572 392.56350708
v 185.9511261 259.32995605 392.56350708
v 206.61236572 256.98852539 392.56350708
v 227.27360535 254.82733154 392.56350708
v 247.93484497 254.08633423 392.56350708
v 268.59606934 255.82373047 392.56350708
v 289.25732422 260.52035522 392.56350708
v 309.91854858 262.5171814 392.56350708
v 330.57977295 263.83856201 392.56350708
v 351.24102783 262.87106323 392.56350708
v 371.9022522 262.05133057 392.56350708
v 392.56350708 259.80627441 392.56350708
v 413.22473145 256.08813477 392.56350708
v 433.88595581 254.58253479 392.56350708
v 454.54721069 253.25720215 392.56350708
v 475.20843506 248.13058472 392.56350708
v 495.86968994 241.02244568 392.56350708
v 516.53094482 237.8639679 392.56350708
v 537.19213867 237.73176575 392.56350708
v 557.85339355 237.48078918 392.56350708
v 578.51464844 236.17243958 392.56350708
v 599.17584229 236.18133545 392.56350708
v 619.83709717 239.01547241 392.56350708
v 640.49835205 239.35064697 392.56350708
v 661.1595459 239.15309143 392.56350708
v 681.82080078 238.70285034 392.56350708
v 702.48205566 238.18463135 392.56350708
v 723.14331055 237.66104126 392.56350708
v 743.80450439 237.58676147 392.56350708
v -247.93484497 255.95349121 413.22473145
v -227.27360535 256.12246704 413.22473145
v -206.61236572 259.30456543 413.22473145
v -185.9511261 266.74530029 413.22473145
v -165.28988647 272.59814453 413.22473145
v -144.62866211 276.38272095 413.22473145
v -123.96742249 278.42553711 413.22473145
v -103.30618286 278.18374634 413.22473145
v -82.64494324 277.49700928 413.22473145
v -61.98371124 275.77505493 413.22473145
v -41.32247162 274.11364746 413.22473145
v -20.66123581 274.70910645 413.22473145
v 0 275.54592896 413.22473145
v 20.66123581 275.62179565 413.22473145
v 41.32247162 275.41433716 413.22473145
v 61.98371124 273.78100586 413.22473145
v 82.64494324 272.06365967 413.22473145
v 103.30618286 269.33004761 413.22473145
v 123.96742249 267.38949585 413.22473145
v 144.62866211 266.22491455 413.22473145
v 165.28988647 264.27319336 413.22473145
v 185.9511261 262.25396729 413.22473145
v 206.61236572 259.86584473 413.22473145
v 227.27360535 257.25057983 413.22473145
v 247.93484497 255.6978302 413.22473145
v 268.59606934 256.96981812 413.22473145
v 289.25732422 260.57214355 413.22473145
v 309.91854858 262.51242065 413.22473145
v 330.57977295 263.46572876 413.22473145
v 351.24102783 262.85794067 413.22473145
v 371.9022522 262.04470825 413.22473145
v 392.56350708 262.01672363 413.22473145
v 413.22473145 262.27752686 413.22473145
v 433.88595581 261.91738892 413.22473145
v 454.54721069 259.51895142 413.22473145
v 475.20843506 254.79660034 413.22473145
v 495.86968994 248.09169006 413.22473145
v 516.53094482 240.95870972 413.22473145
v 537.19213867 237.91992187 413.22473145
v 557.85339355 237.68843079 413.22473145
v 578.51464844 237.81100464 413.22473145
v 599.17584229 236.63531494 413.22473145
v 619.83709717 237.78012085 413.22473145
v 640.49835205 239.33406067 413.22473145
v 661.1595459 239.21881104 413.22473145
v 681.82080078 238.31904602 413.22473145
v 702.48205566 237.46577454 413.22473145
v 723.14331055 237.23135376 413.22473145
v 743.80450439 237.4156189 413.22473145
v -247.93484497 256.56518555 433.88595581
v -227.27360535 257.84143066 433.88595581
v -206.61236572 264.76495361 433.88595581
v -185.9511261 270.73318481 433.88595581
v -165.28988647 275.09173584 433.88595581
v -144.62866211 278.61566162 433.88595581
v -123.96742249 280.01751709 433.88595581
v -103.30618286 279.64260864 433.88595581
v -82.64494324 278.81228638 433.88595581
v -61.98371124 277.2947998 433.88595581
v -41.32247162 275.24502563 433.88595581
v -20.66123581 275.6519165 433.88595581
v 0 276.88641357 433.88595581
v 20.66123581 277.08135986 433.88595581
v 41.32247162 276.66873169 433.88595581
v 61.98371124 275.65859985 433.88595581
v 82.64494324 274.2925415 433.88595581
v 103.30618286 272.15112305 433.88595581
v 123.96742249 270.38876343 433.88595581
v 144.62866211 268.71029663 433.88595581
v 165.28988647 266.78555298 433.88595581
v 185.9511261 264.14505005 433.88595581
v 206.61236572 261.07196045 433.88595581
v 227.27360535 258.99282837 433.88595581
v 247.93484497 258.809021 433.88595581
v 268.59606934 259.07540894 433.88595581
v 289.25732422 260.12054443 433.88595581
v 309.91854858 262.57919312 433.88595581
v 330.57977295 263.57241821 433.88595581
v 351.24102783 264.44833374 433.88595581
v 371.9022522 264.56848145 433.88595581
v 392.56350708 264.51187134 433.88595581
v 413.22473145 265.29263306 433.88595581
v 433.88595581 265.86383057 433.88595581
v 454.54721069 263.79272461 433.88595581
v 475.20843506 260.19842529 433.88595581
v 495.86968994 254.46336365 433.88595581
v 516.53094482 248.26243591 433.88595581
v 537.19213867 241.40133667 433.88595581
v 557.85339355 237.9670105 433.88595581
v 578.51464844 237.71382141 433.88595581
v 599.17584229 237.76901245 433.88595581
v 619.83709717 236.71313477 433.88595581
v 640.49835205 237.62026978 433.88595581
v 661.1595459 238.97581482 433.88595581
v 681.82080078 238.11579895 433.88595581
v 702.48205566 237.65362549 433.88595581
v 723.14331055 237.60256958 433.88595581
v 743.80450439 237.59327698 433.88595581
v -247.93484497 258.57015991 454.54721069
v -227.27360535 263.26986694 454.54721069
v -206.61236572 270.74700928 454.54721069
v -185.9511261 275.32409668 454.54721069
v -165.28988647 278.69064331 454.54721069
v -144.62866211 281.39901733 454.54721069
v -123.96742249 281.53103638 454.54721069
v -103.30618286 280.79626465 454.54721069
v -82.64494324 279.89743042 454.54721069
v -61.98371124 279.02838135 454.54721069
v -41.32247162 276.84860229 454.54721069
v -20.66123581 276.54394531 454.54721069
v 0 277.86630249 454.54721069
v 20.66123581 278.20385742 454.54721069
v 41.32247162 277.98086548 454.54721069
v 61.98371124 277.12197876 454.54721069
v 82.64494324 275.7741394 454.54721069
v 103.30618286 273.9899292 454.54721069
v 123.96742249 272.87139893 454.54721069
v 144.62866211 270.62463379 454.54721069
v 165.28988647 267.59439087 454.54721069
v 185.9511261 264.24328613 454.54721069
v 206.61236572 261.01544189 454.54721069
v 227.27360535 259.43429565 454.54721069
v 247.93484497 259.50076294 454.54721069
v 268.59606934 259.84671021 454.54721069
v 289.25732422 261.73345947 454.54721069
v 309.91854858 263.39938354 454.54721069
v 330.57977295 264.55758667 454.54721069
v 351.24102783 265.58267212 454.54721069
v 371.9022522 265.71438599 454.54721069
v 392.56350708 266.6552124 454.54721069
v 413.22473145 268.57678223 454.54721069
v 433.88595581 268.9185791 454.54721069
v 454.54721069 267.37875366 454.54721069
v 475.20843506 264.98345947 454.54721069
v 495.86968994 261.06365967 454.54721069
v 516.53094482 255.34431458 454.54721069
v 537.19213867 249.28465271 454.54721069
v 557.85339355 241.75732422 454.54721069
v 578.51464844 237.89666748 454.54721069
v 599.17584229 237.67796326 454.54721069
v 619.83709717 237.85757446 454.54721069
v 640.49835205 236.62034607 454.54721069
v 661.1595459 237.54066467 454.54721069
v 681.82080078 238.22796631 454.54721069
v 702.48205566 237.71656799 454.54721069
v 723.14331055 237.62759399 454.54721069
v 743.80450439 237.57751465 454.54721069
v -247.93484497 264.50296021 475.20843506
v -227.27360535 269.66452026 475.20843506
v -206.61236572 275.93804932 475.20843506
v -185.9511261 281.11721802 475.20843506
v -165.28988647 283.30603027 475.20843506
v -144.62866211 283.47192383 475.20843506
v -123.96742249 282.67999268 475.20843506
v -103.30618286 281.70596313 475.20843506
v -82.64494324 280.75686646 475.20843506
v -61.98371124 280.02624512 475.20843506
v -41.32247162 278.36602783 475.20843506
v -20.66123581 277.40936279 475.20843506
v 0 278.43209839 475.20843506
v 20.66123581 279.08535767 475.20843506
v 41.32247162 279.04904175 475.20843506
v 61.98371124 278.275177 475.20843506
v 82.64494324 276.99163818 475.20843506
v 103.30618286 275.82150269 475.20843506
v 123.96742249 274.40716553 475.20843506
v 144.62866211 272.11016846 475.20843506
v 165.28988647 268.56848145 475.20843506
v 185.9511261 264.48025513 475.20843506
v 206.61236572 260.78323364 475.20843506
v 227.27360535 259.83383179 475.20843506
v 247.93484497 259.81735229 475.20843506
v 268.59606934 260.97305298 475.20843506
v 289.25732422 263.66085815 475.20843506
v 309.91854858 264.47158813 475.20843506
v 330.57977295 265.64349365 475.20843506
v 351.24102783 266.77203369 475.20843506
v 371.9022522 267.50140381 475.20843506
v 392.56350708 268.77862549 475.20843506
v 413.22473145 270.01379395 475.20843506
v 433.88595581 269.48144531 475.20843506
v 454.54721069 269.02841187 475.20843506
v 475.20843506 268.26138306 475.20843506
v 495.86968994 266.82519531 475.20843506
v 516.53094482 262.35498047 475.20843506
v 537.19213867 256.10281372 475.20843506
v 557.85339355 249.43547058 475.20843506
v 578.51464844 241.20857239 475.20843506
v 599.17584229 237.76445007 475.20843506
v 619.83709717 237.71751404 475.20843506
v 640.49835205 237.84851074 475.20843506
v 661.1595459 236.68223572 475.20843506
v 681.82080078 237.67224121 475.20843506
v 702.48205566 238.43843079 475.20843506
v 723.14331055 238.00730896 475.20843506
v 743.80450439 237.83726501 475.20843506
v -247.93484497 270.10845947 495.86968994
v -227.27360535 274.06668091 495.86968994
v -206.61236572 279.74221802 495.86968994
v -185.9511261 283.60952759 495.86968994
v -165.28988647 283.91879272 495.86968994
v -144.62866211 283.81066895 495.86968994
v -123.96742249 283.38247681 495.86968994
v -103.30618286 282.39239502 495.86968994
v -82.64494324 281.62362671 495.86968994
v -61.98371124 281.0350647 495.86968994
v -41.32247162 279.64828491 495.86968994
v -20.66123581 278.42584229 495.86968994
v 0 278.74475098 495.86968994
v 20.66123581 279.86465454 495.86968994
v 41.32247162 280.16217041 495.86968994
v 61.98371124 279.50588989 495.86968994
v 82.64494324 278.47671509 495.86968994
v 103.30618286 277.11193848 495.86968994
v 123.96742249 275.50128174 495.86968994
v 144.62866211 272.12438965 495.86968994
v 165.28988647 267.58435059 495.86968994
v 185.9511261 262.95480347 495.86968994
v 206.61236572 260.38607788 495.86968994
v 227.27360535 260.54492187 495.86968994
v 247.93484497 261.06335449 495.86968994
v 268.59606934 262.80932617 495.86968994
v 289.25732422 264.58233643 495.86968994
v 309.91854858 265.55447388 495.86968994
v 330.57977295 267.62771606 495.86968994
v 351.24102783 268.74606323 495.86968994
v 371.9022522 270.07470703 495.86968994
v 392.56350708 270.65530396 495.86968994
v 413.22473145 270.64620972 495.86968994
v 433.88595581 270.16467285 495.86968994
v 454.54721069 269.07095337 495.86968994
v 475.20843506 268.86404419 495.86968994
v 495.86968994 268.93048096 495.86968994
v 516.53094482 267.45001221 495.86968994
v 537.19213867 262.52655029 495.86968994
v 557.85339355 256.24694824 495.86968994
v 578.51464844 248.76289368 495.86968994
v 599.17584229 240.00520325 495.86968994
v 619.83709717 237.68655396 495.86968994
v 640.49835205 237.74720764 495.86968994
v 661.1595459 237.87278748 495.86968994
v 681.82080078 236.68991089 495.86968994
v 702.48205566 237.82400513 495.86968994
v 723.14331055 238.84547424 495.86968994
v 743.80450439 238.07522583 495.86968994
v -247.93484497 273.19107056 516.53094482
v -227.27360535 276.41012573 516.53094482
v -206.61236572 280.68411255 516.53094482
v -185.9511261 283.64672852 516.53094482
v -165.28988647 284.1701355 516.53094482
v -144.62866211 283.98699951 516.53094482
v -123.96742249 283.18334961 516.53094482
v -103.30618286 282.55682373 516.53094482
v -82.64494324 282.2699585 516.53094482
v -61.98371124 281.81051636 516.53094482
v -41.32247162 280.74966431 516.53094482
v -20.66123581 279.63934326 516.53094482
v 0 279.17373657 516.53094482
v 20.66123581 280.40188599 516.53094482
v 41.32247162 281.30160522 516.53094482
v 61.98371124 280.98730469 516.53094482
v 82.64494324 279.95184326 516.53094482
v 103.30618286 278.14816284 516.53094482
v 123.96742249 276.4197998 516.53094482
v 144.62866211 272.07125854 516.53094482
v 165.28988647 265.86862183 516.53094482
v 185.9511261 261.56610107 516.53094482
v 206.61236572 260.42269897 516.53094482
v 227.27360535 260.96981812 516.53094482
v 247.93484497 262.00323486 516.53094482
v 268.59606934 264.29504395 516.53094482
v 289.25732422 265.54598999 516.53094482
v 309.91854858 267.05343628 516.53094482
v 330.57977295 269.97167969 516.53094482
v 351.24102783 271.40881348 516.53094482
v 371.9022522 272.27383423 516.53094482
v 392.56350708 273.20965576 516.53094482
v 413.22473145 273.18063354 516.53094482
v 433.88595581 271.68661499 516.53094482
v 454.54721069 270.80221558 516.53094482
v 475.20843506 269.48187256 516.53094482
v 495.86968994 269.11746216 516.53094482
v 516.53094482 268.57940674 516.53094482
v 537.19213867 264.6277771 516.53094482
v 557.85339355 259.71472168 516.53094482
v 578.51464844 253.94099426 516.53094482
v 599.17584229 246.03477478 516.53094482
v 619.83709717 238.94836426 516.53094482
v 640.49835205 237.66325378 516.53094482
v 661.1595459 237.76077271 516.53094482
v 681.82080078 237.85273743 516.53094482
v 702.48205566 236.72877502 516.53094482
v 723.14331055 237.31030273 516.53094482
v 743.80450439 237.04917908 516.53094482
v -247.93484497 272.11846924 537.19213867
v -227.27360535 274.09732056 537.19213867
v -206.61236572 277.20046997 537.19213867
v -185.9511261 280.09173584 537.19213867
v -165.28988647 282.24987793 537.19213867
v -144.62866211 282.95629883 537.19213867
v -123.96742249 282.01324463 537.19213867
v -103.30618286 282.00683594 537.19213867
v -82.64494324 282.3812561 537.19213867
v -61.98371124 282.77008057 537.19213867
v -41.32247162 282.19226074 537.19213867
v -20.66123581 281.18417358 537.19213867
v 0 280.00564575 537.19213867
v 20.66123581 280.7244873 537.19213867
v 41.32247162 281.93066406 537.19213867
v 61.98371124 281.92837524 537.19213867
v 82.64494324 280.83065796 537.19213867
v 103.30618286 279.02416992 537.19213867
v 123.96742249 276.72149658 537.19213867
v 144.62866211 271.89337158 537.19213867
v 165.28988647 265.44165039 537.19213867
v 185.9511261 262.02581787 537.19213867
v 206.61236572 260.83883667 537.19213867
v 227.27360535 262.89227295 537.19213867
v 247.93484497 264.87625122 537.19213867
v 268.59606934 265.94134521 537.19213867
v 289.25732422 267.1149292 537.19213867
v 309.91854858 269.39968872 537.19213867
v 330.57977295 272.52346802 537.19213867
v 351.24102783 274.26760864 537.19213867
v 371.9022522 274.64862061 537.19213867
v 392.56350708 274.912323 537.19213867
v 413.22473145 274.86834717 537.19213867
v 433.88595581 275.07913208 537.19213867
v 454.54721069 274.92208862 537.19213867
v 475.20843506 272.13778687 537.19213867
v 495.86968994 269.70205688 537.19213867
v 516.53094482 269.10025024 537.19213867
v 537.19213867 266.92300415 537.19213867
v 557.85339355 263.45895386 537.19213867
v 578.51464844 259.01806641 537.19213867
v 599.17584229 251.92127991 537.19213867
v 619.83709717 243.63247681 537.19213867
v 640.49835205 238.32626343 537.19213867
v 661.1595459 237.65090942 537.19213867
v 681.82080078 237.73933411 537.19213867
v 702.48205566 238.05276489 537.19213867
v 723.14331055 238.44250488 537.19213867
v 743.80450439 238.36080933 537.19213867
v -247.93484497 268.82144165 557.85339355
v -227.27360535 270.29666138 557.85339355
v -206.61236572 272.74624634 557.85339355
v -185.9511261 275.36685181 557.85339355
v -165.28988647 277.4604187 557.85339355
v -144.62866211 279.08639526 557.85339355
v -123.96742249 280.13687134 557.85339355
v -103.30618286 280.86135864 557.85339355
v -82.64494324 282.04501343 557.85339355
v -61.98371124 283.19702148 557.85339355
v -41.32247162 283.33181763 557.85339355
v -20.66123581 282.61901855 557.85339355
v 0 281.11184692 557.85339355
v 20.66123581 281.62252808 557.85339355
v 41.32247162 282.62567139 557.85339355
v 61.98371124 282.92105103 557.85339355
v 82.64494324 281.89678955 557.85339355
v 103.30618286 279.6184082 557.85339355
v 123.96742249 276.99127197 557.85339355
v 144.62866211 272.54925537 557.85339355
v 165.28988647 266.58270264 557.85339355
v 185.9511261 262.6668396 557.85339355
v 206.61236572 261.75006104 557.85339355
v 227.27360535 265.92230225 557.85339355
v 247.93484497 266.96578979 557.85339355
v 268.59606934 267.45257568 557.85339355
v 289.25732422 269.07247925 557.85339355
v 309.91854858 272.30038452 557.85339355
v 330.57977295 275.1725769 557.85339355
v 351.24102783 276.50665283 557.85339355
v 371.9022522 277.04949951 557.85339355
v 392.56350708 277.18774414 557.85339355
v 413.22473145 276.64135742 557.85339355
v 433.88595581 276.07940674 557.85339355
v 454.54721069 276.00119019 557.85339355
v 475.20843506 275.37384033 557.85339355
v 495.86968994 272.36700439 557.85339355
v 516.53094482 269.58334351 557.85339355
v 537.19213867 268.98272705 557.85339355
v 557.85339355 267.10580444 557.85339355
v 578.51464844 263.65100098 557.85339355
v 599.17584229 257.24160767 557.85339355
v 619.83709717 249.86390686 557.85339355
v 640.49835205 241.95619202 557.85339355
v 661.1595459 238.0091095 557.85339355
v 681.82080078 237.64836121 557.85339355
v 702.48205566 237.71046448 557.85339355
v 723.14331055 238.24954224 557.85339355
v 743.80450439 238.4044342 557.85339355
v -247.93484497 266.10241699 578.51464844
v -227.27360535 267.69967651 578.51464844
v -206.61236572 270.04013062 578.51464844
v -185.9511261 272.5690918 578.51464844
v -165.28988647 274.83627319 578.51464844
v -144.62866211 277.11587524 578.51464844
v -123.96742249 279.27047729 578.51464844
v -103.30618286 280.90576172 578.51464844
v -82.64494324 282.6729126 578.51464844
v -61.98371124 283.69372559 578.51464844
v -41.32247162 284.16055298 578.51464844
v -20.66123581 283.62747192 578.51464844
v 0 282.37265015 578.51464844
v 20.66123581 282.85409546 578.51464844
v 41.32247162 283.52944946 578.51464844
v 61.98371124 283.6270752 578.51464844
v 82.64494324 282.05380249 578.51464844
v 103.30618286 279.03479004 578.51464844
v 123.96742249 276.88717651 578.51464844
v 144.62866211 272.39212036 578.51464844
v 165.28988647 266.78787231 578.51464844
v 185.9511261 263.12835693 578.51464844
v 206.61236572 262.71789551 578.51464844
v 227.27360535 266.35110474 578.51464844
v 247.93484497 267.16552734 578.51464844
v 268.59606934 268.39352417 578.51464844
v 289.25732422 272.07043457 578.51464844
v 309.91854858 275.75473022 578.51464844
v 330.57977295 277.55801392 578.51464844
v 351.24102783 278.74258423 578.51464844
v 371.9022522 279.26748657 578.51464844
v 392.56350708 279.09820557 578.51464844
v 413.22473145 278.69464111 578.51464844
v 433.88595581 277.60458374 578.51464844
v 454.54721069 276.35565186 578.51464844
v 475.20843506 276.02279663 578.51464844
v 495.86968994 275.418396 578.51464844
v 516.53094482 272.69998169 578.51464844
v 537.19213867 270.05874634 578.51464844
v 557.85339355 268.42596436 578.51464844
v 578.51464844 265.11853027 578.51464844
v 599.17584229 260.38012695 578.51464844
v 619.83709717 254.14335632 578.51464844
v 640.49835205 246.63983154 578.51464844
v 661.1595459 240.09138489 578.51464844
v 681.82080078 237.87068176 578.51464844
v 702.48205566 237.69390869 578.51464844
v 723.14331055 238.00447083 578.51464844
v 743.80450439 238.38595581 578.51464844
v -247.93484497 265.36453247 599.17584229
v -227.27360535 266.96707153 599.17584229
v -206.61236572 270.01361084 599.17584229
v -185.9511261 272.93722534 599.17584229
v -165.28988647 275.27191162 599.17584229
v -144.62866211 277.92883301 599.17584229
v -123.96742249 279.88827515 599.17584229
v -103.30618286 281.9513855 599.17584229
v -82.64494324 284.4239502 599.17584229
v -61.98371124 285.92840576 599.17584229
v -41.32247162 285.74407959 599.17584229
v -20.66123581 284.7644043 599.17584229
v 0 284.41171265 599.17584229
v 20.66123581 284.08050537 599.17584229
v 41.32247162 284.49475098 599.17584229
v 61.98371124 284.03656006 599.17584229
v 82.64494324 282.13995361 599.17584229
v 103.30618286 278.08633423 599.17584229
v 123.96742249 274.45825195 599.17584229
v 144.62866211 270.43609619 599.17584229
v 165.28988647 265.45880127 599.17584229
v 185.9511261 262.75280762 599.17584229
v 206.61236572 263.54385376 599.17584229
v 227.27360535 266.18493652 599.17584229
v 247.93484497 267.78808594 599.17584229
v 268.59606934 270.03518677 599.17584229
v 289.25732422 275.359375 599.17584229
v 309.91854858 278.51608276 599.17584229
v 330.57977295 280.08105469 599.17584229
v 351.24102783 280.82989502 599.17584229
v 371.9022522 280.97418213 599.17584229
v 392.56350708 280.67446899 599.17584229
v 413.22473145 279.95739746 599.17584229
v 433.88595581 279.13641357 599.17584229
v 454.54721069 277.39453125 599.17584229
v 475.20843506 276.37689209 599.17584229
v 495.86968994 275.97280884 599.17584229
v 516.53094482 274.76055908 599.17584229
v 537.19213867 270.82958984 599.17584229
v 557.85339355 267.72549438 599.17584229
v 578.51464844 264.15945435 599.17584229
v 599.17584229 259.70303345 599.17584229
v 619.83709717 254.47108459 599.17584229
v 640.49835205 248.48123169 599.17584229
v 661.1595459 242.72631836 599.17584229
v 681.82080078 239.22396851 599.17584229
v 702.48205566 237.9418335 599.17584229
v 723.14331055 237.74497986 599.17584229
v 743.80450439 237.94932556 599.17584229
v -247.93484497 264.71347046 619.83709717
v -227.27360535 266.82952881 619.83709717
v -206.61236572 270.2381897 619.83709717
v -185.9511261 273.21057129 619.83709717
v -165.28988647 276.00003052 619.83709717
v -144.62866211 278.38739014 619.83709717
v -123.96742249 280.8732605 619.83709717
v -103.30618286 283.73571777 619.83709717
v -82.64494324 285.95428467 619.83709717
v -61.98371124 287.71115112 619.83709717
v -41.32247162 286.9664917 619.83709717
v -20.66123581 286.1968689 619.83709717
v 0 286.72912598 619.83709717
v 20.66123581 285.33660889 619.83709717
v 41.32247162 285.25933838 619.83709717
v 61.98371124 283.83599854 619.83709717
v 82.64494324 281.89703369 619.83709717
v 103.30618286 275.45062256 619.83709717
v 123.96742249 270.77124023 619.83709717
v 144.62866211 266.91384888 619.83709717
v 165.28988647 263.74349976 619.83709717
v 185.9511261 264.9982605 619.83709717
v 206.61236572 269.79064941 619.83709717
v 227.27360535 270.76223755 619.83709717
v 247.93484497 270.6315918 619.83709717
v 268.59606934 271.96734619 619.83709717
v 289.25732422 277.62832642 619.83709717
v 309.91854858 281.08828735 619.83709717
v 330.57977295 282.33325195 619.83709717
v 351.24102783 282.62277222 619.83709717
v 371.9022522 282.38574219 619.83709717
v 392.56350708 281.79168701 619.83709717
v 413.22473145 281.0559082 619.83709717
v 433.88595581 280.40222168 619.83709717
v 454.54721069 279.45452881 619.83709717
v 475.20843506 277.60842896 619.83709717
v 495.86968994 276.07815552 619.83709717
v 516.53094482 273.46759033 619.83709717
v 537.19213867 269.24163818 619.83709717
v 557.85339355 264.70001221 619.83709717
v 578.51464844 260.69107056 619.83709717
v 599.17584229 256.48095703 619.83709717
v 619.83709717 251.5932312 619.83709717
v 640.49835205 246.72869873 619.83709717
v 661.1595459 243.3795166 619.83709717
v 681.82080078 243.33303833 619.83709717
v 702.48205566 240.89759827 619.83709717
v 723.14331055 237.95417786 619.83709717
v 743.80450439 237.69136047 619.83709717
v -247.93484497 264.42156982 640.49835205
v -227.27360535 266.50375366 640.49835205
v -206.61236572 269.50863647 640.49835205
v -185.9511261 271.55783081 640.49835205
v -165.28988647 274.76364136 640.49835205
v -144.62866211 277.35705566 640.49835205
v -123.96742249 280.85968018 640.49835205
v -103.30618286 285.05712891 640.49835205
v -82.64494324 287.19076538 640.49835205
v -61.98371124 288.07611084 640.49835205
v -41.32247162 287.55853271 640.49835205
v -20.66123581 288.58743286 640.49835205
v 0 289.1578064 640.49835205
v 20.66123581 286.7666626 640.49835205
v 41.32247162 285.67236328 640.49835205
v 61.98371124 282.02474976 640.49835205
v 82.64494324 276.88793945 640.49835205
v 103.30618286 271.70822144 640.49835205
v 123.96742249 268.22021484 640.49835205
v 144.62866211 264.68710327 640.49835205
v 165.28988647 264.37768555 640.49835205
v 185.9511261 269.74581909 640.49835205
v 206.61236572 271.65853882 640.49835205
v 227.27360535 271.59326172 640.49835205
v 247.93484497 272.35839844 640.49835205
v 268.59606934 273.98452759 640.49835205
v 289.25732422 280.43936157 640.49835205
v 309.91854858 283.72796631 640.49835205
v 330.57977295 284.34002686 640.49835205
v 351.24102783 284.159729 640.49835205
v 371.9022522 283.6892395 640.49835205
v 392.56350708 282.9956665 640.49835205
v 413.22473145 282.06643677 640.49835205
v 433.88595581 281.2321167 640.49835205
v 454.54721069 280.10055542 640.49835205
v 475.20843506 278.45474243 640.49835205
v 495.86968994 275.92694092 640.49835205
v 516.53094482 272.37319946 640.49835205
v 537.19213867 267.2381897 640.49835205
v 557.85339355 261.60397339 640.49835205
v 578.51464844 257.09973145 640.49835205
v 599.17584229 252.70367432 640.49835205
v 619.83709717 248.11209106 640.49835205
v 640.49835205 245.17082214 640.49835205
v 661.1595459 247.17558289 640.49835205
v 681.82080078 251.23065186 640.49835205
v 702.48205566 249.24967957 640.49835205
v 723.14331055 241.42140198 640.49835205
v 743.80450439 237.94075012 640.49835205
v -247.93484497 264.5118103 661.1595459
v -227.27360535 265.54180908 661.1595459
v -206.61236572 267.73434448 661.1595459
v -185.9511261 269.52975464 661.1595459
v -165.28988647 272.52191162 661.1595459
v -144.62866211 276.75238037 661.1595459
v -123.96742249 281.30673218 661.1595459
v -103.30618286 286.49472046 661.1595459
v -82.64494324 288.45785522 661.1595459
v -61.98371124 288.31555176 661.1595459
v -41.32247162 288.43087769 661.1595459
v -20.66123581 290.662323 661.1595459
v 0 290.29116821 661.1595459
v 20.66123581 287.40423584 661.1595459
v 41.32247162 284.45758057 661.1595459
v 61.98371124 279.23556519 661.1595459
v 82.64494324 273.23168945 661.1595459
v 103.30618286 268.94873047 661.1595459
v 123.96742249 266.23095703 661.1595459
v 144.62866211 264.26428223 661.1595459
v 165.28988647 266.13287354 661.1595459
v 185.9511261 270.62786865 661.1595459
v 206.61236572 272.14816284 661.1595459
v 227.27360535 273.92575073 661.1595459
v 247.93484497 277.26919556 661.1595459
v 268.59606934 277.62243652 661.1595459
v 289.25732422 283.20462036 661.1595459
v 309.91854858 285.21469116 661.1595459
v 330.57977295 285.7177124 661.1595459
v 351.24102783 285.58972168 661.1595459
v 371.9022522 285.04504395 661.1595459
v 392.56350708 284.39828491 661.1595459
v 413.22473145 283.00405884 661.1595459
v 433.88595581 281.81347656 661.1595459
v 454.54721069 280.49313354 661.1595459
v 475.20843506 278.334198 661.1595459
v 495.86968994 275.55065918 661.1595459
v 516.53094482 271.31900024 661.1595459
v 537.19213867 264.94815063 661.1595459
v 557.85339355 259.09494019 661.1595459
v 578.51464844 253.88734436 661.1595459
v 599.17584229 249.51591492 661.1595459
v 619.83709717 247.47750854 661.1595459
v 640.49835205 249.6530304 661.1595459
v 661.1595459 253.92910767 661.1595459
v 681.82080078 256.71417236 661.1595459
v 702.48205566 256.63067627 661.1595459
v 723.14331055 249.44537354 661.1595459
v 743.80450439 240.53036499 661.1595459
v -247.93484497 263.70449829 681.82080078
v -227.27360535 264.83026123 681.82080078
v -206.61236572 266.09277344 681.82080078
v -185.9511261 267.78747559 681.82080078
v -165.28988647 271.20141602 681.82080078
v -144.62866211 276.7137146 681.82080078
v -123.96742249 282.41357422 681.82080078
v -103.30618286 287.6685791 681.82080078
v -82.64494324 288.61141968 681.82080078
v -61.98371124 288.3973999 681.82080078
v -41.32247162 288.97055054 681.82080078
v -20.66123581 290.66247559 681.82080078
v 0 289.79193115 681.82080078
v 20.66123581 286.86990356 681.82080078
v 41.32247162 283.03201294 681.82080078
v 61.98371124 276.74597168 681.82080078
v 82.64494324 270.94064331 681.82080078
v 103.30618286 266.59527588 681.82080078
v 123.96742249 264.70629883 681.82080078
v 144.62866211 265.00003052 681.82080078
v 165.28988647 267.39852905 681.82080078
v 185.9511261 270.91043091 681.82080078
v 206.61236572 275.021698 681.82080078
v 227.27360535 278.97912598 681.82080078
v 247.93484497 281.79608154 681.82080078
v 268.59606934 281.04541016 681.82080078
v 289.25732422 285.32189941 681.82080078
v 309.91854858 286.52682495 681.82080078
v 330.57977295 286.74255371 681.82080078
v 351.24102783 286.60076904 681.82080078
v 371.9022522 285.88607788 681.82080078
v 392.56350708 285.20315552 681.82080078
v 413.22473145 283.66558838 681.82080078
v 433.88595581 282.25268555 681.82080078
v 454.54721069 280.46374512 681.82080078
v 475.20843506 277.36138916 681.82080078
v 495.86968994 273.95336914 681.82080078
v 516.53094482 269.25952148 681.82080078
v 537.19213867 262.98599243 681.82080078
v 557.85339355 256.64541626 681.82080078
v 578.51464844 251.23937988 681.82080078
v 599.17584229 250.06008911 681.82080078
v 619.83709717 252.37722778 681.82080078
v 640.49835205 255.6085968 681.82080078
v 661.1595459 258.59967041 681.82080078
v 681.82080078 260.52911377 681.82080078
v 702.48205566 260.61419678 681.82080078
v 723.14331055 257.31884766 681.82080078
v 743.80450439 247.90809631 681.82080078
v -247.93484497 264.48117065 702.48205566
v -227.27360535 263.81542969 702.48205566
v -206.61236572 264.85870361 702.48205566
v -185.9511261 266.76516724 702.48205566
v -165.28988647 269.42605591 702.48205566
v -144.62866211 275.30456543 702.48205566
v -123.96742249 281.76724243 702.48205566
v -103.30618286 286.90170288 702.48205566
v -82.64494324 288.32974243 702.48205566
v -61.98371124 288.1569519 702.48205566
v -41.32247162 288.63522339 702.48205566
v -20.66123581 290.03875732 702.48205566
v 0 288.72814941 702.48205566
v 20.66123581 285.11087036 702.48205566
v 41.32247162 280.41256714 702.48205566
v 61.98371124 274.87512207 702.48205566
v 82.64494324 269.52575684 702.48205566
v 103.30618286 265.63873291 702.48205566
v 123.96742249 265.72631836 702.48205566
v 144.62866211 268.14923096 702.48205566
v 165.28988647 270.70776367 702.48205566
v 185.9511261 274.66223145 702.48205566
v 206.61236572 279.38586426 702.48205566
v 227.27360535 282.63418579 702.48205566
v 247.93484497 284.17260742 702.48205566
v 268.59606934 283.48233032 702.48205566
v 289.25732422 286.30264282 702.48205566
v 309.91854858 286.86761475 702.48205566
v 330.57977295 287.07098389 702.48205566
v 351.24102783 286.82196045 702.48205566
v 371.9022522 285.91793823 702.48205566
v 392.56350708 285.01174927 702.48205566
v 413.22473145 283.65722656 702.48205566
v 433.88595581 281.55718994 702.48205566
v 454.54721069 278.68386841 702.48205566
v 475.20843506 275.39141846 702.48205566
v 495.86968994 271.46606445 702.48205566
v 516.53094482 266.56066895 702.48205566
v 537.19213867 260.73440552 702.48205566
v 557.85339355 254.72076416 702.48205566
v 578.51464844 251.72781372 702.48205566
v 599.17584229 254.2885437 702.48205566
v 619.83709717 257.16098022 702.48205566
v 640.49835205 260.03305054 702.48205566
v 661.1595459 263.00280762 702.48205566
v 681.82080078 264.63531494 702.48205566
v 702.48205566 264.15957642 702.48205566
v 723.14331055 262.47241211 702.48205566
v 743.80450439 257.07791138 702.48205566
v -247.93484497 268.09286499 723.14331055
v -227.27360535 266.45376587 723.14331055
v -206.61236572 265.63583374 723.14331055
v -185.9511261 266.9758606 723.14331055
v -165.28988647 268.63101196 723.14331055
v -144.62866211 273.55935669 723.14331055
v -123.96742249 279.39453125 723.14331055
v -103.30618286 283.6774292 723.14331055
v -82.64494324 286.45657349 723.14331055
v -61.98371124 287.49417114 723.14331055
v -41.32247162 287.9793396 723.14331055
v -20.66123581 288.30603027 723.14331055
v 0 287.23867798 723.14331055
v 20.66123581 283.60818481 723.14331055
v 41.32247162 278.82504272 723.14331055
v 61.98371124 273.61465454 723.14331055
v 82.64494324 268.70840454 723.14331055
v 103.30618286 266.27935791 723.14331055
v 123.96742249 268.07373047 723.14331055
v 144.62866211 271.21292114 723.14331055
v 165.28988647 274.71295166 723.14331055
v 185.9511261 278.12954712 723.14331055
v 206.61236572 281.54797363 723.14331055
v 227.27360535 283.65951538 723.14331055
v 247.93484497 284.87484741 723.14331055
v 268.59606934 285.06304932 723.14331055
v 289.25732422 286.43121338 723.14331055
v 309.91854858 286.61871338 723.14331055
v 330.57977295 286.79360962 723.14331055
v 351.24102783 286.49429321 723.14331055
v 371.9022522 285.47518921 723.14331055
v 392.56350708 284.27050781 723.14331055
v 413.22473145 282.20690918 723.14331055
v 433.88595581 279.18215942 723.14331055
v 454.54721069 276.09542847 723.14331055
v 475.20843506 272.54690552 723.14331055
v 495.86968994 268.13220215 723.14331055
v 516.53094482 263.60232544 723.14331055
v 537.19213867 258.21783447 723.14331055
v 557.85339355 253.74459839 723.14331055
v 578.51464844 255.45321655 723.14331055
v 599.17584229 258.97683716 723.14331055
v 619.83709717 262.23403931 723.14331055
v 640.49835205 265.36981201 723.14331055
v 661.1595459 267.62918091 723.14331055
v 681.82080078 268.4491272 723.14331055
v 702.48205566 267.76852417 723.14331055
v 723.14331055 266.27957153 723.14331055
v 743.80450439 263.08493042 723.14331055
v -247.93484497 269.80712891 743.80450439
v -227.27360535 268.48855591 743.80450439
v -206.61236572 268.12857056 743.80450439
v -185.9511261 268.02627563 743.80450439
v -165.28988647 268.75820923 743.80450439
v -144.62866211 272.44735718 743.80450439
v -123.96742249 277.03793335 743.80450439
v -103.30618286 282.26065063 743.80450439
v -82.64494324 285.78475952 743.80450439
v -61.98371124 286.98400879 743.80450439
v -41.32247162 287.57455444 743.80450439
v -20.66123581 287.64309692 743.80450439
v 0 286.6812439 743.80450439
v 20.66123581 282.85177612 743.80450439
v 41.32247162 278.29931641 743.80450439
v 61.98371124 273.3510437 743.80450439
v 82.64494324 269.05697632 743.80450439
v 103.30618286 266.68991089 743.80450439
v 123.96742249 267.88302612 743.80450439
v 144.62866211 270.87893677 743.80450439
v 165.28988647 274.76248169 743.80450439
v 185.9511261 278.8052063 743.80450439
v 206.61236572 282.56100464 743.80450439
v 227.27360535 285.35031128 743.80450439
v 247.93484497 286.35177612 743.80450439
v 268.59606934 286.0402832 743.80450439
v 289.25732422 286.35714722 743.80450439
v 309.91854858 286.30981445 743.80450439
v 330.57977295 286.26184082 743.80450439
v 351.24102783 285.57089233 743.80450439
v 371.9022522 284.10635376 743.80450439
v 392.56350708 281.94186401 743.80450439
v 413.22473145 279.31378174 743.80450439
v 433.88595581 276.06768799 743.80450439
v 454.54721069 272.55007935 743.80450439
v 475.20843506 268.71789551 743.80450439
v 495.86968994 264.49523926 743.80450439
v 516.53094482 260.33331299 743.80450439
v 537.19213867 255.8135376 743.80450439
v 557.85339355 255.57362366 743.80450439
v 578.51464844 260.15316772 743.80450439
v 599.17584229 264.39987183 743.80450439
v 619.83709717 268.49960327 743.80450439
v 640.49835205 271.42877197 743.80450439
v 661.1595459 271.9425354 743.80450439
v 681.82080078 271.73364258 743.80450439
v 702.48205566 270.90881348 743.80450439
v 723.14331055 269.22607422 743.80450439
v 743.80450439 266.74108887 743.80450439
v -247.93484497 270.41525269 764.46575928
v -227.27360535 269.6472168 764.46575928
v -206.61236572 269.03787231 764.46575928
v -185.9511261 268.54257202 764.46575928
v -165.28988647 269.08139038 764.46575928
v -144.62866211 271.64083862 764.46575928
v -123.96742249 274.8336792 764.46575928
v -103.30618286 281.43795776 764.46575928
v -82.64494324 285.88574219 764.46575928
v -61.98371124 287.17312622 764.46575928
v -41.32247162 287.64141846 764.46575928
v -20.66123581 287.6111145 764.46575928
v 0 286.73965454 764.46575928
v 20.66123581 283.2199707 764.46575928
v 41.32247162 278.890625 764.46575928
v 61.98371124 274.10986328 764.46575928
v 82.64494324 270.14120483 764.46575928
v 103.30618286 267.51394653 764.46575928
v 123.96742249 267.34555054 764.46575928
v 144.62866211 269.39660645 764.46575928
v 165.28988647 273.72744751 764.46575928
v 185.9511261 279.03152466 764.46575928
v 206.61236572 282.93508911 764.46575928
v 227.27360535 285.97488403 764.46575928
v 247.93484497 286.92022705 764.46575928
v 268.59606934 286.76824951 764.46575928
v 289.25732422 286.47036743 764.46575928
v 309.91854858 286.03109741 764.46575928
v 330.57977295 285.38253784 764.46575928
v 351.24102783 283.82687378 764.46575928
v 371.9022522 281.83737183 764.46575928
v 392.56350708 279.12240601 764.46575928
v 413.22473145 275.9894104 764.46575928
v 433.88595581 272.58447266 764.46575928
v 454.54721069 268.95327759 764.46575928
v 475.20843506 264.78207397 764.46575928
v 495.86968994 260.35385132 764.46575928
v 516.53094482 256.74069214 764.46575928
v 537.19213867 256.51123047 764.46575928
v 557.85339355 260.26309204 764.46575928
v 578.51464844 265.25100708 764.46575928
v 599.17584229 270.29266357 764.46575928
v 619.83709717 274.25054932 764.46575928
v 640.49835205 276.43606567 764.46575928
v 661.1595459 275.88882446 764.46575928
v 681.82080078 274.35800171 764.46575928
v 702.48205566 273.28933716 764.46575928
v 723.14331055 271.29376221 764.46575928
v 743.80450439 269.29577637 764.46575928
v -247.93484497 270.06832886 785.12701416
v -227.27360535 269.9367981 785.12701416
v -206.61236572 269.5223999 785.12701416
v -185.9511261 269.27191162 785.12701416
v -165.28988647 270.25531006 785.12701416
v -144.62866211 272.31948853 785.12701416
v -123.96742249 274.24493408 785.12701416
v -103.30618286 280.80609131 785.12701416
v -82.64494324 286.08187866 785.12701416
v -61.98371124 287.72451782 785.12701416
v -41.32247162 287.87658691 785.12701416
v -20.66123581 287.83395386 785.12701416
v 0 287.2645874 785.12701416
v 20.66123581 284.62615967 785.12701416
v 41.32247162 280.76864624 785.12701416
v 61.98371124 276.16571045 785.12701416
v 82.64494324 272.05117798 785.12701416
v 103.30618286 269.08444214 785.12701416
v 123.96742249 268.08129883 785.12701416
v 144.62866211 269.57229614 785.12701416
v 165.28988647 273.94467163 785.12701416
v 185.9511261 279.58111572 785.12701416
v 206.61236572 284.20617676 785.12701416
v 227.27360535 286.89920044 785.12701416
v 247.93484497 287.44818115 785.12701416
v 268.59606934 287.3739624 785.12701416
v 289.25732422 286.7840271 785.12701416
v 309.91854858 285.85122681 785.12701416
v 330.57977295 284.65039062 785.12701416
v 351.24102783 282.34963989 785.12701416
v 371.9022522 280.16687012 785.12701416
v 392.56350708 277.1416626 785.12701416
v 413.22473145 272.87997437 785.12701416
v 433.88595581 269.47311401 785.12701416
v 454.54721069 266.06976318 785.12701416
v 475.20843506 261.68490601 785.12701416
v 495.86968994 258.71777344 785.12701416
v 516.53094482 257.84924316 785.12701416
v 537.19213867 260.66360474 785.12701416
v 557.85339355 264.99899292 785.12701416
v 578.51464844 270.43515015 785.12701416
v 599.17584229 275.1519165 785.12701416
v 619.83709717 278.11199951 785.12701416
v 640.49835205 278.97665405 785.12701416
v 661.1595459 278.62649536 785.12701416
v 681.82080078 277.29229736 785.12701416
v 702.48205566 275.68658447 785.12701416
v 723.14331055 273.74151611 785.12701416
v 743.80450439 271.99786377 785.12701416
v -247.93484497 269.29364014 805.78820801
v -227.27360535 269.68585205 805.78820801
v -206.61236572 269.92230225 805.78820801
v -185.9511261 269.97683716 805.78820801
v -165.28988647 270.65463257 805.78820801
v -144.62866211 272.78060913 805.78820801
v -123.96742249 275.24435425 805.78820801
v -103.30618286 279.8729248 805.78820801
v -82.64494324 283.98257446 805.78820801
v -61.98371124 287.31509399 805.78820801
v -41.32247162 288.14450073 805.78820801
v -20.66123581 288.0824585 805.78820801
v 0 287.81201172 805.78820801
v 20.66123581 286.27859497 805.78820801
v 41.32247162 283.03930664 805.78820801
v 61.98371124 278.57635498 805.78820801
v 82.64494324 274.2980957 805.78820801
v 103.30618286 271.30285645 805.78820801
v 123.96742249 269.64474487 805.78820801
v 144.62866211 271.19052124 805.78820801
v 165.28988647 276.12258911 805.78820801
v 185.9511261 281.57501221 805.78820801
v 206.61236572 286.33908081 805.78820801
v 227.27360535 288.04345703 805.78820801
v 247.93484497 287.90692139 805.78820801
v 268.59606934 287.54959106 805.78820801
v 289.25732422 286.46774292 805.78820801
v 309.91854858 285.48526001 805.78820801
v 330.57977295 284.03842163 805.78820801
v 351.24102783 281.43618774 805.78820801
v 371.9022522 279.42492676 805.78820801
v 392.56350708 276.74307251 805.78820801
v 413.22473145 271.29425049 805.78820801
v 433.88595581 267.21566772 805.78820801
v 454.54721069 263.52984619 805.78820801
v 475.20843506 260.8449707 805.78820801
v 495.86968994 260.02609253 805.78820801
v 516.53094482 260.97607422 805.78820801
v 537.19213867 264.44470215 805.78820801
v 557.85339355 269.09292603 805.78820801
v 578.51464844 274.03393555 805.78820801
v 599.17584229 278.06936646 805.78820801
v 619.83709717 280.15625 805.78820801
v 640.49835205 280.53622437 805.78820801
v 661.1595459 280.21304321 805.78820801
v 681.82080078 279.60839844 805.78820801
v 702.48205566 278.21279907 805.78820801
v 723.14331055 276.53198242 805.78820801
v 743.80450439 274.71011353 805.78820801
v -247.93484497 269.91378784 826.44946289
v -227.27360535 270.08999634 826.44946289
v -206.61236572 270.84707642 826.44946289
v -185.9511261 270.9671936 826.44946289
v -165.28988647 270.74191284 826.44946289
v -144.62866211 271.6993103 826.44946289
v -123.96742249 274.5112915 826.44946289
v -103.30618286 278.42092896 826.44946289
v -82.64494324 281.41714478 826.44946289
v -61.98371124 285.74688721 826.44946289
v -41.32247162 288.37039185 826.44946289
v -20.66123581 288.55764771 826.44946289
v 0 288.29446411 826.44946289
v 20.66123581 287.33105469 826.44946289
v 41.32247162 284.64111328 826.44946289
v 61.98371124 280.21520996 826.44946289
v 82.64494324 276.29678345 826.44946289
v 103.30618286 273.43630981 826.44946289
v 123.96742249 271.52059937 826.44946289
v 144.62866211 274.39321899 826.44946289
v 165.28988647 279.66970825 826.44946289
v 185.9511261 285.08337402 826.44946289
v 206.61236572 288.06796265 826.44946289
v 227.27360535 288.48129272 826.44946289
v 247.93484497 288.32470703 826.44946289
v 268.59606934 287.75778198 826.44946289
v 289.25732422 286.66821289 826.44946289
v 309.91854858 285.55691528 826.44946289
v 330.57977295 284.18243408 826.44946289
v 351.24102783 281.10934448 826.44946289
v 371.9022522 278.19775391 826.44946289
v 392.56350708 276.6725769 826.44946289
v 413.22473145 272.92355347 826.44946289
v 433.88595581 266.63262939 826.44946289
v 454.54721069 263.13555908 826.44946289
v 475.20843506 262.46365356 826.44946289
v 495.86968994 262.23922729 826.44946289
v 516.53094482 264.24545288 826.44946289
v 537.19213867 267.65588379 826.44946289
v 557.85339355 271.99475098 826.44946289
v 578.51464844 276.31625366 826.44946289
v 599.17584229 279.74731445 826.44946289
v 619.83709717 281.50158691 826.44946289
v 640.49835205 281.74008179 826.44946289
v 661.1595459 281.30847168 826.44946289
v 681.82080078 281.0607605 826.44946289
v 702.48205566 279.87124634 826.44946289
v 723.14331055 277.96939087 826.44946289
v 743.80450439 275.85211182 826.44946289
v -247.93484497 270.04440308 847.11071777
v -227.27360535 271.43508911 847.11071777
v -206.61236572 273.6439209 847.11071777
v -185.9511261 273.69281006 847.11071777
v -165.28988647 271.60293579 847.11071777
v -144.62866211 271.6998291 847.11071777
v -123.96742249 273.00042725 847.11071777
v -103.30618286 276.92276001 847.11071777
v -82.64494324 281.27713013 847.11071777
v -61.98371124 285.02972412 847.11071777
v -41.32247162 288.19436646 847.11071777
v -20.66123581 289.09985352 847.11071777
v 0 288.69735718 847.11071777
v 20.66123581 287.96963501 847.11071777
v 41.32247162 285.70858765 847.11071777
v 61.98371124 282.65884399 847.11071777
v 82.64494324 279.06600952 847.11071777
v 103.30618286 275.53442383 847.11071777
v 123.96742249 272.99963379 847.11071777
v 144.62866211 276.56207275 847.11071777
v 165.28988647 281.59066772 847.11071777
v 185.9511261 287.47073364 847.11071777
v 206.61236572 289.39227295 847.11071777
v 227.27360535 289.13320923 847.11071777
v 247.93484497 288.8263855 847.11071777
v 268.59606934 288.08169556 847.11071777
v 289.25732422 286.91900635 847.11071777
v 309.91854858 285.80633545 847.11071777
v 330.57977295 284.25985718 847.11071777
v 351.24102783 280.80282593 847.11071777
v 371.9022522 277.71963501 847.11071777
v 392.56350708 276.55386353 847.11071777
v 413.22473145 275.09625244 847.11071777
v 433.88595581 270.22454834 847.11071777
v 454.54721069 266.17437744 847.11071777
v 475.20843506 264.97567749 847.11071777
v 495.86968994 264.30715942 847.11071777
v 516.53094482 266.63586426 847.11071777
v 537.19213867 270.30679321 847.11071777
v 557.85339355 274.42410278 847.11071777
v 578.51464844 278.35461426 847.11071777
v 599.17584229 281.07058716 847.11071777
v 619.83709717 282.49786377 847.11071777
v 640.49835205 282.71981812 847.11071777
v 661.1595459 282.32226562 847.11071777
v 681.82080078 281.48516846 847.11071777
v 702.48205566 280.08828735 847.11071777
v 723.14331055 277.740448 847.11071777
v 743.80450439 275.23132324 847.11071777
v -247.93484497 270.75994873 867.77191162
v -227.27360535 274.23059082 867.77191162
v -206.61236572 277.21511841 867.77191162
v -185.9511261 276.6965332 867.77191162
v -165.28988647 273.42614746 867.77191162
v -144.62866211 272.06967163 867.77191162
v -123.96742249 272.77874756 867.77191162
v -103.30618286 275.58435059 867.77191162
v -82.64494324 280.96142578 867.77191162
v -61.98371124 284.95828247 867.77191162
v -41.32247162 287.92041016 867.77191162
v -20.66123581 289.24221802 867.77191162
v 0 289.09729004 867.77191162
v 20.66123581 288.78509521 867.77191162
v 41.32247162 288.11663818 867.77191162
v 61.98371124 287.23950195 867.77191162
v 82.64494324 282.71929932 867.77191162
v 103.30618286 277.49493408 867.77191162
v 123.96742249 274.11795044 867.77191162
v 144.62866211 276.90759277 867.77191162
v 165.28988647 281.9100647 867.77191162
v 185.9511261 287.74346924 867.77191162
v 206.61236572 290.17459106 867.77191162
v 227.27360535 289.94314575 867.77191162
v 247.93484497 289.38061523 867.77191162
v 268.59606934 288.81567383 867.77191162
v 289.25732422 287.39581299 867.77191162
v 309.91854858 285.92642212 867.77191162
v 330.57977295 284.13552856 867.77191162
v 351.24102783 281.3861084 867.77191162
v 371.9022522 278.76654053 867.77191162
v 392.56350708 276.75271606 867.77191162
v 413.22473145 275.67797852 867.77191162
v 433.88595581 272.54589844 867.77191162
v 454.54721069 269.19338989 867.77191162
v 475.20843506 268.60067749 867.77191162
v 495.86968994 266.92327881 867.77191162
v 516.53094482 268.3460083 867.77191162
v 537.19213867 272.41574097 867.77191162
v 557.85339355 276.6600647 867.77191162
v 578.51464844 280.47610474 867.77191162
v 599.17584229 282.53656006 867.77191162
v 619.83709717 283.53790283 867.77191162
v 640.49835205 283.60577393 867.77191162
v 661.1595459 282.64642334 867.77191162
v 681.82080078 281.1519165 867.77191162
v 702.48205566 278.83670044 867.77191162
v 723.14331055 275.5161438 867.77191162
v 743.80450439 272.33505249 867.77191162
v -247.93484497 272.26019287 888.4331665
v -227.27360535 277.96917725 888.4331665
v -206.61236572 281.85604858 888.4331665
v -185.9511261 280.83837891 888.4331665
v -165.28988647 276.18774414 888.4331665
v -144.62866211 273.43954468 888.4331665
v -123.96742249 272.88845825 888.4331665
v -103.30618286 274.09359741 888.4331665
v -82.64494324 277.80758667 888.4331665
v -61.98371124 282.99264526 888.4331665
v -41.32247162 287.02841187 888.4331665
v -20.66123581 288.99472046 888.4331665
v 0 289.38497925 888.4331665
v 20.66123581 289.2097168 888.4331665
v 41.32247162 289.33776855 888.4331665
v 61.98371124 288.8142395 888.4331665
v 82.64494324 285.12683105 888.4331665
v 103.30618286 279.54364014 888.4331665
v 123.96742249 275.00784302 888.4331665
v 144.62866211 276.8397522 888.4331665
v 165.28988647 281.75088501 888.4331665
v 185.9511261 287.16537476 888.4331665
v 206.61236572 290.43960571 888.4331665
v 227.27360535 290.70666504 888.4331665
v 247.93484497 289.98236084 888.4331665
v 268.59606934 289.43960571 888.4331665
v 289.25732422 288.10263062 888.4331665
v 309.91854858 286.63137817 888.4331665
v 330.57977295 284.68682861 888.4331665
v 351.24102783 282.41973877 888.4331665
v 371.9022522 279.47015381 888.4331665
v 392.56350708 276.50961304 888.4331665
v 413.22473145 273.79901123 888.4331665
v 433.88595581 272.15280151 888.4331665
v 454.54721069 271.94869995 888.4331665
v 475.20843506 272.20965576 888.4331665
v 495.86968994 270.1661377 888.4331665
v 516.53094482 269.99603271 888.4331665
v 537.19213867 273.78482056 888.4331665
v 557.85339355 278.10006714 888.4331665
v 578.51464844 282.0932312 888.4331665
v 599.17584229 284.14901733 888.4331665
v 619.83709717 284.64627075 888.4331665
v 640.49835205 284.32809448 888.4331665
v 661.1595459 282.77374268 888.4331665
v 681.82080078 280.3001709 888.4331665
v 702.48205566 276.65054321 888.4331665
v 723.14331055 271.94039917 888.4331665
v 743.80450439 267.93811035 888.4331665
v -247.93484497 277.30621338 909.09442139
v -227.27360535 282.51370239 909.09442139
v -206.61236572 286.53942871 909.09442139
v -185.9511261 285.58773804 909.09442139
v -165.28988647 280.91888428 909.09442139
v -144.62866211 276.62869263 909.09442139
v -123.96742249 274.04351807 909.09442139
v -103.30618286 273.790802 909.09442139
v -82.64494324 275.42904663 909.09442139
v -61.98371124 279.53341675 909.09442139
v -41.32247162 285.74945068 909.09442139
v -20.66123581 288.94985962 909.09442139
v 0 289.62554932 909.09442139
v 20.66123581 289.54455566 909.09442139
v 41.32247162 289.66201782 909.09442139
v 61.98371124 289.44424438 909.09442139
v 82.64494324 286.38970947 909.09442139
v 103.30618286 281.26593018 909.09442139
v 123.96742249 276.99255371 909.09442139
v 144.62866211 277.71847534 909.09442139
v 165.28988647 281.6217041 909.09442139
v 185.9511261 287.02374268 909.09442139
v 206.61236572 290.63830566 909.09442139
v 227.27360535 291.13494873 909.09442139
v 247.93484497 290.60028076 909.09442139
v 268.59606934 290.1859436 909.09442139
v 289.25732422 289.52587891 909.09442139
v 309.91854858 288.23834229 909.09442139
v 330.57977295 286.54632568 909.09442139
v 351.24102783 284.01251221 909.09442139
v 371.9022522 280.06900024 909.09442139
v 392.56350708 275.13519287 909.09442139
v 413.22473145 271.53433228 909.09442139
v 433.88595581 272.64120483 909.09442139
v 454.54721069 274.49517822 909.09442139
v 475.20843506 275.57766724 909.09442139
v 495.86968994 274.1373291 909.09442139
v 516.53094482 272.48162842 909.09442139
v 537.19213867 275.09210205 909.09442139
v 557.85339355 279.26712036 909.09442139
v 578.51464844 283.29510498 909.09442139
v 599.17584229 285.30557251 909.09442139
v 619.83709717 285.4083252 909.09442139
v 640.49835205 284.49911499 909.09442139
v 661.1595459 282.49615479 909.09442139
v 681.82080078 278.89147949 909.09442139
v 702.48205566 273.81109619 909.09442139
v 723.14331055 268.6315918 909.09442139
v 743.80450439 264.87374878 909.09442139
v -247.93484497 283.10412598 929.75567627
v -227.27360535 287.0854187 929.75567627
v -206.61236572 289.3086853 929.75567627
v -185.9511261 288.3538208 929.75567627
v -165.28988647 284.28878784 929.75567627
v -144.62866211 280.04293823 929.75567627
v -123.96742249 276.48471069 929.75567627
v -103.30618286 274.40093994 929.75567627
v -82.64494324 274.86950684 929.75567627
v -61.98371124 277.31280518 929.75567627
v -41.32247162 283.53155518 929.75567627
v -20.66123581 288.29675293 929.75567627
v 0 289.78387451 929.75567627
v 20.66123581 289.93630981 929.75567627
v 41.32247162 289.87426758 929.75567627
v 61.98371124 289.85134888 929.75567627
v 82.64494324 286.91629028 929.75567627
v 103.30618286 282.09838867 929.75567627
v 123.96742249 278.45056152 929.75567627
v 144.62866211 279.30758667 929.75567627
v 165.28988647 282.43762207 929.75567627
v 185.9511261 287.0881958 929.75567627
v 206.61236572 290.72689819 929.75567627
v 227.27360535 291.11450195 929.75567627
v 247.93484497 290.92953491 929.75567627
v 268.59606934 290.71118164 929.75567627
v 289.25732422 290.49633789 929.75567627
v 309.91854858 289.69418335 929.75567627
v 330.57977295 288.24935913 929.75567627
v 351.24102783 285.52383423 929.75567627
v 371.9022522 281.23956299 929.75567627
v 392.56350708 276.27636719 929.75567627
v 413.22473145 273.40673828 929.75567627
v 433.88595581 274.49862671 929.75567627
v 454.54721069 276.80596924 929.75567627
v 475.20843506 279.18154907 929.75567627
v 495.86968994 278.43499756 929.75567627
v 516.53094482 276.11450195 929.75567627
v 537.19213867 277.21676636 929.75567627
v 557.85339355 280.88348389 929.75567627
v 578.51464844 284.29153442 929.75567627
v 599.17584229 285.90286255 929.75567627
v 619.83709717 285.61968994 929.75567627
v 640.49835205 284.01928711 929.75567627
v 661.1595459 281.15548706 929.75567627
v 681.82080078 276.92636108 929.75567627
v 702.48205566 271.50811768 929.75567627
v 723.14331055 266.77075195 929.75567627
v 743.80450439 264.17016602 929.75567627
v -247.93484497 284.98233032 950.41687012
v -227.27360535 289.18429565 950.41687012
v -206.61236572 290.36029053 950.41687012
v -185.9511261 289.27984619 950.41687012
v -165.28988647 286.08325195 950.41687012
v -144.62866211 282.90493774 950.41687012
v -123.96742249 280.27331543 950.41687012
v -103.30618286 277.51513672 950.41687012
v -82.64494324 275.4112854 950.41687012
v -61.98371124 276.34350586 950.41687012
v -41.32247162 281.07589722 950.41687012
v -20.66123581 286.91467285 950.41687012
v 0 288.83944702 950.41687012
v 20.66123581 289.63461304 950.41687012
v 41.32247162 289.79855347 950.41687012
v 61.98371124 289.26452637 950.41687012
v 82.64494324 285.51602173 950.41687012
v 103.30618286 281.81503296 950.41687012
v 123.96742249 279.39648437 950.41687012
v 144.62866211 280.53933716 950.41687012
v 165.28988647 282.90734863 950.41687012
v 185.9511261 286.51239014 950.41687012
v 206.61236572 290.45797729 950.41687012
v 227.27360535 291.27407837 950.41687012
v 247.93484497 291.35089111 950.41687012
v 268.59606934 291.37866211 950.41687012
v 289.25732422 291.08898926 950.41687012
v 309.91854858 290.53781128 950.41687012
v 330.57977295 289.22503662 950.41687012
v 351.24102783 286.51309204 950.41687012
v 371.9022522 282.6652832 950.41687012
v 392.56350708 278.37854004 950.41687012
v 413.22473145 275.72180176 950.41687012
v 433.88595581 276.81182861 950.41687012
v 454.54721069 280.08319092 950.41687012
v 475.20843506 282.54345703 950.41687012
v 495.86968994 282.38082886 950.41687012
v 516.53094482 280.30917358 950.41687012
v 537.19213867 280.79260254 950.41687012
v 557.85339355 283.072052 950.41687012
v 578.51464844 285.35720825 950.41687012
v 599.17584229 286.45410156 950.41687012
v 619.83709717 285.63265991 950.41687012
v 640.49835205 283.41436768 950.41687012
v 661.1595459 279.79608154 950.41687012
v 681.82080078 275.29537964 950.41687012
v 702.48205566 270.46188354 950.41687012
v 723.14331055 266.98956299 950.41687012
v 743.80450439 265.79290771 950.41687012
v -247.93484497 283.60748291 971.078125
v -227.27360535 287.85803223 971.078125
v -206.61236572 290.14752197 971.078125
v -185.9511261 290.1607666 971.078125
v -165.28988647 288.48135376 971.078125
v -144.62866211 286.27145386 971.078125
v -123.96742249 284.81170654 971.078125
v -103.30618286 281.57217407 971.078125
v -82.64494324 277.03692627 971.078125
v -61.98371124 276.19262695 971.078125
v -41.32247162 279.48788452 971.078125
v -20.66123581 285.04736328 971.078125
v 0 287.7411499 971.078125
v 20.66123581 289.12796021 971.078125
v 41.32247162 289.70257568 971.078125
v 61.98371124 288.16238403 971.078125
v 82.64494324 283.60787964 971.078125
v 103.30618286 281.20223999 971.078125
v 123.96742249 281.48434448 971.078125
v 144.62866211 282.27185059 971.078125
v 165.28988647 283.32067871 971.078125
v 185.9511261 286.44515991 971.078125
v 206.61236572 290.43457031 971.078125
v 227.27360535 291.33300781 971.078125
v 247.93484497 291.74685669 971.078125
v 268.59606934 291.75164795 971.078125
v 289.25732422 291.42645264 971.078125
v 309.91854858 290.91265869 971.078125
v 330.57977295 289.69314575 971.078125
v 351.24102783 287.02890015 971.078125
v 371.9022522 284.0163269 971.078125
v 392.56350708 280.40289307 971.078125
v 413.22473145 278.015625 971.078125
v 433.88595581 279.88925171 971.078125
v 454.54721069 282.97674561 971.078125
v 475.20843506 283.77297974 971.078125
v 495.86968994 284.13012695 971.078125
v 516.53094482 284.48843384 971.078125
v 537.19213867 284.82818604 971.078125
v 557.85339355 285.57519531 971.078125
v 578.51464844 286.39312744 971.078125
v 599.17584229 286.70901489 971.078125
v 619.83709717 285.43014526 971.078125
v 640.49835205 282.8291626 971.078125
v 661.1595459 278.97796631 971.078125
v 681.82080078 274.45718384 971.078125
v 702.48205566 270.93664551 971.078125
v 723.14331055 269.26290894 971.078125
v 743.80450439 268.78262329 971.078125
v -247.93484497 279.59033203 991.73937988
v -227.27360535 283.96734619 991.73937988
v -206.61236572 288.33526611 991.73937988
v -185.9511261 290.28646851 991.73937988
v -165.28988647 290.71743774 991.73937988
v -144.62866211 289.80905151 991.73937988
v -123.96742249 289.09240723 991.73937988
v -103.30618286 285.08630371 991.73937988
v -82.64494324 279.01586914 991.73937988
v -61.98371124 276.82873535 991.73937988
v -41.32247162 279.06478882 991.73937988
v -20.66123581 283.39627075 991.73937988
v 0 286.94412231 991.73937988
v 20.66123581 288.79031372 991.73937988
v 41.32247162 289.56463623 991.73937988
v 61.98371124 287.63589478 991.73937988
v 82.64494324 283.89682007 991.73937988
v 103.30618286 281.43692017 991.73937988
v 123.96742249 283.53408813 991.73937988
v 144.62866211 284.05484009 991.73937988
v 165.28988647 284.21383667 991.73937988
v 185.9511261 287.07644653 991.73937988
v 206.61236572 290.60455322 991.73937988
v 227.27360535 291.19146729 991.73937988
v 247.93484497 291.91555786 991.73937988
v 268.59606934 292.21124268 991.73937988
v 289.25732422 291.88552856 991.73937988
v 309.91854858 291.28048706 991.73937988
v 330.57977295 290.33459473 991.73937988
v 351.24102783 288.26937866 991.73937988
v 371.9022522 285.57077026 991.73937988
v 392.56350708 282.03411865 991.73937988
v 413.22473145 280.42840576 991.73937988
v 433.88595581 282.77322388 991.73937988
v 454.54721069 283.79180908 991.73937988
v 475.20843506 284.43917847 991.73937988
v 495.86968994 285.77584839 991.73937988
v 516.53094482 286.74685669 991.73937988
v 537.19213867 287.03677368 991.73937988
v 557.85339355 287.07644653 991.73937988
v 578.51464844 287.24777222 991.73937988
v 599.17584229 286.87203979 991.73937988
v 619.83709717 285.35903931 991.73937988
v 640.49835205 282.57363892 991.73937988
v 661.1595459 278.90344238 991.73937988
v 681.82080078 275.42849731 991.73937988
v 702.48205566 273.572052 991.73937988
v 723.14331055 272.83502197 991.73937988
v 743.80450439 272.32217407 991.73937988
v -247.93484497 277.68695068 1012.40057373
v -227.27360535 281.965271 1012.40057373
v -206.61236572 287.37533569 1012.40057373
v -185.9511261 290.46664429 1012.40057373
v -165.28988647 291.94714355 1012.40057373
v -144.62866211 292.09356689 1012.40057373
v -123.96742249 291.74346924 1012.40057373
v -103.30618286 287.20864868 1012.40057373
v -82.64494324 280.73748779 1012.40057373
v -61.98371124 277.8901062 1012.40057373
v -41.32247162 279.37020874 1012.40057373
v -20.66123581 282.84686279 1012.40057373
v 0 286.05288696 1012.40057373
v 20.66123581 288.19750977 1012.40057373
v 41.32247162 289.58340454 1012.40057373
v 61.98371124 288.32226562 1012.40057373
v 82.64494324 285.82849121 1012.40057373
v 103.30618286 284.36114502 1012.40057373
v 123.96742249 285.08847046 1012.40057373
v 144.62866211 285.2069397 1012.40057373
v 165.28988647 284.51647949 1012.40057373
v 185.9511261 286.61526489 1012.40057373
v 206.61236572 289.81616211 1012.40057373
v 227.27360535 291.52877808 1012.40057373
v 247.93484497 292.33428955 1012.40057373
v 268.59606934 292.57675171 1012.40057373
v 289.25732422 292.29052734 1012.40057373
v 309.91854858 291.79107666 1012.40057373
v 330.57977295 291.37985229 1012.40057373
v 351.24102783 289.82873535 1012.40057373
v 371.9022522 286.85614014 1012.40057373
v 392.56350708 283.35766602 1012.40057373
v 413.22473145 283.5942688 1012.40057373
v 433.88595581 285.78378296 1012.40057373
v 454.54721069 285.03829956 1012.40057373
v 475.20843506 286.18670654 1012.40057373
v 495.86968994 287.26593018 1012.40057373
v 516.53094482 287.90231323 1012.40057373
v 537.19213867 288.05886841 1012.40057373
v 557.85339355 288.30557251 1012.40057373
v 578.51464844 288.10870361 1012.40057373
v 599.17584229 287.36743164 1012.40057373
v 619.83709717 285.89096069 1012.40057373
v 640.49835205 283.45663452 1012.40057373
v 661.1595459 280.39794922 1012.40057373
v 681.82080078 278.15350342 1012.40057373
v 702.48205566 276.97784424 1012.40057373
v 723.14331055 276.40390015 1012.40057373
v 743.80450439 276.01205444 1012.40057373
v -247.93484497 277.49554443 1033.06188965
v -227.27360535 281.66897583 1033.06188965
v -206.61236572 287.17736816 1033.06188965
v -185.9511261 291.21960449 1033.06188965
v -165.28988647 292.97238159 1033.06188965
v -144.62866211 293.00708008 1033.06188965
v -123.96742249 292.24099731 1033.06188965
v -103.30618286 288.22717285 1033.06188965
v -82.64494324 281.88342285 1033.06188965
v -61.98371124 278.87808228 1033.06188965
v -41.32247162 280.12796021 1033.06188965
v -20.66123581 283.5402832 1033.06188965
v 0 286.17340088 1033.06188965
v 20.66123581 288.20175171 1033.06188965
v 41.32247162 289.72174072 1033.06188965
v 61.98371124 288.83248901 1033.06188965
v 82.64494324 286.30993652 1033.06188965
v 103.30618286 285.33297729 1033.06188965
v 123.96742249 285.37731934 1033.06188965
v 144.62866211 286.35803223 1033.06188965
v 165.28988647 286.66622925 1033.06188965
v 185.9511261 287.86257935 1033.06188965
v 206.61236572 290.10018921 1033.06188965
v 227.27360535 291.74716187 1033.06188965
v 247.93484497 292.49499512 1033.06188965
v 268.59606934 292.79672241 1033.06188965
v 289.25732422 292.78359985 1033.06188965
v 309.91854858 292.73727417 1033.06188965
v 330.57977295 292.36764526 1033.06188965
v 351.24102783 291.11373901 1033.06188965
v 371.9022522 288.16030884 1033.06188965
v 392.56350708 284.93618774 1033.06188965
v 413.22473145 286.60955811 1033.06188965
v 433.88595581 288.87573242 1033.06188965
v 454.54721069 288.00744629 1033.06188965
v 475.20843506 288.19888306 1033.06188965
v 495.86968994 288.40066528 1033.06188965
v 516.53094482 288.88980103 1033.06188965
v 537.19213867 289.34140015 1033.06188965
v 557.85339355 289.21691895 1033.06188965
v 578.51464844 288.96875 1033.06188965
v 599.17584229 288.35247803 1033.06188965
v 619.83709717 287.32144165 1033.06188965
v 640.49835205 285.87185669 1033.06188965
v 661.1595459 283.92456055 1033.06188965
v 681.82080078 282.21673584 1033.06188965
v 702.48205566 280.69775391 1033.06188965
v 723.14331055 279.543396 1033.06188965
v 743.80450439 278.97607422 1033.06188965
v -247.93484497 279.09359741 1053.72302246
v -227.27360535 282.90917969 1053.72302246
v -206.61236572 287.34457397 1053.72302246
v -185.9511261 291.74191284 1053.72302246
v -165.28988647 293.76922607 1053.72302246
v -144.62866211 294.22521973 1053.72302246
v -123.96742249 292.02252197 1053.72302246
v -103.30618286 286.9647522 1053.72302246
v -82.64494324 281.90402222 1053.72302246
v -61.98371124 279.91366577 1053.72302246
v -41.32247162 281.51345825 1053.72302246
v -20.66123581 284.26254272 1053.72302246
v 0 286.37994385 1053.72302246
v 20.66123581 288.64630127 1053.72302246
v 41.32247162 289.97491455 1053.72302246
v 61.98371124 289.05975342 1053.72302246
v 82.64494324 286.55654907 1053.72302246
v 103.30618286 285.86956787 1053.72302246
v 123.96742249 285.96838379 1053.72302246
v 144.62866211 287.46847534 1053.72302246
v 165.28988647 288.69720459 1053.72302246
v 185.9511261 289.13552856 1053.72302246
v 206.61236572 290.65359497 1053.72302246
v 227.27360535 291.74987793 1053.72302246
v 247.93484497 292.64169312 1053.72302246
v 268.59606934 293.19076538 1053.72302246
v 289.25732422 293.81539917 1053.72302246
v 309.91854858 293.68154907 1053.72302246
v 330.57977295 293.04354858 1053.72302246
v 351.24102783 291.88366699 1053.72302246
v 371.9022522 289.24749756 1053.72302246
v 392.56350708 286.58825684 1053.72302246
v 413.22473145 288.46228027 1053.72302246
v 433.88595581 290.63092041 1053.72302246
v 454.54721069 291.12411499 1053.72302246
v 475.20843506 290.72195435 1053.72302246
v 495.86968994 289.75772095 1053.72302246
v 516.53094482 289.84320068 1053.72302246
v 537.19213867 289.65176392 1053.72302246
v 557.85339355 289.55657959 1053.72302246
v 578.51464844 289.50512695 1053.72302246
v 599.17584229 289.12557983 1053.72302246
v 619.83709717 288.53393555 1053.72302246
v 640.49835205 287.74542236 1053.72302246
v 661.1595459 286.58261108 1053.72302246
v 681.82080078 285.26977539 1053.72302246
v 702.48205566 283.96633911 1053.72302246
v 723.14331055 282.65341187 1053.72302246
v 743.80450439 281.84042358 1053.72302246
v -247.93484497 283.49414062 1074.38427734
v -227.27360535 285.87527466 1074.38427734
v -206.61236572 289.64849854 1074.38427734
v -185.9511261 293.09866333 1074.38427734
v -165.28988647 294.29528809 1074.38427734
v -144.62866211 293.62918091 1074.38427734
v -123.96742249 289.815979 1074.38427734
v -103.30618286 284.68792725 1074.38427734
v -82.64494324 281.78204346 1074.38427734
v -61.98371124 281.32745361 1074.38427734
v -41.32247162 282.94702148 1074.38427734
v -20.66123581 284.70727539 1074.38427734
v 0 286.90396118 1074.38427734
v 20.66123581 289.52185059 1074.38427734
v 41.32247162 290.35791016 1074.38427734
v 61.98371124 289.38824463 1074.38427734
v 82.64494324 287.02963257 1074.38427734
v 103.30618286 286.65661621 1074.38427734
v 123.96742249 286.97891235 1074.38427734
v 144.62866211 288.50732422 1074.38427734
v 165.28988647 289.11590576 1074.38427734
v 185.9511261 289.41967773 1074.38427734
v 206.61236572 290.73132324 1074.38427734
v 227.27360535 291.88696289 1074.38427734
v 247.93484497 292.93884277 1074.38427734
v 268.59606934 294.07165527 1074.38427734
v 289.25732422 295.13153076 1074.38427734
v 309.91854858 295.18756104 1074.38427734
v 330.57977295 294.75085449 1074.38427734
v 351.24102783 293.30429077 1074.38427734
v 371.9022522 291.48251343 1074.38427734
v 392.56350708 289.18710327 1074.38427734
v 413.22473145 289.61865234 1074.38427734
v 433.88595581 291.46600342 1074.38427734
v 454.54721069 291.78848267 1074.38427734
v 475.20843506 291.41610718 1074.38427734
v 495.86968994 290.84161377 1074.38427734
v 516.53094482 290.4586792 1074.38427734
v 537.19213867 290.11779785 1074.38427734
v 557.85339355 289.80871582 1074.38427734
v 578.51464844 289.55877686 1074.38427734
v 599.17584229 289.23556519 1074.38427734
v 619.83709717 288.87973022 1074.38427734
v 640.49835205 288.49008179 1074.38427734
v 661.1595459 287.71737671 1074.38427734
v 681.82080078 286.77520752 1074.38427734
v 702.48205566 285.59188843 1074.38427734
v 723.14331055 284.15435791 1074.38427734
v 743.80450439 282.77783203 1074.38427734
v -247.93484497 289.28857422 1095.04553223
v -227.27360535 291.02767944 1095.04553223
v -206.61236572 293.04827881 1095.04553223
v -185.9511261 294.67492676 1095.04553223
v -165.28988647 294.57235718 1095.04553223
v -144.62866211 291.97128296 1095.04553223
v -123.96742249 287.51593018 1095.04553223
v -103.30618286 283.96011353 1095.04553223
v -82.64494324 282.54187012 1095.04553223
v -61.98371124 283.77197266 1095.04553223
v -41.32247162 285.13729858 1095.04553223
v -20.66123581 285.95730591 1095.04553223
v 0 288.77282715 1095.04553223
v 20.66123581 290.64169312 1095.04553223
v 41.32247162 290.8147583 1095.04553223
v 61.98371124 289.77230835 1095.04553223
v 82.64494324 287.1697998 1095.04553223
v 103.30618286 286.70053101 1095.04553223
v 123.96742249 287.16610718 1095.04553223
v 144.62866211 289.55194092 1095.04553223
v 165.28988647 290.7437439 1095.04553223
v 185.9511261 291.03884888 1095.04553223
v 206.61236572 291.53543091 1095.04553223
v 227.27360535 292.77493286 1095.04553223
v 247.93484497 293.58843994 1095.04553223
v 268.59606934 295.19946289 1095.04553223
v 289.25732422 296.40124512 1095.04553223
v 309.91854858 296.60977173 1095.04553223
v 330.57977295 296.23815918 1095.04553223
v 351.24102783 294.96051025 1095.04553223
v 371.9022522 293.11126709 1095.04553223
v 392.56350708 291.79367065 1095.04553223
v 413.22473145 291.43588257 1095.04553223
v 433.88595581 292.05245972 1095.04553223
v 454.54721069 292.2723999 1095.04553223
v 475.20843506 292.3454895 1095.04553223
v 495.86968994 291.6947937 1095.04553223
v 516.53094482 290.65762329 1095.04553223
v 537.19213867 289.98782349 1095.04553223
v 557.85339355 289.14633179 1095.04553223
v 578.51464844 288.60653687 1095.04553223
v 599.17584229 288.09799194 1095.04553223
v 619.83709717 287.39419556 1095.04553223
v 640.49835205 287.51531982 1095.04553223
v 661.1595459 286.83166504 1095.04553223
v 681.82080078 285.89364624 1095.04553223
v 702.48205566 284.60339355 1095.04553223
v 723.14331055 282.54959106 1095.04553223
v 743.80450439 280.46115112 1095.04553223
v -247.93484497 293.86047363 1115.70678711
v -227.27360535 294.76647949 1115.70678711
v -206.61236572 295.25656128 1115.70678711
v -185.9511261 295.76119995 1115.70678711
v -165.28988647 295.55740356 1115.70678711
v -144.62866211 291.83877563 1115.70678711
v -123.96742249 286.88119507 1115.70678711
v -103.30618286 284.15036011 1115.70678711
v -82.64494324 284.55462646 1115.70678711
v -61.98371124 287.90594482 1115.70678711
v -41.32247162 289.8682251 1115.70678711
v -20.66123581 289.55889893 1115.70678711
v 0 291.50079346 1115.70678711
v 20.66123581 291.81817627 1115.70678711
v 41.32247162 291.33312988 1115.70678711
v 61.98371124 290.27838135 1115.70678711
v 82.64494324 287.4473877 1115.70678711
v 103.30618286 286.77444458 1115.70678711
v 123.96742249 287.47613525 1115.70678711
v 144.62866211 290.8338623 1115.70678711
v 165.28988647 293.04165649 1115.70678711
v 185.9511261 293.44812012 1115.70678711
v 206.61236572 293.63394165 1115.70678711
v 227.27360535 294.33493042 1115.70678711
v 247.93484497 295.30337524 1115.70678711
v 268.59606934 296.88467407 1115.70678711
v 289.25732422 297.63247681 1115.70678711
v 309.91854858 297.54705811 1115.70678711
v 330.57977295 297.19509888 1115.70678711
v 351.24102783 296.52868652 1115.70678711
v 371.9022522 294.7253418 1115.70678711
v 392.56350708 292.92327881 1115.70678711
v 413.22473145 292.30371094 1115.70678711
v 433.88595581 292.63146973 1115.70678711
v 454.54721069 293.06234741 1115.70678711
v 475.20843506 292.99993896 1115.70678711
v 495.86968994 291.89526367 1115.70678711
v 516.53094482 290.85931396 1115.70678711
v 537.19213867 289.76855469 1115.70678711
v 557.85339355 288.29312134 1115.70678711
v 578.51464844 286.71551514 1115.70678711
v 599.17584229 285.54983521 1115.70678711
v 619.83709717 284.51586914 1115.70678711
v 640.49835205 283.80865479 1115.70678711
v 661.1595459 282.72027588 1115.70678711
v 681.82080078 281.12780762 1115.70678711
v 702.48205566 279.52893066 1115.70678711
v 723.14331055 277.62692261 1115.70678711
v 743.80450439 275.59057617 1115.70678711
v -247.93484497 296.02334595 1136.36804199
v -227.27360535 296.72909546 1136.36804199
v -206.61236572 296.99887085 1136.36804199
v -185.9511261 296.77319336 1136.36804199
v -165.28988647 296.10125732 1136.36804199
v -144.62866211 291.72720337 1136.36804199
v -123.96742249 286.54681396 1136.36804199
v -103.30618286 284.72439575 1136.36804199
v -82.64494324 286.5005188 1136.36804199
v -61.98371124 291.24383545 1136.36804199
v -41.32247162 293.73773193 1136.36804199
v -20.66123581 294.41165161 1136.36804199
v 0 294.52462769 1136.36804199
v 20.66123581 293.16677856 1136.36804199
v 41.32247162 291.94616699 1136.36804199
v 61.98371124 291.32763672 1136.36804199
v 82.64494324 289.09609985 1136.36804199
v 103.30618286 288.04846191 1136.36804199
v 123.96742249 289.67282104 1136.36804199
v 144.62866211 292.26766968 1136.36804199
v 165.28988647 293.88433838 1136.36804199
v 185.9511261 294.55700684 1136.36804199
v 206.61236572 295.28344727 1136.36804199
v 227.27360535 296.56655884 1136.36804199
v 247.93484497 297.94003296 1136.36804199
v 268.59606934 299.04736328 1136.36804199
v 289.25732422 299.0664978 1136.36804199
v 309.91854858 298.6413269 1136.36804199
v 330.57977295 297.85638428 1136.36804199
v 351.24102783 297.15942383 1136.36804199
v 371.9022522 295.75125122 1136.36804199
v 392.56350708 293.89764404 1136.36804199
v 413.22473145 293.45480347 1136.36804199
v 433.88595581 293.7996521 1136.36804199
v 454.54721069 293.40750122 1136.36804199
v 475.20843506 293.06710815 1136.36804199
v 495.86968994 292.42547607 1136.36804199
v 516.53094482 291.05224609 1136.36804199
v 537.19213867 289.62237549 1136.36804199
v 557.85339355 287.35870361 1136.36804199
v 578.51464844 285.53118896 1136.36804199
v 599.17584229 283.93969727 1136.36804199
v 619.83709717 282.28930664 1136.36804199
v 640.49835205 280.64437866 1136.36804199
v 661.1595459 278.97186279 1136.36804199
v 681.82080078 277.22485352 1136.36804199
v 702.48205566 275.51281738 1136.36804199
v 723.14331055 273.51470947 1136.36804199
v 743.80450439 271.47531128 1136.36804199
v -247.93484497 296.15313721 1157.02929688
v -227.27360535 297.13394165 1157.02929688
v -206.61236572 297.6512146 1157.02929688
v -185.9511261 297.59695435 1157.02929688
v -165.28988647 296.45349121 1157.02929688
v -144.62866211 292.2800293 1157.02929688
v -123.96742249 286.83206177 1157.02929688
v -103.30618286 285.65194702 1157.02929688
v -82.64494324 287.07940674 1157.02929688
v -61.98371124 291.82788086 1157.02929688
v -41.32247162 295.29577637 1157.02929688
v -20.66123581 296.2326355 1157.02929688
v 0 296.11694336 1157.02929688
v 20.66123581 294.45101929 1157.02929688
v 41.32247162 292.65963745 1157.02929688
v 61.98371124 292.62298584 1157.02929688
v 82.64494324 291.43725586 1157.02929688
v 103.30618286 290.02987671 1157.02929688
v 123.96742249 291.57553101 1157.02929688
v 144.62866211 293.14657593 1157.02929688
v 165.28988647 294.58404541 1157.02929688
v 185.9511261 295.32788086 1157.02929688
v 206.61236572 296.73931885 1157.02929688
v 227.27360535 298.7020874 1157.02929688
v 247.93484497 300.02758789 1157.02929688
v 268.59606934 300.85623169 1157.02929688
v 289.25732422 300.79327393 1157.02929688
v 309.91854858 300.07342529 1157.02929688
v 330.57977295 298.63638306 1157.02929688
v 351.24102783 297.48739624 1157.02929688
v 371.9022522 296.14541626 1157.02929688
v 392.56350708 295.11914062 1157.02929688
v 413.22473145 294.96923828 1157.02929688
v 433.88595581 295.30859375 1157.02929688
v 454.54721069 294.88491821 1157.02929688
v 475.20843506 293.89767456 1157.02929688
v 495.86968994 293.0480957 1157.02929688
v 516.53094482 291.76199341 1157.02929688
v 537.19213867 289.84909058 1157.02929688
v 557.85339355 287.75650024 1157.02929688
v 578.51464844 286.28186035 1157.02929688
v 599.17584229 284.99212646 1157.02929688
v 619.83709717 283.60818481 1157.02929688
v 640.49835205 281.91531372 1157.02929688
v 661.1595459 280.09332275 1157.02929688
v 681.82080078 278.17388916 1157.02929688
v 702.48205566 275.74536133 1157.02929688
v 723.14331055 273.20300293 1157.02929688
v 743.80450439 271.72189331 1157.02929688
v -247.93484497 294.90386963 1177.69042969
v -227.27360535 296.96765137 1177.69042969
v -206.61236572 297.90899658 1177.69042969
v -185.9511261 297.97607422 1177.69042969
v -165.28988647 296.67803955 1177.69042969
v -144.62866211 293.72924805 1177.69042969
v -123.96742249 288.48919678 1177.69042969
v -103.30618286 286.77371216 1177.69042969
v -82.64494324 287.42962646 1177.69042969
v -61.98371124 291.06640625 1177.69042969
v -41.32247162 295.34106445 1177.69042969
v -20.66123581 296.37045288 1177.69042969
v 0 296.2779541 1177.69042969
v 20.66123581 295.35507202 1177.69042969
v 41.32247162 293.63092041 1177.69042969
v 61.98371124 293.33776855 1177.69042969
v 82.64494324 293.13220215 1177.69042969
v 103.30618286 291.89376831 1177.69042969
v 123.96742249 292.61968994 1177.69042969
v 144.62866211 293.94921875 1177.69042969
v 165.28988647 295.19580078 1177.69042969
v 185.9511261 296.47695923 1177.69042969
v 206.61236572 297.81628418 1177.69042969
v 227.27360535 299.89749146 1177.69042969
v 247.93484497 301.6890564 1177.69042969
v 268.59606934 303.30014038 1177.69042969
v 289.25732422 303.32281494 1177.69042969
v 309.91854858 302.17889404 1177.69042969
v 330.57977295 300.03912354 1177.69042969
v 351.24102783 298.2510376 1177.69042969
v 371.9022522 297.22451782 1177.69042969
v 392.56350708 296.78198242 1177.69042969
v 413.22473145 296.63897705 1177.69042969
v 433.88595581 296.60922241 1177.69042969
v 454.54721069 295.94113159 1177.69042969
v 475.20843506 294.81430054 1177.69042969
v 495.86968994 293.58651733 1177.69042969
v 516.53094482 292.47329712 1177.69042969
v 537.19213867 291.10977173 1177.69042969
v 557.85339355 289.79925537 1177.69042969
v 578.51464844 288.81887817 1177.69042969
v 599.17584229 288.02935791 1177.69042969
v 619.83709717 287.23681641 1177.69042969
v 640.49835205 285.962677 1177.69042969
v 661.1595459 284.37289429 1177.69042969
v 681.82080078 282.39794922 1177.69042969
v 702.48205566 279.77120972 1177.69042969
v 723.14331055 277.98828125 1177.69042969
v 743.80450439 276.88684082 1177.69042969
vn -0.00296 0.01314 0.99991
vn -0.0118 0.02269 0.99967
vn -0.01652 0.02199 0.99962
vn -0.05369 0.04823 0.99739
vn -0.06944 0.07952 0.99441
vn -0.11979 0.11223 0.98644
vn -0.07092 0.14335 0.98713
vn -0.07914 0.13493 0.98769
vn -0.03251 0.19038 0.98117
vn -0.05353 0.14412 0.98811
vn -0.03495 0.23796 0.97065
vn -0.06462 0.17761 0.98198
vn -0.0365 0.27434 0.96094
vn -0.04805 0.20581 0.97741
vn -0.04535 0.28449 0.95761
vn -0.02912 0.19365 0.98064
vn -0.07689 0.23905 0.96796
vn -0.02855 0.1426 0.98937
vn -0.06015 0.13211 0.98941
vn 0.00613 0.07559 0.99712
vn 0.01611 0.04013 0.99906
vn 0.05221 0.03391 0.99806
vn 0.0696 0.01621 0.99744
vn 0.05841 0.04418 0.99731
vn 0.07146 0.03263 0.99691
vn 0.06949 0.05481 0.99608
vn 0.07314 0.03611 0.99667
vn 0.0716 0.05916 0.99568
vn 0.06412 0.02572 0.99761
vn 0.06962 0.056 0.996
vn 0.05454 0.01247 0.99843
vn 0.06958 0.0417 0.9967
vn 0.0563 -0.01803 0.99825
vn 0.0651 0.03616 0.99722
vn 0.07194 -0.05051 0.99613
vn 0.08009 0.01642 0.99665
vn 0.09396 -0.0179 0.99542
vn 0.06896 0.01926 0.99743
vn 0.06678 0.06171 0.99586
vn 0.02725 0.04578 0.99858
vn -0.03918 0.09609 0.9946
vn -0.05396 0.05725 0.9969
vn -0.12752 0.05362 0.99039
vn -0.13015 0.04224 0.99059
vn -0.13816 0.06184 0.98848
vn -0.12241 0.03895 0.99172
vn -0.01803 0.0836 0.99634
vn -0.04036 0.0742 0.99643
vn 0.09572 0.13128 0.98671
vn 0.06253 0.14084 0.98806
vn 0.16724 0.25411 0.95261
vn 0.14008 0.21038 0.96753
vn 0.17115 0.25614 0.95137
vn 0.19294 0.21275 0.95787
vn 0.13153 0.16702 0.97714
vn 0.16984 0.17204 0.97034
vn 0.09701 0.09355 0.99088
vn 0.12393 0.11395 0.98573
vn 0.07161 0.07301 0.99476
vn 0.08181 0.0776 0.99362
vn 0.04756 0.06194 0.99695
vn 0.07042 0.04035 0.9967
vn 0.02413 0.01662 0.99957
vn 0.03121 0.01138 0.99945
vn -0.01093 -0.00873 0.9999
vn -0.00331 -0.00397 0.99999
vn 0.00177 -0.00288 0.99999
vn 0.00059 -0.00275 1
vn 0.01961 0.00138 0.99981
vn 0.01782 0.00441 0.99983
vn 0.01706 0.00146 0.99985
vn 0.01578 0.00305 0.99987
vn 0.03311 0.00252 0.99945
vn 0.04199 -0.00436 0.99911
vn 0.03755 0.02363 0.99902
vn 0.02572 0.00775 0.99964
vn -0.03361 -0.01337 0.99935
vn -0.03214 -0.01821 0.99932
vn -0.07643 -0.02281 0.99681
vn -0.06551 -0.02611 0.99751
vn -0.01088 -0.00262 0.99994
vn -0.02295 -0.0084 0.9997
vn -0.00239 0.00807 0.99996
vn 0.00391 -0.00699 0.99997
vn 0.00305 0.00166 0.99999
vn 0.0111 -0.01796 0.99978
vn 0.01647 -0.01452 0.99976
vn 0.01115 -0.00615 0.99992
vn 0.02323 -0.00503 0.99972
vn -9E-05 0.02174 0.99976
vn -0.01115 0.02958 0.9995
vn -0.0138 0.02355 0.99963
vn -0.01734 0.02889 0.99943
vn -0.00483 0.00606 0.99997
vn 0.00191 0.01465 0.99989
vn 0.01083 0.00416 0.99993
vn 0.02294 0.00079 0.99974
vn 0.03078 0.00641 0.99951
vn -0.03119 0.04055 0.99869
vn -0.09537 0.05087 0.99414
vn -0.143 0.07319 0.98701
vn -0.07046 0.07142 0.99495
vn -0.0676 0.07158 0.99514
vn -0.09657 0.0885 0.99138
vn -0.05791 0.10522 0.99276
vn -0.01 0.1062 0.99429
vn -0.00154 0.11633 0.99321
vn 0.04335 0.10294 0.99374
vn 0.06185 0.07478 0.99528
vn 0.04561 0.07376 0.99623
vn 0.06578 0.06977 0.99539
vn 0.05908 0.08863 0.99431
vn 0.05648 0.12991 0.98992
vn 0.07419 0.13353 0.98826
vn 0.08863 0.11284 0.98965
vn 0.11367 0.07427 0.99074
vn 0.08077 0.03442 0.99614
vn 0.01478 0.01245 0.99981
vn -0.05094 0.01254 0.99862
vn -0.12851 0.02539 0.99138
vn -0.12817 0.02226 0.9915
vn -0.08359 0.04458 0.9955
vn 0.00109 0.06402 0.99795
vn 0.09011 0.11554 0.98921
vn 0.17887 0.17259 0.96862
vn 0.20192 0.20098 0.95856
vn 0.15207 0.22086 0.96338
vn 0.13466 0.17562 0.9752
vn 0.11601 0.0984 0.98836
vn 0.05803 0.04834 0.99714
vn 0.01422 0.00699 0.99987
vn -0.00501 -0.00303 0.99998
vn 0.01527 -0.00034 0.99988
vn 0.02797 -0.00295 0.9996
vn 0.0255 0.00478 0.99966
vn 0.03129 0.02446 0.99921
vn -0.00637 -0.00032 0.99998
vn -0.05616 -0.04144 0.99756
vn -0.03675 -0.03944 0.99855
vn 0.00622 -0.02907 0.99956
vn -0.0066 -0.00174 0.99998
vn -0.00849 0.01318 0.99988
vn -0.00218 0.0097 0.99995
vn 0.00403 -0.00283 0.99999
vn -0.00338 -0.00911 0.99995
vn 0.00329 -0.00069 0.99999
vn 0.01833 0.00649 0.99981
vn -0.02247 0.02515 0.99943
vn -0.10626 0.01441 0.99423
vn -0.14551 0.00331 0.98935
vn -0.08984 0.03459 0.99536
vn -0.07508 0.05806 0.99549
vn -0.10145 0.04944 0.99361
vn -0.06751 0.04983 0.99647
vn -0.03035 0.06449 0.99746
vn -0.00831 0.08101 0.99668
vn 0.07057 0.07407 0.99475
vn 0.06921 0.07379 0.99487
vn 0.05113 0.08376 0.99517
vn 0.05027 0.09436 0.99427
vn -0.00035 0.1471 0.98912
vn 0.03592 0.18868 0.98138
vn 0.08404 0.19181 0.97783
vn 0.1377 0.13808 0.9808
vn 0.14507 0.09855 0.9845
vn 0.12333 0.06696 0.9901
vn 0.0436 0.02072 0.99883
vn -0.06902 0.00868 0.99758
vn -0.13652 0.02897 0.99021
vn -0.12427 0.01097 0.99219
vn -0.07981 -0.00313 0.99681
vn -0.02595 0.0062 0.99964
vn 0.03069 0.04534 0.9985
vn 0.10801 0.11198 0.98782
vn 0.12558 0.20167 0.97137
vn 0.14893 0.25724 0.9548
vn 0.21041 0.23104 0.94992
vn 0.18222 0.18282 0.96611
vn 0.12735 0.10377 0.98641
vn 0.05087 0.03308 0.99816
vn 0.0045 -0.00135 0.99999
vn 0.00849 -0.0032 0.99996
vn 0.01611 0.0166 0.99973
vn -7E-05 0.04007 0.9992
vn 0.04133 0.04463 0.99815
vn 0.02912 0.04255 0.99867
vn -0.01989 -0.01004 0.99975
vn -0.04125 -0.03832 0.99841
vn -0.03399 -0.00486 0.99941
vn -0.01226 0.00541 0.99991
vn 0.0009 -0.0171 0.99985
vn -0.00187 -0.01056 0.99994
vn 0.00986 -0.00454 0.99994
vn -0.00672 -0.00142 0.99998
vn -0.00571 0.00159 0.99998
vn 0.00263 0.00377 0.99999
vn -0.00014 0.00691 0.99998
vn -0.07892 -0.01284 0.9968
vn -0.14583 -0.05317 0.98788
vn -0.14557 -0.00322 0.98934
vn -0.08244 0.04051 0.99577
vn -0.0826 0.0283 0.99618
vn -0.06897 0.02056 0.99741
vn -0.04842 0.03276 0.99829
vn -0.01724 0.04887 0.99866
vn 0.06269 0.05437 0.99655
vn 0.0398 0.08268 0.99578
vn 0.03623 0.10856 0.99343
vn 0.00917 0.14779 0.98898
vn -0.03651 0.1649 0.98563
vn 0.02388 0.15803 0.98715
vn 0.11587 0.15653 0.98085
vn 0.18301 0.1264 0.97495
vn 0.17435 0.09717 0.97988
vn 0.1535 0.07022 0.98565
vn 0.07698 0.05073 0.99574
vn -0.06379 0.02127 0.99774
vn -0.11086 -0.02542 0.99351
vn -0.11591 -0.03801 0.99253
vn -0.08678 -0.02295 0.99596
vn -0.05251 0.002 0.99862
vn -0.00521 0.02085 0.99977
vn 0.04987 0.05147 0.99743
vn 0.04934 0.10246 0.99351
vn 0.11902 0.14779 0.98183
vn 0.2058 0.19377 0.95922
vn 0.23341 0.19932 0.95173
vn 0.20898 0.14856 0.96657
vn 0.11251 0.08067 0.99037
vn 0.03187 0.02175 0.99926
vn 0.00056 0.00236 1
vn -0.00747 0.01244 0.99989
vn -0.01303 0.02709 0.99955
vn 0.02252 0.04182 0.99887
vn 0.0526 0.05664 0.99701
vn 0.02969 0.02562 0.99923
vn -0.03344 -0.01119 0.99938
vn -0.05433 -0.00705 0.9985
vn 0.01345 -0.02659 0.99956
vn -0.00415 -0.02587 0.99966
vn -0.01822 -0.00717 0.99981
vn 0.00114 0.0063 0.99998
vn -0.00658 0.00975 0.99993
vn -0.00153 0.0003 1
vn 0.0035 -0.00231 0.99999
vn 0.01444 0.00858 0.99986
vn -0.033 -0.00514 0.99944
vn -0.14887 -0.03747 0.98815
vn -0.19825 -0.01572 0.98002
vn -0.11502 0.04579 0.99231
vn -0.08807 0.09318 0.99175
vn -0.07815 0.11566 0.99021
vn -0.06186 0.12509 0.99021
vn -0.00021 0.095 0.99548
vn 0.05912 0.06305 0.99626
vn 0.00887 0.08336 0.99648
vn 0.00026 0.11394 0.99349
vn -0.00625 0.13033 0.99145
vn -0.00298 0.0994 0.99504
vn 0.02047 0.07708 0.99681
vn 0.11644 0.08555 0.98951
vn 0.19205 0.10256 0.97601
vn 0.20879 0.07844 0.97481
vn 0.15555 0.08551 0.98412
vn 0.10228 0.07177 0.99216
vn 0.00225 0.00991 0.99995
vn -0.07542 -0.05136 0.99583
vn -0.12207 -0.07432 0.98974
vn -0.10661 -0.07625 0.99137
vn -0.07947 -0.03975 0.99604
vn -0.02853 -0.00195 0.99959
vn 0.01569 0.02947 0.99944
vn 0.02413 0.04903 0.99851
vn 0.07525 0.07028 0.99469
vn 0.15095 0.12819 0.98019
vn 0.21995 0.19319 0.95619
vn 0.23759 0.22489 0.94497
vn 0.19089 0.17432 0.96601
vn 0.0955 0.08027 0.99219
vn 0.01971 0.01651 0.99967
vn -0.0128 -0.00483 0.99991
vn -0.0182 -0.00783 0.9998
vn -0.00152 0.00228 1
vn 0.04854 0.0229 0.99856
vn 0.06138 0.02072 0.9979
vn -0.01508 -0.01121 0.99982
vn -0.04075 -0.02117 0.99894
vn 0.0076 -0.00932 0.99993
vn -0.01507 -0.00056 0.99989
vn -0.02903 0.00304 0.99957
vn -0.00435 0.00517 0.99998
vn -0.0003 0.00262 1
vn 0.0039 -0.00399 0.99998
vn 0.00795 -0.00875 0.99993
vn 0.0102 0.01707 0.9998
vn -0.00472 0.00939 0.99994
vn -0.13669 -0.01166 0.99055
vn -0.23472 -0.01427 0.97196
vn -0.20177 0.06851 0.97703
vn -0.1404 0.15478 0.97792
vn -0.07104 0.15368 0.98556
vn -0.02918 0.11955 0.9924
vn 0.04801 0.08011 0.99563
vn 0.05749 0.06828 0.99601
vn -0.00945 0.07601 0.99706
vn -0.0197 0.08657 0.99605
vn 0.00662 0.0895 0.99596
vn 0.01804 0.0854 0.99618
vn 0.03493 0.07054 0.9969
vn 0.09921 0.05779 0.99339
vn 0.18536 0.07756 0.97961
vn 0.18889 0.11432 0.97532
vn 0.17408 0.10233 0.9794
vn 0.14089 0.07057 0.98751
vn 0.05459 0.05322 0.99709
vn -0.01849 0.00396 0.99982
vn -0.08807 -0.05367 0.99467
vn -0.12103 -0.08551 0.98896
vn -0.12249 -0.07392 0.98971
vn -0.06981 -0.03621 0.9969
vn -0.01896 0.01491 0.99971
vn 0.00926 0.04616 0.99889
vn 0.04082 0.06718 0.99691
vn 0.08181 0.10999 0.99056
vn 0.13559 0.19424 0.97154
vn 0.22535 0.25793 0.93952
vn 0.26399 0.24057 0.93404
vn 0.20026 0.1463 0.96876
vn 0.07559 0.05628 0.99555
vn 0.01046 0.00366 0.99994
vn -0.01773 -0.01511 0.99973
vn -0.01545 -0.01189 0.99981
vn 0.03839 -0.00687 0.99924
vn 0.08334 -0.01771 0.99636
vn -0.013 -0.01465 0.99981
vn -0.04796 -0.0079 0.99882
vn -0.01576 0.02667 0.99952
vn -0.00924 0.02763 0.99958
vn -0.02533 0.01658 0.99954
vn -1E-05 0.00628 0.99998
vn 0.00829 -0.00546 0.99995
vn 0.00658 -0.00815 0.99995
vn 0.00762 -0.00287 0.99997
vn 0.00938 0.01077 0.9999
vn 0.00154 0.01631 0.99987
vn -0.11897 0.01376 0.9928
vn -0.26361 0.00219 0.96463
vn -0.28257 0.05102 0.95789
vn -0.16254 0.09207 0.9824
vn -0.05149 0.0938 0.99426
vn -0.00228 0.08676 0.99623
vn 0.06111 0.07399 0.99538
vn 0.05526 0.07498 0.99565
vn -0.00796 0.06344 0.99795
vn -0.0307 0.06699 0.99728
vn -0.00306 0.08423 0.99644
vn 0.02084 0.09224 0.99552
vn 0.05462 0.08447 0.99493
vn 0.0983 0.07384 0.99241
vn 0.15039 0.08893 0.98462
vn 0.1809 0.106 0.97777
vn 0.2 0.0876 0.97587
vn 0.13043 0.11425 0.98485
vn 0.06372 0.13937 0.98819
vn 0.03066 0.12049 0.99224
vn -0.0154 0.05366 0.99844
vn -0.07793 -0.02949 0.99652
vn -0.12803 -0.0705 0.98926
vn -0.12541 -0.04521 0.99107
vn -0.07012 0.01307 0.99745
vn -0.01172 0.0444 0.99895
vn 0.01526 0.06761 0.9976
vn 0.02969 0.09539 0.995
vn 0.05757 0.13922 0.98859
vn 0.18874 0.18418 0.9646
vn 0.31591 0.17599 0.93232
vn 0.27927 0.13997 0.94996
vn 0.12264 0.14016 0.9825
vn 0.06388 0.085 0.99433
vn 0.00695 0.01633 0.99984
vn -0.01144 -0.01544 0.99982
vn 0.04812 -0.02676 0.99848
vn 0.0776 -0.02375 0.9967
vn -0.02268 -0.00538 0.99973
vn -0.0742 0.00033 0.99724
vn -0.03483 0.02594 0.99906
vn -0.00194 0.03167 0.9995
vn -0.00884 0.02023 0.99976
vn 0.01375 0.0056 0.99989
vn 0.01119 0.00164 0.99994
vn 0.00154 0.00598 0.99998
vn 0.00381 0.00683 0.99997
vn -0.00043 0.02064 0.99979
vn -0.00553 0.02403 0.9997
vn -0.10405 0.02703 0.99421
vn -0.2839 0.04475 0.95781
vn -0.31375 0.06646 0.94718
vn -0.17504 0.07436 0.98175
vn -0.05926 0.08474 0.99464
vn 0.01389 0.07296 0.99724
vn 0.06023 0.06979 0.99574
vn 0.06731 0.0633 0.99572
vn -0.00055 0.05016 0.99874
vn -0.04217 0.0525 0.99773
vn -0.01679 0.06127 0.99798
vn 0.02403 0.05748 0.99806
vn 0.0559 0.06202 0.99651
vn 0.09887 0.06576 0.99292
vn 0.13624 0.07017 0.98819
vn 0.18891 0.07253 0.97931
vn 0.16673 0.10734 0.98014
vn 0.08455 0.16083 0.98335
vn 0.06483 0.17369 0.98267
vn 0.06692 0.15934 0.98495
vn 0.06014 0.11573 0.99146
vn -0.00602 0.05177 0.99864
vn -0.10084 -0.01487 0.99479
vn -0.15232 -0.04264 0.98741
vn -0.11254 -0.01714 0.9935
vn -0.04025 0.01995 0.99899
vn -0.00849 0.05359 0.99853
vn 0.01678 0.05526 0.99833
vn 0.04331 0.04012 0.99826
vn 0.18431 0.02406 0.98257
vn 0.3016 0.06668 0.9511
vn 0.20054 0.21376 0.95608
vn 0.13519 0.28272 0.94963
vn 0.15061 0.22601 0.96241
vn 0.09369 0.11114 0.98938
vn 0.02591 0.01331 0.99958
vn 0.04899 -0.01182 0.99873
vn 0.04844 0.02126 0.9986
vn -0.01355 0.02306 0.99964
vn -0.07757 -0.00466 0.99698
vn -0.05338 0.00313 0.99857
vn -0.00611 0.02147 0.99975
vn 0.00567 0.01233 0.99991
vn 0.01905 0.00571 0.9998
vn 0.01023 0.00349 0.99994
vn 0.00757 -0.00831 0.99994
vn 0.00419 -0.01852 0.99982
vn -0.00551 0.01653 0.99985
vn -0.0154 0.02256 0.99963
vn -0.14894 0.08323 0.98534
vn -0.31775 0.15235 0.93586
vn -0.28735 0.12884 0.94912
vn -0.16412 0.08598 0.98269
vn -0.05224 0.07346 0.99593
vn 0.01943 0.06681 0.99758
vn 0.06376 0.06205 0.99603
vn 0.075 0.0628 0.9952
vn 0.00666 0.05575 0.99842
vn -0.04036 0.04188 0.99831
vn -0.01173 0.03622 0.99928
vn 0.01758 0.04266 0.99893
vn 0.04733 0.05659 0.99728
vn 0.09072 0.06195 0.99395
vn 0.12868 0.07343 0.98896
vn 0.16204 0.09673 0.98203
vn 0.11116 0.14866 0.98262
vn 0.06318 0.18006 0.98162
vn 0.07175 0.17108 0.98264
vn 0.08966 0.15563 0.98374
vn 0.09871 0.13313 0.98617
vn 0.06002 0.09471 0.99369
vn -0.03562 0.03343 0.99881
vn -0.1424 -0.00862 0.98977
vn -0.14123 -0.00343 0.98997
vn -0.0753 0.01208 0.99709
vn -0.00928 0.01069 0.9999
vn 0.03405 -0.00014 0.99942
vn 0.06737 -0.01624 0.9976
vn 0.14347 0.02469 0.98935
vn 0.13712 0.18567 0.973
vn 0.06649 0.32614 0.94298
vn 0.14956 0.33164 0.93148
vn 0.23703 0.28589 0.92848
vn 0.21106 0.2086 0.95496
vn 0.10891 0.10644 0.98834
vn 0.04566 0.03869 0.99821
vn 0.03207 0.03615 0.99883
vn 0.00941 0.03798 0.99923
vn -0.05646 0.01214 0.99833
vn -0.05872 -0.015 0.99816
vn -0.01588 -0.00323 0.99987
vn 0.01407 0.00155 0.9999
vn 0.02573 -0.00824 0.99963
vn 0.02431 -0.0235 0.99943
vn 0.01228 -0.02856 0.99952
vn -0.00058 -0.02005 0.9998
vn -0.00718 0.02402 0.99969
vn -0.06964 0.06382 0.99553
vn -0.25583 0.1817 0.94949
vn -0.30442 0.20136 0.93101
vn -0.22286 0.13178 0.9659
vn -0.13952 0.09696 0.98546
vn -0.03909 0.07949 0.99607
vn 0.02314 0.0703 0.99726
vn 0.06214 0.0691 0.99567
vn 0.07559 0.07285 0.99447
vn 0.02606 0.05726 0.99802
vn -0.03327 0.0453 0.99842
vn -0.02057 0.0545 0.9983
vn 0.00257 0.06928 0.99759
vn 0.04655 0.06808 0.99659
vn 0.07769 0.07934 0.99382
vn 0.10922 0.09921 0.98905
vn 0.11738 0.1326 0.98419
vn 0.07472 0.16377 0.98367
vn 0.07391 0.1572 0.9848
vn 0.08943 0.13975 0.98614
vn 0.10982 0.11955 0.98674
vn 0.12142 0.09943 0.98761
vn 0.08927 0.08921 0.992
vn -0.00796 0.099 0.99506
vn -0.11749 0.0772 0.99007
vn -0.11322 0.01043 0.99352
vn -0.07695 -0.00563 0.99702
vn -0.00578 -0.00386 0.99998
vn 0.02246 0.02624 0.9994
vn 0.03062 0.07106 0.997
vn 0.0264 0.14461 0.98914
vn 0.00726 0.2221 0.975
vn 0.04894 0.24847 0.9674
vn 0.16525 0.24422 0.95554
vn 0.25185 0.26628 0.93041
vn 0.2729 0.26401 0.92511
vn 0.20564 0.21089 0.95563
vn 0.1087 0.11824 0.98702
vn 0.03993 0.04905 0.998
vn 0.01895 0.03076 0.99935
vn -0.0228 0.01486 0.99963
vn -0.03768 -0.0281 0.99889
vn -0.0289 -0.03596 0.99894
vn 0.00907 -0.01978 0.99976
vn 0.03936 -0.01721 0.99908
vn 0.02549 -0.01367 0.99958
vn 0.00182 -0.00081 1
vn -0.0058 0.00609 0.99996
vn -0.04376 0.06971 0.99661
vn -0.18943 0.16976 0.96711
vn -0.3028 0.24031 0.92226
vn -0.23846 0.19665 0.95103
vn -0.17974 0.1491 0.97235
vn -0.11613 0.12106 0.98583
vn -0.01563 0.08401 0.99634
vn 0.03083 0.0648 0.99742
vn 0.05881 0.06008 0.99646
vn 0.07754 0.06998 0.99453
vn 0.03917 0.06552 0.99708
vn -0.03072 0.05325 0.99811
vn -0.03427 0.05628 0.99783
vn 0.00246 0.05957 0.99822
vn 0.03782 0.06542 0.99714
vn 0.05882 0.08204 0.99489
vn 0.08876 0.09363 0.99164
vn 0.09206 0.11017 0.98964
vn 0.07318 0.12207 0.98982
vn 0.09106 0.11013 0.98974
vn 0.11325 0.08344 0.99006
vn 0.13701 0.04784 0.98941
vn 0.12909 0.0331 0.99108
vn 0.06156 0.05965 0.99632
vn -0.01209 0.08162 0.99659
vn -0.05287 0.04823 0.99744
vn -0.08704 0.02539 0.99588
vn -0.07656 0.02809 0.99667
vn -0.03455 0.03701 0.99872
vn -0.01773 0.07206 0.99724
vn -0.00185 0.08814 0.99611
vn -0.02125 0.10774 0.99395
vn -0.034 0.14898 0.98826
vn 0.04015 0.17121 0.98442
vn 0.13796 0.18958 0.97212
vn 0.21254 0.23223 0.94916
vn 0.26007 0.28321 0.92312
vn 0.25932 0.28884 0.92159
vn 0.2062 0.23081 0.9509
vn 0.11743 0.12652 0.98499
vn 0.04374 0.04103 0.9982
vn 0.00867 0.00969 0.99992
vn -0.01158 -0.01331 0.99984
vn -0.02557 -0.03647 0.99901
vn -0.00815 -0.03675 0.99929
vn 0.02266 -0.01153 0.99968
vn 0.01429 0.00794 0.99987
vn 0.0002 0.00833 0.99997
vn 0.00111 0.00302 0.99999
vn -0.16603 0.20787 0.96396
vn -0.2719 0.26535 0.92502
vn -0.27245 0.24983 0.92917
vn -0.19565 0.22745 0.95393
vn -0.13986 0.19578 0.97062
vn -0.0579 0.12654 0.99027
vn 0.01909 0.06881 0.99745
vn 0.04082 0.0512 0.99785
vn 0.0483 0.05256 0.99745
vn 0.07129 0.06364 0.99542
vn 0.05002 0.06537 0.99661
vn -0.01863 0.04843 0.99865
vn -0.03655 0.04091 0.99849
vn -0.00379 0.04743 0.99887
vn 0.02584 0.0572 0.99803
vn 0.05269 0.06257 0.99665
vn 0.07774 0.06732 0.9947
vn 0.07004 0.08849 0.99361
vn 0.07864 0.09433 0.99243
vn 0.11804 0.07305 0.99032
vn 0.15094 0.04103 0.98769
vn 0.16174 0.01264 0.98675
vn 0.12323 0.00081 0.99238
vn 0.03355 0.01726 0.99929
vn -0.00867 0.0257 0.99963
vn -0.05364 0.04606 0.9975
vn -0.09809 0.07228 0.99255
vn -0.05992 0.05385 0.99675
vn -0.05161 0.05108 0.99736
vn -0.02868 0.05538 0.99805
vn -0.02266 0.07398 0.997
vn -0.06228 0.10888 0.9921
vn -0.05067 0.11698 0.99184
vn 0.0401 0.09832 0.99435
vn 0.09493 0.12601 0.98748
vn 0.14973 0.19076 0.97015
vn 0.2045 0.26656 0.94188
vn 0.25766 0.30892 0.91552
vn 0.27216 0.29685 0.91532
vn 0.22679 0.22863 0.94673
vn 0.12972 0.11579 0.98477
vn 0.03688 0.03583 0.99868
vn 0.01012 0.00883 0.99991
vn -0.00688 -0.00902 0.99994
vn -0.00959 -0.02618 0.99961
vn -0.00709 -0.01357 0.99988
vn 0.00392 0.00838 0.99996
vn 0.0058 0.01222 0.99991
vn 0.00436 0.01006 0.99994
vn -0.22675 0.27068 0.93558
vn -0.25863 0.24419 0.9346
vn -0.25237 0.21453 0.94355
vn -0.17116 0.1947 0.96581
vn -0.06176 0.12006 0.99084
vn 0.00989 0.05304 0.99854
vn 0.03781 0.03988 0.99849
vn 0.04618 0.03828 0.9982
vn 0.04024 0.04137 0.99833
vn 0.06071 0.05144 0.99683
vn 0.05568 0.06008 0.99664
vn -0.00187 0.04522 0.99898
vn -0.0323 0.02945 0.99904
vn -0.01717 0.0379 0.99913
vn 0.01757 0.05071 0.99856
vn 0.04922 0.0571 0.99715
vn 0.06202 0.06801 0.99576
vn 0.06144 0.07439 0.99533
vn 0.09043 0.06442 0.99382
vn 0.14424 0.04042 0.98872
vn 0.18358 0.00183 0.983
vn 0.18561 -0.03005 0.98216
vn 0.10779 -0.01912 0.99399
vn 0.01376 0.01726 0.99976
vn -0.02532 0.03999 0.99888
vn -0.09069 0.0729 0.99321
vn -0.08369 0.06901 0.9941
vn -0.04905 0.05083 0.9975
vn -0.06185 0.06758 0.9958
vn -0.03989 0.08112 0.99591
vn -0.05035 0.10272 0.99344
vn -0.06032 0.09626 0.99353
vn -0.014 0.05299 0.9985
vn 0.03216 0.03846 0.99874
vn 0.04769 0.05908 0.99711
vn 0.06827 0.10852 0.99175
vn 0.13715 0.18333 0.97344
vn 0.22033 0.25188 0.94234
vn 0.28247 0.2896 0.91452
vn 0.29387 0.28494 0.91239
vn 0.23705 0.21861 0.94658
vn 0.12396 0.09615 0.98762
vn 0.02731 0.02521 0.99931
vn 0.00879 0.011 0.9999
vn -0.00371 6E-05 0.99999
vn -0.01466 -0.00939 0.99985
vn -0.01383 -0.00313 0.9999
vn 0.00186 0.01678 0.99986
vn 0.01791 0.02154 0.99961
vn -0.20217 0.20236 0.95821
vn -0.22315 0.15811 0.96187
vn -0.22293 0.11192 0.96839
vn -0.10814 0.05296 0.99272
vn -0.0088 0.01697 0.99982
vn 0.01651 0.016 0.99974
vn 0.03719 0.01507 0.99919
vn 0.04104 0.01909 0.99897
vn 0.03008 0.03384 0.99897
vn 0.04886 0.04425 0.99783
vn 0.05819 0.05275 0.99691
vn 0.01526 0.04732 0.99876
vn -0.02471 0.02802 0.9993
vn -0.03245 0.03364 0.99891
vn 0.00477 0.05054 0.99871
vn 0.03996 0.06474 0.9971
vn 0.05619 0.06984 0.99597
vn 0.07364 0.05801 0.9956
vn 0.11213 0.04065 0.99286
vn 0.18796 -0.00114 0.98218
vn 0.22469 -0.05477 0.97289
vn 0.17743 -0.06291 0.98212
vn 0.05567 -0.01126 0.99839
vn -0.0152 0.02866 0.99947
vn -0.05403 0.05335 0.99711
vn -0.09626 0.06813 0.99302
vn -0.06073 0.05097 0.99685
vn -0.07042 0.06513 0.99539
vn -0.08344 0.09704 0.99178
vn -0.05649 0.11355 0.99193
vn -0.04772 0.11276 0.99248
vn -0.02661 0.09388 0.99523
vn 0.01241 0.07697 0.99696
vn 0.04102 0.05623 0.99757
vn 0.03425 0.04568 0.99837
vn 0.02446 0.05056 0.99842
vn 0.06148 0.08262 0.99468
vn 0.15438 0.15014 0.97654
vn 0.25267 0.1912 0.94847
vn 0.30367 0.22561 0.92568
vn 0.31015 0.23185 0.92199
vn 0.23266 0.1676 0.95801
vn 0.09193 0.06724 0.99349
vn 0.01677 0.01679 0.99972
vn 0.00828 0.0088 0.99993
vn -0.00614 -0.00295 0.99998
vn -0.02223 -0.01144 0.99969
vn -0.00737 -0.01816 0.99981
vn 0.02903 -0.03744 0.99888
vn -0.16502 0.0691 0.98387
vn -0.17966 -0.00055 0.98373
vn -0.17016 -0.05839 0.98369
vn -0.08151 -0.08227 0.99327
vn -0.02199 -0.05409 0.99829
vn 0.01367 -0.03086 0.99943
vn 0.03862 -0.02904 0.99883
vn 0.02098 -0.01044 0.99973
vn 0.01377 0.01404 0.99981
vn 0.03254 0.03773 0.99876
vn 0.04941 0.0584 0.99707
vn 0.03091 0.05946 0.99775
vn -0.01182 0.03711 0.99924
vn -0.04247 0.02973 0.99866
vn -0.01387 0.04304 0.99898
vn 0.03004 0.05594 0.99798
vn 0.06543 0.05373 0.99641
vn 0.08416 0.04514 0.99543
vn 0.14234 0.02605 0.98947
vn 0.23866 -0.01469 0.97099
vn 0.25035 -0.04565 0.96708
vn 0.13487 -0.01797 0.9907
vn 0.01791 0.01444 0.99974
vn -0.04614 0.0487 0.99775
vn -0.08312 0.08835 0.99262
vn -0.07953 0.08095 0.99354
vn -0.06156 0.06596 0.99592
vn -0.1055 0.09267 0.99009
vn -0.1032 0.11792 0.98765
vn -0.06132 0.12615 0.99011
vn -0.03653 0.11658 0.99251
vn -0.01658 0.10764 0.99405
vn 0.02867 0.09368 0.99519
vn 0.04519 0.10615 0.99332
vn 0.03817 0.12565 0.99134
vn 0.04886 0.08712 0.995
vn 0.04606 0.0429 0.99802
vn 0.11608 0.04791 0.99208
vn 0.20563 0.10037 0.97347
vn 0.24869 0.16848 0.95382
vn 0.30289 0.22616 0.9258
vn 0.29507 0.22595 0.92838
vn 0.19556 0.13857 0.97085
vn 0.06077 0.04609 0.99709
vn 0.01193 0.01115 0.99987
vn 0.00679 0.00721 0.99995
vn -0.00202 -0.00961 0.99995
vn -0.0021 -0.0041 0.99999
vn 0.00974 0.02287 0.99969
vn -0.11436 -0.10649 0.98772
vn -0.12587 -0.15035 0.98059
vn -0.13667 -0.18246 0.97367
vn -0.10447 -0.18092 0.97793
vn -0.06079 -0.15258 0.98642
vn -0.00279 -0.12612 0.99201
vn 0.01185 -0.08449 0.99635
vn -0.00946 -0.04155 0.99909
vn -0.01815 -0.00513 0.99982
vn 0.00231 0.03128 0.99951
vn 0.03338 0.05744 0.99779
vn 0.04465 0.06378 0.99696
vn 0.00966 0.0454 0.99892
vn -0.04237 0.03364 0.99854
vn -0.02496 0.03616 0.99903
vn 0.02369 0.04384 0.99876
vn 0.06942 0.04629 0.99651
vn 0.09808 0.03457 0.99458
vn 0.16884 0.0124 0.98557
vn 0.25872 0.00622 0.96593
vn 0.23519 0.01994 0.97174
vn 0.11426 0.03011 0.99299
vn -0.01099 0.04205 0.99905
vn -0.10588 0.10914 0.98837
vn -0.07536 0.11664 0.99031
vn -0.04991 0.08009 0.99554
vn -0.08045 0.08739 0.99292
vn -0.13461 0.11906 0.98372
vn -0.11164 0.12847 0.98541
vn -0.05157 0.12169 0.99123
vn -0.02219 0.10818 0.99388
vn -0.00441 0.0967 0.9953
vn 0.0137 0.10102 0.99479
vn 0.01072 0.11758 0.99301
vn 0.05826 0.11246 0.99195
vn 0.0913 0.10739 0.99002
vn 0.07711 0.0822 0.99363
vn 0.09853 0.05585 0.99357
vn 0.13355 0.10287 0.98569
vn 0.1832 0.17116 0.96806
vn 0.26112 0.21954 0.94001
vn 0.32692 0.23434 0.91554
vn 0.27159 0.2107 0.93907
vn 0.15644 0.11636 0.98081
vn 0.04051 0.03233 0.99866
vn 0.00549 0.01027 0.99993
vn -0.01653 0.02423 0.99957
vn -0.00721 0.02297 0.99971
vn 0.00014 0.01875 0.99982
vn -0.07831 -0.15595 0.98466
vn -0.09945 -0.15824 0.98238
vn -0.12125 -0.17071 0.97783
vn -0.11133 -0.17778 0.97775
vn -0.08248 -0.17026 0.98194
vn -0.05343 -0.12925 0.99017
vn -0.04581 -0.06915 0.99655
vn -0.04693 -0.02742 0.99852
vn -0.05499 0.00849 0.99845
vn -0.02432 0.02914 0.99928
vn 0.01367 0.04728 0.99879
vn 0.04949 0.05488 0.99727
vn 0.02037 0.05348 0.99836
vn -0.03796 0.05004 0.99803
vn -0.02634 0.04368 0.9987
vn 0.0198 0.04325 0.99887
vn 0.08025 0.03011 0.99632
vn 0.12117 0.00359 0.99263
vn 0.1679 0.00321 0.9858
vn 0.24818 0.0159 0.96858
vn 0.22611 0.02495 0.97378
vn 0.11623 0.0266 0.99287
vn -0.06552 0.05826 0.99615
vn -0.12798 0.07955 0.98858
vn -0.03976 0.05247 0.99783
vn -0.0532 0.05679 0.99697
vn -0.12455 0.1094 0.98616
vn -0.14996 0.14483 0.97803
vn -0.09527 0.12556 0.9875
vn -0.04261 0.11003 0.99301
vn -0.01724 0.11022 0.99376
vn 0.00826 0.09923 0.99503
vn 0.01936 0.08489 0.9962
vn 0.02034 0.06585 0.99762
vn 0.04379 0.06136 0.99715
vn 0.0804 0.08643 0.99301
vn 0.10209 0.10031 0.9897
vn 0.09322 0.09839 0.99077
vn 0.08838 0.10416 0.99063
vn 0.13276 0.12409 0.98335
vn 0.23366 0.1461 0.96128
vn 0.30585 0.18544 0.93385
vn 0.31465 0.20763 0.92622
vn 0.24575 0.16388 0.95538
vn 0.12037 0.07564 0.98984
vn 0.0202 0.01615 0.99967
vn -0.01142 -0.00555 0.99992
vn -0.01304 -0.00685 0.99989
vn -0.01115 -0.00355 0.99993
vn -0.07477 -0.09693 0.99248
vn -0.09546 -0.08086 0.99214
vn -0.12301 -0.07182 0.9898
vn -0.11683 -0.06005 0.99133
vn -0.1046 -0.04791 0.99336
vn -0.1009 -0.02203 0.99465
vn -0.08251 0.0029 0.99659
vn -0.08079 0.02753 0.99635
vn -0.07392 0.05062 0.99598
vn -0.03712 0.0647 0.99721
vn 0.00829 0.06494 0.99785
vn 0.04877 0.05739 0.99716
vn 0.01117 0.07215 0.99733
vn -0.02403 0.06325 0.99771
vn -0.01817 0.04569 0.99879
vn 0.03573 0.02702 0.999
vn 0.10715 0.0025 0.99424
vn 0.13593 -0.02462 0.99041
vn 0.16956 -0.049 0.9843
vn 0.23629 -0.05049 0.97037
vn 0.21588 -0.02946 0.97598
vn 0.09446 -0.00152 0.99553
vn -0.0916 0.02923 0.99537
vn -0.10095 0.01245 0.99481
vn -0.04974 0.01949 0.99857
vn -0.10939 0.07027 0.99151
vn -0.18274 0.13873 0.97332
vn -0.13449 0.14321 0.98051
vn -0.0709 0.11836 0.99044
vn -0.03775 0.10729 0.99351
vn -0.00798 0.09513 0.99543
vn 0.01601 0.08625 0.99615
vn 0.03429 0.07823 0.99635
vn 0.04486 0.06218 0.99706
vn 0.04455 0.04 0.99821
vn 0.04747 0.04906 0.99767
vn 0.07878 0.08559 0.99321
vn 0.10012 0.09575 0.99036
vn 0.11485 0.0566 0.99177
vn 0.13141 0.0278 0.99094
vn 0.2057 0.02726 0.97824
vn 0.2624 0.06402 0.96283
vn 0.30979 0.10083 0.94544
vn 0.2913 0.11839 0.94928
vn 0.18665 0.09073 0.97823
vn 0.06621 0.04639 0.99673
vn 0.00384 0.01267 0.99991
vn -0.01083 -0.00629 0.99992
vn -0.0156 -0.01153 0.99981
vn -0.0772 -0.03411 0.99643
vn -0.11026 -0.01938 0.99371
vn -0.14274 0.005 0.98975
vn -0.12607 0.01555 0.9919
vn -0.12049 0.02733 0.99234
vn -0.11038 0.03116 0.9934
vn -0.0976 0.03778 0.99451
vn -0.1096 0.06717 0.9917
vn -0.0896 0.08471 0.99237
vn -0.03905 0.0895 0.99522
vn 0.02901 0.06863 0.99722
vn 0.03771 0.06756 0.997
vn 0.00284 0.09135 0.99581
vn 0.00444 0.06638 0.99778
vn 0.00054 0.04131 0.99915
vn 0.06204 0.01021 0.99802
vn 0.13474 -0.01169 0.99081
vn 0.18917 -0.0777 0.97887
vn 0.192 -0.13198 0.97248
vn 0.21458 -0.12481 0.9687
vn 0.1757 -0.07905 0.98127
vn 0.02407 0.02298 0.99945
vn -0.12139 0.12881 0.98421
vn -0.08195 0.12515 0.98875
vn -0.0704 0.10523 0.99195
vn -0.15959 0.10515 0.98157
vn -0.20599 0.12379 0.97069
vn -0.11691 0.1229 0.98551
vn -0.05647 0.1137 0.99191
vn -0.02088 0.09409 0.99534
vn 0.00577 0.07725 0.99699
vn 0.02439 0.06487 0.9976
vn 0.03944 0.05931 0.99746
vn 0.05649 0.06216 0.99647
vn 0.05466 0.06284 0.99653
vn 0.04262 0.04658 0.99801
vn 0.0602 0.03711 0.9975
vn 0.12435 0.0193 0.99205
vn 0.15865 -0.02888 0.98691
vn 0.16795 -0.07925 0.9826
vn 0.19515 -0.09884 0.97578
vn 0.23305 -0.08548 0.9687
vn 0.27018 -0.05027 0.9615
vn 0.27101 -0.00051 0.96258
vn 0.19049 0.04885 0.98047
vn 0.07839 0.09467 0.99242
vn 0.04083 0.08239 0.99576
vn 0.02054 0.0195 0.9996
vn -0.00235 -0.00783 0.99997
vn -0.0937 -0.01735 0.99545
vn -0.1294 -0.00795 0.99156
vn -0.14908 -0.00847 0.98879
vn -0.12725 -0.02208 0.99163
vn -0.12969 -0.01768 0.9914
vn -0.11458 -0.01118 0.99335
vn -0.13004 0.02156 0.99127
vn -0.13429 0.06166 0.98902
vn -0.09285 0.06921 0.99327
vn -0.02195 0.05439 0.99828
vn 0.03645 0.0437 0.99838
vn -0.00162 0.08484 0.99639
vn 0.01188 0.10539 0.99436
vn 0.03953 0.06888 0.99684
vn 0.03669 0.02889 0.99891
vn 0.09844 -0.03092 0.99466
vn 0.20356 -0.11723 0.97202
vn 0.23968 -0.16554 0.95663
vn 0.19219 -0.15433 0.96915
vn 0.1777 -0.12414 0.97622
vn 0.05514 -0.01726 0.99833
vn -0.14369 0.16427 0.97589
vn -0.12604 0.20028 0.9716
vn -0.02576 0.12425 0.99192
vn -0.0435 0.09549 0.99448
vn -0.16584 0.09419 0.98164
vn -0.21776 0.11531 0.96917
vn -0.11343 0.12316 0.98588
vn -0.03552 0.10384 0.99396
vn -0.00055 0.08103 0.99671
vn 0.01958 0.06506 0.99769
vn 0.03276 0.0567 0.99785
vn 0.03646 0.05383 0.99788
vn 0.04649 0.05842 0.99721
vn 0.06218 0.06006 0.99626
vn 0.07077 0.03945 0.99671
vn 0.09652 -0.00432 0.99532
vn 0.16801 -0.05173 0.98443
vn 0.20275 -0.08891 0.97519
vn 0.20555 -0.13844 0.96881
vn 0.19815 -0.15944 0.96712
vn 0.21621 -0.15905 0.96331
vn 0.23347 -0.1416 0.962
vn 0.19807 -0.07449 0.97735
vn 0.06643 0.09177 0.99356
vn 0.01715 0.24083 0.97042
vn 0.10077 0.23933 0.9657
vn 0.11166 0.12288 0.98612
vn 0.0644 0.0556 0.99637
vn -0.1008 -0.00847 0.99487
vn -0.11703 -0.02575 0.99279
vn -0.12205 -0.06091 0.99065
vn -0.12046 -0.08277 0.98926
vn -0.13526 -0.07978 0.98759
vn -0.15064 -0.04402 0.98761
vn -0.181 0.01256 0.9834
vn -0.15954 0.05725 0.98553
vn -0.07835 0.05468 0.99542
vn 0.00122 0.02474 0.99969
vn -0.00297 0.0448 0.99899
vn -0.04781 0.09808 0.99403
vn 0.0434 0.08535 0.99541
vn 0.0798 0.04564 0.99577
vn 0.11103 -0.02226 0.99357
vn 0.19419 -0.12112 0.97346
vn 0.2535 -0.18284 0.9499
vn 0.20517 -0.14988 0.96718
vn 0.16304 -0.11124 0.98033
vn 0.10274 -0.05332 0.99328
vn -0.10592 0.07283 0.9917
vn -0.18762 0.11708 0.97524
vn -0.04978 0.05172 0.99742
vn -0.02451 0.06873 0.99733
vn -0.07535 0.14036 0.98723
vn -0.17411 0.14943 0.97332
vn -0.22219 0.13575 0.96551
vn -0.08835 0.10408 0.99064
vn -0.01332 0.07874 0.99681
vn 0.01341 0.06932 0.9975
vn 0.0279 0.06399 0.99756
vn 0.03724 0.06099 0.99744
vn 0.04487 0.04933 0.99777
vn 0.04888 0.03548 0.99817
vn 0.07015 0.02819 0.99714
vn 0.09663 0.01359 0.99523
vn 0.1402 -0.01813 0.98996
vn 0.20374 -0.05265 0.97761
vn 0.252 -0.09891 0.96266
vn 0.23415 -0.13278 0.96309
vn 0.21187 -0.15485 0.96495
vn 0.2118 -0.16038 0.96406
vn 0.17357 -0.10253 0.97947
vn 0.0245 0.07247 0.99707
vn -0.1263 0.25863 0.95768
vn -0.03435 0.31979 0.94687
vn 0.17111 0.3054 0.93672
vn 0.22919 0.23336 0.94499
vn 0.24463 0.16738 0.95506
vn -0.06665 -0.02702 0.99741
vn -0.08491 -0.0476 0.99525
vn -0.09041 -0.07666 0.99295
vn -0.1155 -0.09115 0.98912
vn -0.16232 -0.07517 0.98387
vn -0.20965 -0.01704 0.97763
vn -0.23048 0.03535 0.97243
vn -0.17204 0.06025 0.98325
vn -0.04405 0.03427 0.99844
vn 0.00634 0.01346 0.99989
vn -0.05068 0.04009 0.99791
vn -0.04815 0.04687 0.99774
vn 0.07862 0.01533 0.99679
vn 0.1255 -0.01206 0.99202
vn 0.18828 -0.068 0.97976
vn 0.26166 -0.1208 0.95757
vn 0.24452 -0.13283 0.9605
vn 0.17232 -0.11448 0.97837
vn 0.11811 -0.07829 0.98991
vn 0.00171 0.00691 0.99997
vn -0.1628 0.06085 0.98478
vn -0.13936 0.03261 0.98971
vn -0.08529 0.07487 0.99354
vn -0.11794 0.17776 0.97698
vn -0.0928 0.21613 0.97194
vn -0.13836 0.16858 0.97593
vn -0.17929 0.11565 0.97698
vn -0.05497 0.07304 0.99581
vn -0.00632 0.06077 0.99813
vn 0.01576 0.05848 0.99816
vn 0.03052 0.0548 0.99803
vn 0.04583 0.04985 0.9977
vn 0.06068 0.03689 0.99748
vn 0.0609 0.02491 0.99783
vn 0.08354 0.0084 0.99647
vn 0.12416 -0.02075 0.99205
vn 0.16677 -0.04746 0.98485
vn 0.24209 -0.0789 0.96704
vn 0.27999 -0.10068 0.95471
vn 0.25524 -0.11684 0.95979
vn 0.2254 -0.1351 0.96485
vn 0.14796 -0.06821 0.98664
vn 0.00281 0.10871 0.99407
vn -0.14014 0.2513 0.95771
vn -0.16239 0.26304 0.95102
vn -0.04187 0.23979 0.96992
vn 0.17059 0.26466 0.94913
vn 0.28766 0.28317 0.91491
vn 0.38906 0.25481 0.88527
vn -0.05286 -0.01196 0.99853
vn -0.05075 -0.03476 0.99811
vn -0.07027 -0.0683 0.99519
vn -0.12079 -0.06459 0.99057
vn -0.19542 -0.05728 0.97905
vn -0.2561 -0.02778 0.96625
vn -0.26131 0.00534 0.96524
vn -0.15534 0.00256 0.98786
vn -0.02212 -0.00759 0.99973
vn -0.00533 -0.00048 0.99999
vn -0.0583 0.00136 0.9983
vn -0.02157 -0.01679 0.99963
vn 0.09456 -0.03438 0.99492
vn 0.15967 -0.05626 0.98557
vn 0.23536 -0.09626 0.96713
vn 0.27537 -0.10507 0.95558
vn 0.23375 -0.09086 0.96804
vn 0.15163 -0.076 0.98551
vn 0.04086 -0.00991 0.99912
vn -0.07756 0.08061 0.99372
vn -0.14977 0.09983 0.98367
vn -0.16381 0.11267 0.98004
vn -0.17666 0.18167 0.96736
vn -0.15696 0.20502 0.96609
vn -0.04787 0.16594 0.98497
vn -0.0951 0.1291 0.98706
vn -0.12598 0.07933 0.98886
vn -0.03149 0.04278 0.99859
vn -0.0018 0.03272 0.99946
vn 0.02021 0.0293 0.99937
vn 0.03503 0.02234 0.99914
vn 0.05429 0.01547 0.99841
vn 0.06797 0.01251 0.99761
vn 0.079 -0.00443 0.99686
vn 0.11856 -0.04231 0.99205
vn 0.15184 -0.07365 0.98566
vn 0.19193 -0.09611 0.97669
vn 0.25726 -0.10818 0.96027
vn 0.28378 -0.10439 0.95319
vn 0.26815 -0.10542 0.95759
vn 0.16325 -0.04531 0.98554
vn -0.0224 0.11957 0.99257
vn -0.12568 0.23004 0.96503
vn -0.15178 0.23405 0.9603
vn -0.12213 0.20663 0.97077
vn -0.04412 0.19163 0.98048
vn 0.1103 0.21179 0.97107
vn 0.2682 0.27536 0.92317
vn 0.34597 0.31004 0.88554
vn 0.00331 0.05435 0.99852
vn -0.00305 0.04532 0.99897
vn -0.05458 0.00566 0.99849
vn -0.11131 -0.02101 0.99356
vn -0.19171 -0.05012 0.98017
vn -0.27345 -0.06002 0.96001
vn -0.26597 -0.06633 0.9617
vn -0.14591 -0.08457 0.98568
vn -0.04083 -0.06254 0.99721
vn -0.01791 -0.03236 0.99932
vn -0.04785 -0.02633 0.99851
vn 0.00288 -0.05182 0.99865
vn 0.11073 -0.06877 0.99147
vn 0.19016 -0.08389 0.97816
vn 0.24553 -0.09176 0.96504
vn 0.25504 -0.07207 0.96424
vn 0.21795 -0.05253 0.97455
vn 0.09569 -0.00345 0.99541
vn -0.05705 0.08446 0.99479
vn -0.12279 0.14324 0.98204
vn -0.15729 0.16833 0.9731
vn -0.19368 0.17752 0.96487
vn -0.18255 0.15793 0.97043
vn -0.11548 0.11068 0.98712
vn -0.01738 0.07735 0.99685
vn -0.06999 0.07796 0.9945
vn -0.07512 0.03328 0.99662
vn -0.01565 0.00517 0.99986
vn 0.00047 0.0006 1
vn 0.02677 -0.0037 0.99963
vn 0.04289 -0.01081 0.99902
vn 0.05848 -0.01865 0.99811
vn 0.08343 -0.03498 0.9959
vn 0.1179 -0.07485 0.9902
vn 0.14696 -0.1038 0.98368
vn 0.1689 -0.1161 0.97877
vn 0.20917 -0.13428 0.96862
vn 0.24973 -0.1308 0.95944
vn 0.27292 -0.11115 0.9556
vn 0.21909 -0.0615 0.97376
vn 0.00269 0.0938 0.99559
vn -0.1307 0.20607 0.96977
vn -0.13986 0.22426 0.96444
vn -0.13855 0.22558 0.96432
vn -0.10489 0.21539 0.97088
vn -0.02548 0.1901 0.98143
vn 0.06568 0.18414 0.9807
vn 0.19257 0.23589 0.95251
vn 0.21086 0.28626 0.93466
vn 0.06298 0.12719 0.98988
vn 0.04163 0.09498 0.99461
vn -0.02084 0.07067 0.99728
vn -0.06876 0.03394 0.99706
vn -0.15752 -0.01617 0.98738
vn -0.24711 -0.06209 0.967
vn -0.23356 -0.10754 0.96638
vn -0.16433 -0.10688 0.9806
vn -0.08812 -0.05751 0.99445
vn -0.03805 -0.0296 0.99884
vn -0.02915 -0.03517 0.99896
vn 0.02193 -0.05384 0.99831
vn 0.11188 -0.05011 0.99246
vn 0.2001 -0.05259 0.97836
vn 0.2355 -0.04888 0.97064
vn 0.23899 -0.03437 0.97041
vn 0.18128 -0.00445 0.98342
vn 0.02859 0.03866 0.99884
vn -0.10792 0.06233 0.9922
vn -0.14979 0.07376 0.98596
vn -0.17152 0.08898 0.98115
vn -0.17748 0.08304 0.98062
vn -0.1439 0.06414 0.98751
vn -0.08809 0.05734 0.99446
vn -0.0251 0.06141 0.9978
vn -0.04523 0.05408 0.99751
vn -0.03219 0.00675 0.99946
vn -0.0071 -0.01183 0.9999
vn 0.0044 -0.01819 0.99982
vn 0.0341 -0.02802 0.99903
vn 0.05487 -0.04255 0.99759
vn 0.08064 -0.07185 0.99415
vn 0.11869 -0.10663 0.98719
vn 0.14512 -0.13023 0.98081
vn 0.15824 -0.14363 0.9769
vn 0.18529 -0.15824 0.96986
vn 0.21015 -0.16124 0.96428
vn 0.2314 -0.14441 0.96208
vn 0.23562 -0.10973 0.96563
vn 0.07048 0.02435 0.99722
vn -0.13821 0.18346 0.97326
vn -0.16006 0.23215 0.95942
vn -0.15209 0.25739 0.95426
vn -0.12883 0.26002 0.95697
vn -0.06524 0.21799 0.97377
vn 0.00322 0.17565 0.98445
vn 0.05444 0.16361 0.98502
vn 0.12939 0.17826 0.97544
vn 0.13894 0.19742 0.97042
vn 0.06866 0.06996 0.99518
vn 0.03973 0.07625 0.9963
vn 0.00156 0.07251 0.99737
vn -0.0195 0.03361 0.99924
vn -0.11467 0.00244 0.9934
vn -0.19712 -0.04637 0.97928
vn -0.21273 -0.08905 0.97304
vn -0.21153 -0.05789 0.97566
vn -0.11956 -0.01981 0.99263
vn -0.04313 -0.00762 0.99904
vn -0.01704 -0.00927 0.99981
vn 0.02326 -0.01516 0.99961
vn 0.11288 -0.01432 0.99351
vn 0.19818 -0.00983 0.98012
vn 0.22436 0.00185 0.9745
vn 0.22158 0.01518 0.97503
vn 0.15702 0.03213 0.98707
vn 0.02564 0.02711 0.9993
vn -0.09116 -0.00776 0.99581
vn -0.15383 -0.03283 0.98755
vn -0.18697 -0.02201 0.98212
vn -0.19249 0.0141 0.9812
vn -0.15221 0.03738 0.98764
vn -0.09492 0.05198 0.99413
vn -0.02025 0.04586 0.99874
vn -0.00989 0.03148 0.99946
vn -0.00346 0.00401 0.99999
vn 0.00367 -0.01286 0.99991
vn 0.01955 -0.03244 0.99928
vn 0.05536 -0.06096 0.9966
vn 0.08367 -0.09084 0.99234
vn 0.11422 -0.12293 0.98582
vn 0.14145 -0.1451 0.97925
vn 0.15742 -0.15779 0.97484
vn 0.1713 -0.16909 0.9706
vn 0.19228 -0.17723 0.9652
vn 0.2 -0.17694 0.96369
vn 0.20538 -0.15792 0.96586
vn 0.11388 -0.04145 0.99263
vn -0.11211 0.14616 0.98289
vn -0.20105 0.22829 0.95261
vn -0.19085 0.2596 0.94667
vn -0.1617 0.2751 0.94772
vn -0.08812 0.2504 0.96412
vn -0.00698 0.19625 0.98053
vn 0.0341 0.15066 0.988
vn 0.06043 0.13258 0.98933
vn 0.10757 0.12777 0.98595
vn 0.11074 0.13157 0.9851
vn 0.04599 0.02288 0.99868
vn 0.02617 0.02788 0.99927
vn 0.02197 0.02897 0.99934
vn -0.00458 0.0266 0.99964
vn -0.08732 0.02343 0.9959
vn -0.14493 -0.01026 0.98939
vn -0.21066 -0.04514 0.97652
vn -0.25124 -0.02651 0.96756
vn -0.14327 0.00121 0.98968
vn -0.04628 0.01405 0.99883
vn -0.00885 0.00906 0.99992
vn 0.02265 0.00545 0.99973
vn 0.10572 0.0141 0.9943
vn 0.18144 0.03698 0.98271
vn 0.21267 0.0559 0.97552
vn 0.20778 0.06763 0.97583
vn 0.15635 0.07048 0.98518
vn 0.05923 0.04955 0.99701
vn -0.0464 0.00391 0.99892
vn -0.14473 -0.02324 0.9892
vn -0.21795 -0.00971 0.97591
vn -0.21884 0.01687 0.97561
vn -0.16924 0.03547 0.98494
vn -0.09361 0.03962 0.99482
vn -0.01471 0.031 0.99941
vn 0.0053 0.02668 0.99963
vn 0.01703 0.00952 0.99981
vn 0.02545 -0.01196 0.9996
vn 0.05071 -0.04143 0.99785
vn 0.08698 -0.07567 0.99333
vn 0.10977 -0.09716 0.9892
vn 0.13767 -0.11581 0.98368
vn 0.16208 -0.14435 0.97616
vn 0.16494 -0.15629 0.97384
vn 0.17895 -0.15676 0.97129
vn 0.20103 -0.1643 0.96571
vn 0.18215 -0.14317 0.97279
vn 0.10476 -0.04733 0.99337
vn -0.07677 0.12369 0.98935
vn -0.20331 0.21645 0.95489
vn -0.22661 0.23767 0.94454
vn -0.20483 0.24778 0.94692
vn -0.14131 0.22617 0.96378
vn -0.0369 0.18156 0.98269
vn 0.03759 0.14775 0.98831
vn 0.05875 0.12963 0.98982
vn 0.07523 0.1163 0.99036
vn 0.09904 0.11153 0.98881
vn 0.09151 0.12283 0.9882
vn 0.01663 -0.01342 0.99977
vn 0.01056 -0.00172 0.99994
vn 0.01281 0.01812 0.99975
vn -0.0166 0.03581 0.99922
vn -0.07502 0.03642 0.99652
vn -0.10664 0.01676 0.99416
vn -0.20558 0.00514 0.97863
vn -0.25539 -0.01509 0.96672
vn -0.15323 -0.03337 0.98763
vn -0.0595 -0.01272 0.99815
vn -0.00821 0.00661 0.99994
vn 0.0174 0.014 0.99975
vn 0.08201 0.03053 0.99616
vn 0.15002 0.06797 0.98634
vn 0.19635 0.09452 0.97597
vn 0.20317 0.103 0.97371
vn 0.16675 0.09731 0.98119
vn 0.08889 0.08454 0.99245
vn -0.01102 0.05631 0.99835
vn -0.14046 0.04284 0.98916
vn -0.23674 0.05445 0.97005
vn -0.23379 0.06679 0.96999
vn -0.17759 0.07697 0.98109
vn -0.07337 0.05461 0.99581
vn -0.00533 0.03002 0.99954
vn 0.016 0.01883 0.99969
vn 0.03681 -8E-05 0.99932
vn 0.04752 -0.01724 0.99872
vn 0.0804 -0.03641 0.9961
vn 0.10855 -0.05655 0.99248
vn 0.12101 -0.06169 0.99073
vn 0.16191 -0.06837 0.98443
vn 0.19054 -0.10161 0.97641
vn 0.16835 -0.12002 0.97839
vn 0.18423 -0.12737 0.9746
vn 0.17254 -0.0953 0.98038
vn 0.09717 -0.00311 0.99526
vn -0.03695 0.1116 0.99307
vn -0.16807 0.18533 0.9682
vn -0.22427 0.20464 0.9528
vn -0.23238 0.20346 0.95111
vn -0.18207 0.17947 0.96677
vn -0.09482 0.13735 0.98597
vn -0.00691 0.10415 0.99454
vn 0.04186 0.10533 0.99356
vn 0.06041 0.11584 0.99143
vn 0.08376 0.11664 0.98964
vn 0.08814 0.12519 0.98821
vn 0.08461 0.13076 0.9878
vn -0.01053 -0.00654 0.99992
vn -0.00822 0.0107 0.99991
vn -0.00878 0.0303 0.9995
vn -0.0207 0.038 0.99906
vn -0.05995 0.01952 0.99801
vn -0.09684 -0.00123 0.9953
vn -0.18668 -0.01174 0.98235
vn -0.20989 -0.05985 0.97589
vn -0.15495 -0.08882 0.98392
vn -0.10262 -0.05011 0.99346
vn -0.03318 -0.00268 0.99945
vn 0.00844 0.01791 0.9998
vn 0.05241 0.03371 0.99806
vn 0.11487 0.06527 0.99123
vn 0.17939 0.08858 0.97978
vn 0.20453 0.09391 0.97435
vn 0.16954 0.09769 0.98067
vn 0.10514 0.09792 0.98963
vn 0.00522 0.08544 0.99633
vn -0.15988 0.1084 0.98117
vn -0.24554 0.12901 0.96076
vn -0.23669 0.1296 0.9629
vn -0.14777 0.09825 0.98413
vn -0.03301 0.04311 0.99853
vn 0.00983 0.01909 0.99977
vn 0.03253 0.00701 0.99945
vn 0.04956 -0.00314 0.99877
vn 0.05775 -0.00805 0.9983
vn 0.09454 -0.01427 0.99542
vn 0.116 -0.02466 0.99294
vn 0.12259 -0.03731 0.99176
vn 0.17503 -0.02978 0.98411
vn 0.20683 -0.01768 0.97822
vn 0.19911 -0.05203 0.97859
vn 0.16383 -0.05792 0.98479
vn 0.08555 0.01986 0.99614
vn 0.00667 0.09466 0.99549
vn -0.10829 0.14895 0.9829
vn -0.18726 0.16671 0.96806
vn -0.22446 0.16126 0.96105
vn -0.21073 0.13727 0.96786
vn -0.1478 0.10721 0.98319
vn -0.06061 0.08039 0.99492
vn -2E-05 0.06808 0.99768
vn 0.02913 0.07145 0.99702
vn 0.04698 0.08955 0.99487
vn 0.07433 0.10094 0.99211
vn 0.08515 0.10254 0.99108
vn 0.09221 0.0847 0.99213
vn -0.01201 0.01863 0.99975
vn -0.02815 0.0367 0.99893
vn -0.03229 0.0786 0.99638
vn -0.00415 0.08293 0.99655
vn -0.0121 0.02855 0.99952
vn -0.08119 -0.01635 0.99656
vn -0.15422 -0.04728 0.9869
vn -0.17299 -0.07901 0.98175
vn -0.17694 -0.06715 0.98193
vn -0.14741 -0.03576 0.98843
vn -0.0702 -0.00114 0.99753
vn -0.0039 0.01888 0.99981
vn 0.03537 0.02712 0.99901
vn 0.09048 0.04323 0.99496
vn 0.16637 0.06047 0.98421
vn 0.18945 0.08859 0.97789
vn 0.1594 0.11167 0.98088
vn 0.11744 0.10443 0.98757
vn -0.00743 0.09643 0.99531
vn -0.1946 0.12378 0.97304
vn -0.24685 0.12872 0.96047
vn -0.21454 0.12073 0.96923
vn -0.08356 0.07161 0.99393
vn -0.00095 0.03162 0.9995
vn 0.01702 0.02176 0.99962
vn 0.04142 0.01423 0.99904
vn 0.05274 0.01046 0.99855
vn 0.06064 0.00835 0.99813
vn 0.10464 0.00293 0.99451
vn 0.13927 -0.0193 0.99007
vn 0.11722 -0.03033 0.99264
vn 0.13714 0.00617 0.99053
vn 0.20206 0.05445 0.97786
vn 0.2209 0.06121 0.97337
vn 0.12028 0.08378 0.9892
vn 0.03054 0.10831 0.99365
vn -0.0308 0.11488 0.9929
vn -0.13181 0.13155 0.98251
vn -0.18699 0.13359 0.97324
vn -0.20657 0.12213 0.97078
vn -0.18509 0.10053 0.97757
vn -0.12115 0.07494 0.9898
vn -0.0466 0.058 0.99723
vn 0.00393 0.05203 0.99864
vn 0.01901 0.05356 0.99838
vn 0.04111 0.05172 0.99782
vn 0.07442 0.0451 0.99621
vn 0.09796 0.0303 0.99473
vn 0.10816 0.00469 0.99412
vn -0.04763 0.03529 0.99824
vn -0.09138 0.09431 0.99134
vn -0.0607 0.14543 0.9875
vn 0.03858 0.12705 0.99115
vn 0.05063 0.0673 0.99645
vn -0.03427 0.00849 0.99938
vn -0.12055 -0.03676 0.99203
vn -0.17727 -0.04785 0.983
vn -0.20461 -0.02342 0.97856
vn -0.16278 -0.01646 0.98653
vn -0.09069 -0.00345 0.99587
vn -0.01665 0.01208 0.99979
vn 0.02716 0.01924 0.99945
vn 0.0722 0.03518 0.99677
vn 0.12535 0.08144 0.98876
vn 0.14265 0.15169 0.97808
vn 0.16985 0.15331 0.97347
vn 0.15277 0.10503 0.98266
vn -0.01247 0.075 0.99711
vn -0.19917 0.06364 0.9779
vn -0.25125 0.05623 0.96629
vn -0.19299 0.05503 0.97966
vn -0.04966 0.04136 0.99791
vn 0.01225 0.03392 0.99935
vn 0.02606 0.02616 0.99932
vn 0.04406 0.02353 0.99875
vn 0.05702 0.01964 0.99818
vn 0.0657 0.01041 0.99779
vn 0.1191 -0.00224 0.99288
vn 0.14948 -0.00039 0.98876
vn 0.10145 0.01286 0.99476
vn 0.08843 0.02715 0.99571
vn 0.15903 0.07385 0.98451
vn 0.19224 0.12134 0.97382
vn 0.11529 0.13456 0.98418
vn 0.03634 0.1386 0.98968
vn -0.0292 0.1231 0.99197
vn -0.13377 0.10704 0.98521
vn -0.18885 0.10755 0.9761
vn -0.19401 0.10603 0.97525
vn -0.16274 0.09411 0.98217
vn -0.09692 0.06965 0.99285
vn -0.03653 0.05247 0.99795
vn 0.00576 0.04662 0.9989
vn 0.02963 0.03213 0.99904
vn 0.0576 0.00583 0.99832
vn 0.09399 -0.02113 0.99535
vn 0.12114 -0.0542 0.99115
vn 0.13059 -0.09144 0.98721
vn -0.1328 0.07987 0.98792
vn -0.16399 0.14282 0.97607
vn -0.07014 0.18324 0.98056
vn 0.08471 0.16453 0.98273
vn 0.11004 0.10903 0.98793
vn 0.02209 0.04849 0.99858
vn -0.0836 -0.00155 0.9965
vn -0.17397 -0.04653 0.98365
vn -0.20642 -0.06694 0.97617
vn -0.17648 -0.05946 0.98251
vn -0.10827 -0.0333 0.99356
vn -0.03159 -0.00566 0.99949
vn 0.0101 0.01567 0.99983
vn 0.03542 0.04169 0.9985
vn 0.04821 0.09833 0.99399
vn 0.11831 0.13635 0.98357
vn 0.20903 0.12254 0.9702
vn 0.19929 0.09086 0.97572
vn 0.0173 0.05164 0.99852
vn -0.17814 0.01401 0.98391
vn -0.25332 0.0041 0.96737
vn -0.18904 0.0001 0.98197
vn -0.05969 0.01873 0.99804
vn 0.01312 0.03197 0.9994
vn 0.03001 0.0307 0.99908
vn 0.04571 0.03056 0.99849
vn 0.06621 0.02503 0.99749
vn 0.0767 0.01795 0.99689
vn 0.11602 0.01716 0.9931
vn 0.1286 0.03863 0.99094
vn 0.10725 0.03794 0.99351
vn 0.08515 0.00962 0.99632
vn 0.12797 -0.00413 0.99177
vn 0.14877 0.03982 0.98807
vn 0.07423 0.11806 0.99023
vn 0.03938 0.1579 0.98667
vn 0.00179 0.13615 0.99069
vn -0.11552 0.09627 0.98863
vn -0.19343 0.08548 0.97738
vn -0.19216 0.08551 0.97763
vn -0.1468 0.08256 0.98571
vn -0.07707 0.07071 0.99452
vn -0.02301 0.05472 0.99824
vn 0.02014 0.03747 0.99909
vn 0.05877 0.0104 0.99822
vn 0.09225 -0.02806 0.99534
vn 0.13754 -0.07926 0.98732
vn 0.1596 -0.13166 0.97836
vn 0.16251 -0.17042 0.97188
vn -0.23058 0.15928 0.95993
vn -0.21123 0.20251 0.95623
vn -0.07264 0.21476 0.97396
vn 0.12207 0.19792 0.97259
vn 0.16336 0.16557 0.97257
vn 0.08133 0.11152 0.99043
vn -0.01232 0.03408 0.99934
vn -0.11971 -0.04469 0.9918
vn -0.18471 -0.1051 0.97716
vn -0.2003 -0.11088 0.97344
vn -0.1554 -0.064 0.98578
vn -0.06254 -0.01269 0.99796
vn -0.0064 0.01158 0.99991
vn 0.00681 0.02404 0.99969
vn 0.0125 0.0403 0.99911
vn 0.10539 0.05719 0.99279
vn 0.2108 0.07875 0.97435
vn 0.22518 0.07596 0.97135
vn 0.05541 0.05952 0.99669
vn -0.15311 0.02747 0.98783
vn -0.23808 -0.00216 0.97124
vn -0.19927 -0.0103 0.97989
vn -0.08412 0.01245 0.99638
vn 0.00791 0.02568 0.99964
vn 0.02929 0.02814 0.99917
vn 0.04505 0.03274 0.99845
vn 0.0623 0.04593 0.997
vn 0.07957 0.05298 0.99542
vn 0.10304 0.05977 0.99288
vn 0.12451 0.06243 0.99025
vn 0.14188 0.03156 0.98938
vn 0.13852 -0.03605 0.9897
vn 0.12325 -0.08023 0.98913
vn 0.04791 0.00549 0.99884
vn -0.01101 0.11775 0.99298
vn 0.03312 0.15719 0.98701
vn 0.0354 0.15487 0.9873
vn -0.07716 0.10882 0.99106
vn -0.18241 0.07338 0.98048
vn -0.1943 0.06426 0.97883
vn -0.14482 0.06703 0.98718
vn -0.06521 0.06305 0.99588
vn -0.00426 0.04529 0.99897
vn 0.04523 0.02156 0.99874
vn 0.09279 -0.00788 0.99565
vn 0.14477 -0.05566 0.9879
vn 0.19721 -0.11804 0.97323
vn 0.2009 -0.16366 0.96585
vn 0.18378 -0.16828 0.96846
vn -0.24479 0.23362 0.94101
vn -0.20266 0.22097 0.95399
vn -0.05812 0.19147 0.97978
vn 0.13253 0.17724 0.9752
vn 0.19271 0.17265 0.96595
vn 0.14651 0.14007 0.97924
vn 0.06441 0.08266 0.99449
vn -0.03548 0.00546 0.99936
vn -0.13662 -0.06955 0.98818
vn -0.21257 -0.10345 0.97166
vn -0.21238 -0.07278 0.97447
vn -0.10352 -0.02705 0.99426
vn -0.02017 0.00387 0.99979
vn -0.00285 0.01561 0.99987
vn 0.00634 0.01689 0.99984
vn 0.08241 0.02852 0.99619
vn 0.19653 0.0451 0.97946
vn 0.22103 0.05984 0.97343
vn 0.07152 0.069 0.99505
vn -0.12018 0.0501 0.99149
vn -0.21392 0.02222 0.9766
vn -0.20494 0.00679 0.97875
vn -0.09737 0.00857 0.99521
vn 0.00333 0.01228 0.99992
vn 0.02117 0.02113 0.99955
vn 0.02985 0.03462 0.99895
vn 0.04491 0.05567 0.99744
vn 0.06987 0.07188 0.99496
vn 0.09733 0.0814 0.99192
vn 0.14827 0.06773 0.98663
vn 0.1976 0.02905 0.97985
vn 0.19572 -0.01234 0.98058
vn 0.07644 0.0068 0.99705
vn -0.0547 0.07318 0.99582
vn -0.06745 0.11938 0.99056
vn 0.00305 0.16102 0.98695
vn 0.05632 0.17927 0.98219
vn -0.02696 0.1424 0.98944
vn -0.15076 0.0926 0.98422
vn -0.1901 0.07025 0.97925
vn -0.13987 0.05717 0.98852
vn -0.05099 0.04239 0.9978
vn 0.01785 0.02189 0.9996
vn 0.07224 -0.0055 0.99737
vn 0.13224 -0.04094 0.99037
vn 0.19884 -0.08606 0.97625
vn 0.23824 -0.12094 0.96365
vn 0.20831 -0.12294 0.97031
vn 0.16043 -0.08927 0.983
vn -0.20406 0.18977 0.96039
vn -0.16255 0.14169 0.97647
vn -0.02215 0.10035 0.99471
vn 0.12578 0.09405 0.98759
vn 0.18962 0.11538 0.97505
vn 0.1684 0.13228 0.9768
vn 0.11264 0.12666 0.98553
vn 0.03494 0.08576 0.9957
vn -0.06299 0.00691 0.99799
vn -0.19328 -0.06362 0.97908
vn -0.23361 -0.0857 0.96855
vn -0.15145 -0.05071 0.98716
vn -0.04128 -0.02065 0.99893
vn -0.00882 -0.00445 0.99995
vn 0.0018 0.00305 0.99999
vn 0.07645 0.00074 0.99707
vn 0.19294 -0.01189 0.98114
vn 0.19696 0.00914 0.98037
vn 0.05851 0.04917 0.99708
vn -0.10427 0.05929 0.99278
vn -0.18487 0.03064 0.98228
vn -0.18853 -0.00368 0.98206
vn -0.10028 -0.00768 0.99493
vn -0.00554 0.00273 0.99998
vn 0.00923 0.01763 0.9998
vn 0.01208 0.03045 0.99946
vn 0.02909 0.04229 0.99868
vn 0.05418 0.05545 0.99699
vn 0.09765 0.0618 0.9933
vn 0.16424 0.05678 0.98478
vn 0.21453 0.0576 0.97502
vn 0.1861 0.07731 0.97948
vn 0.04095 0.09893 0.99425
vn -0.07792 0.10372 0.99155
vn -0.10898 0.13578 0.98473
vn -0.03398 0.17083 0.98471
vn 0.0629 0.18574 0.98058
vn 0.01508 0.1726 0.98488
vn -0.11271 0.13665 0.98419
vn -0.16206 0.09651 0.98205
vn -0.11469 0.05529 0.99186
vn -0.03108 0.02881 0.9991
vn 0.0443 0.00419 0.99901
vn 0.10544 -0.02804 0.99403
vn 0.16984 -0.06323 0.98344
vn 0.22604 -0.08497 0.97041
vn 0.23685 -0.07959 0.96828
vn 0.17387 -0.03996 0.98396
vn 0.10266 0.01826 0.99455
vn -0.19578 0.04113 0.97979
vn -0.13766 0.00976 0.99043
vn -0.01231 0.0103 0.99987
vn 0.10108 0.04166 0.99401
vn 0.14827 0.09629 0.98425
vn 0.13739 0.14731 0.9795
vn 0.11285 0.18228 0.97675
vn 0.09909 0.15403 0.98309
vn 0.03569 0.05973 0.99758
vn -0.1335 -0.02454 0.99075
vn -0.22864 -0.07532 0.97059
vn -0.17869 -0.07149 0.9813
vn -0.06661 -0.05028 0.99651
vn -0.02614 -0.0225 0.9994
vn 0.00152 -0.01159 0.99993
vn 0.10453 -0.03907 0.99375
vn 0.19176 -0.06322 0.9794
vn 0.14594 -0.02198 0.98905
vn 0.01137 0.05386 0.99848
vn -0.0877 0.06803 0.99382
vn -0.14088 0.02334 0.98975
vn -0.17368 -0.00907 0.98476
vn -0.11143 -0.00395 0.99376
vn -0.02016 0.00673 0.99977
vn -0.00326 0.01904 0.99981
vn 0.00592 0.02475 0.99968
vn 0.02265 0.02481 0.99944
vn 0.0458 0.03021 0.99849
vn 0.09625 0.03412 0.99477
vn 0.15968 0.03902 0.9864
vn 0.19154 0.06456 0.97936
vn 0.16142 0.09445 0.98236
vn 0.03549 0.10863 0.99345
vn -0.10265 0.13008 0.98617
vn -0.13378 0.14844 0.97983
vn -0.03713 0.12809 0.99107
vn 0.05135 0.13423 0.98962
vn 0.01363 0.17528 0.98442
vn -0.07554 0.17109 0.98236
vn -0.10584 0.1154 0.98766
vn -0.07383 0.05828 0.99557
vn -0.00471 0.02146 0.99976
vn 0.07208 -0.00587 0.99738
vn 0.13688 -0.03148 0.99009
vn 0.19224 -0.05195 0.97997
vn 0.22454 -0.05339 0.973
vn 0.19668 -0.01394 0.98037
vn 0.10897 0.05669 0.99243
vn 0.04603 0.11029 0.99283
vn -0.19965 -0.10559 0.97416
vn -0.14763 -0.11618 0.9822
vn -0.06344 -0.05674 0.99637
vn 0.03689 0.02095 0.9991
vn 0.08416 0.10203 0.99121
vn 0.08625 0.16318 0.98282
vn 0.10124 0.19843 0.97487
vn 0.16975 0.16497 0.97158
vn 0.12674 0.08429 0.98835
vn -0.05996 0.01096 0.99814
vn -0.20346 -0.04145 0.97821
vn -0.18018 -0.06774 0.9813
vn -0.10024 -0.04769 0.99382
vn -0.04779 -0.0208 0.99864
vn 0.01364 -0.01538 0.99979
vn 0.14252 -0.0423 0.98889
vn 0.1697 -0.03478 0.98488
vn 0.07341 0.01304 0.99722
vn -0.0432 0.08226 0.99567
vn -0.0527 0.07626 0.99569
vn -0.09717 0.03473 0.99466
vn -0.16728 0.01589 0.98578
vn -0.11316 0.00788 0.99354
vn -0.02652 0.00323 0.99964
vn -0.01282 0.01098 0.99986
vn 0.00512 0.01751 0.99983
vn 0.0206 0.01957 0.9996
vn 0.04339 0.01944 0.99887
vn 0.09175 0.02492 0.99547
vn 0.13782 0.04394 0.98948
vn 0.1607 0.07207 0.98437
vn 0.14464 0.08871 0.9855
vn 0.01237 0.11318 0.9935
vn -0.1232 0.13661 0.98293
vn -0.08996 0.09224 0.99166
vn -0.02248 0.05119 0.99844
vn -0.00559 0.09345 0.99561
vn -0.02274 0.148 0.98873
vn -0.03787 0.13772 0.98975
vn -0.04378 0.09032 0.99495
vn -0.02848 0.0446 0.9986
vn 0.02518 0.012 0.99961
vn 0.0923 -0.00779 0.9957
vn 0.15386 -0.02049 0.98788
vn 0.19699 -0.02276 0.98014
vn 0.19305 0.00527 0.98117
vn 0.12542 0.07553 0.98922
vn 0.0498 0.13817 0.98916
vn 0.02346 0.1608 0.98671
vn -0.20292 -0.15309 0.96716
vn -0.18909 -0.12184 0.97437
vn -0.14392 -0.05913 0.98782
vn -0.04975 0.01521 0.99865
vn 0.01354 0.08558 0.99624
vn 0.03644 0.13698 0.9899
vn 0.1033 0.15581 0.98237
vn 0.22768 0.1239 0.96582
vn 0.18817 0.08022 0.97886
vn -0.0044 0.03783 0.99927
vn -0.16062 -0.00657 0.98699
vn -0.17406 -0.03883 0.98397
vn -0.12306 -0.03411 0.99181
vn -0.06406 -0.02326 0.99767
vn 0.01986 -0.01095 0.99974
vn 0.13705 0.00501 0.99055
vn 0.13807 0.0428 0.9895
vn 0.01536 0.08279 0.99645
vn -0.05413 0.09554 0.99395
vn -0.02033 0.06693 0.99755
vn -0.06819 0.03358 0.99711
vn -0.15048 0.00648 0.98859
vn -0.09896 -0.01476 0.99498
vn -0.03828 -0.00184 0.99927
vn -0.02298 0.0159 0.99961
vn 0.00115 0.02039 0.99979
vn 0.02146 0.01985 0.99957
vn 0.03885 0.02259 0.99899
vn 0.07313 0.04119 0.99647
vn 0.1127 0.06558 0.99146
vn 0.15156 0.07055 0.98593
vn 0.12897 0.07662 0.98868
vn -0.02872 0.12295 0.992
vn -0.09562 0.12562 0.98746
vn -0.02722 0.06277 0.99766
vn -0.04403 0.06209 0.9971
vn -0.0486 0.08252 0.9954
vn -0.0281 0.08458 0.99602
vn -0.01257 0.07335 0.99723
vn -0.01197 0.05908 0.99818
vn 0.00234 0.03888 0.99924
vn 0.04671 0.01697 0.99876
vn 0.1017 0.00932 0.99477
vn 0.15301 0.01365 0.98813
vn 0.17361 0.03727 0.98411
vn 0.13081 0.09175 0.98715
vn 0.06399 0.14636 0.98716
vn 0.02825 0.16871 0.98526
vn 0.02252 0.17158 0.98491
vn -0.20384 -0.06457 0.97687
vn -0.21948 -0.04519 0.97457
vn -0.19356 -0.01924 0.9809
vn -0.10916 0.02323 0.99375
vn -0.03298 0.06074 0.99761
vn 0.00876 0.08098 0.99668
vn 0.11618 0.07457 0.99043
vn 0.25009 0.06624 0.96595
vn 0.21367 0.06146 0.97497
vn 0.02822 0.04471 0.9986
vn -0.124 0.02053 0.99207
vn -0.1618 0.00123 0.98682
vn -0.12154 -0.01154 0.99252
vn -0.07931 -0.00835 0.99681
vn 0.00128 0.00811 0.99997
vn 0.09739 0.03581 0.9946
vn 0.10331 0.06613 0.99245
vn 0.00289 0.07903 0.99687
vn -0.01818 0.04681 0.99874
vn 3E-05 0.04189 0.99912
vn -0.04819 0.04503 0.99782
vn -0.12264 0.02348 0.99217
vn -0.10153 0.00462 0.99482
vn -0.05964 0.01461 0.99811
vn -0.02531 0.01405 0.99958
vn 0.0009 0.01401 0.9999
vn 0.01766 0.02037 0.99964
vn 0.02268 0.03588 0.9991
vn 0.05116 0.05287 0.99729
vn 0.10408 0.06375 0.99252
vn 0.15456 0.06194 0.98604
vn 0.09089 0.08225 0.99246
vn -0.07072 0.13514 0.9883
vn -0.0493 0.13151 0.99009
vn -0.00469 0.10644 0.99431
vn -0.04799 0.09607 0.99422
vn -0.03703 0.0677 0.99702
vn -0.01905 0.05189 0.99847
vn -0.01045 0.05498 0.99843
vn -0.00118 0.05175 0.99866
vn 0.02015 0.03907 0.99903
vn 0.05285 0.03504 0.99799
vn 0.09337 0.04647 0.99455
vn 0.12846 0.07595 0.9888
vn 0.12729 0.12057 0.98451
vn 0.08252 0.16266 0.98322
vn 0.04567 0.17366 0.98375
vn 0.02862 0.16561 0.98578
vn 0.02152 0.15603 0.98752
vn -0.19956 0.01755 0.97973
vn -0.22465 0.02584 0.9741
vn -0.20998 0.01523 0.97759
vn -0.13947 0.02988 0.98978
vn -0.04628 0.0409 0.99809
vn 0.01093 0.04478 0.99894
vn 0.13031 0.02235 0.99122
vn 0.25172 0.00343 0.96779
vn 0.20982 0.01623 0.97761
vn 0.0324 0.03888 0.99872
vn -0.11526 0.04814 0.99217
vn -0.14397 0.0346 0.98898
vn -0.10893 0.01107 0.99399
vn -0.08638 0.00998 0.99621
vn -0.01072 0.01402 0.99984
vn 0.08225 0.01776 0.99645
vn 0.08812 0.02133 0.99588
vn 0.01471 0.02864 0.99948
vn -0.01828 0.02779 0.99945
vn -0.02727 0.05847 0.99792
vn -0.05086 0.08604 0.99499
vn -0.08431 0.05902 0.99469
vn -0.08836 0.02543 0.99576
vn -0.0539 0.00931 0.9985
vn -0.02607 0.00675 0.99964
vn -0.00678 0.01506 0.99986
vn -5E-05 0.03539 0.99937
vn 0.01109 0.04674 0.99885
vn 0.04377 0.04474 0.99804
vn 0.10058 0.04882 0.99373
vn 0.14728 0.0568 0.98746
vn 0.04436 0.08482 0.99541
vn -0.09525 0.11549 0.98873
vn -0.03378 0.11624 0.99265
vn -0.0023 0.12752 0.99183
vn -0.01174 0.10684 0.99421
vn -0.00848 0.06836 0.99762
vn -0.0171 0.05253 0.99847
vn -0.00572 0.04071 0.99915
vn 0.00836 0.02961 0.99953
vn 0.02033 0.03319 0.99924
vn 0.04147 0.04415 0.99816
vn 0.06415 0.06806 0.99562
vn 0.08504 0.10642 0.99068
vn 0.08522 0.14555 0.98567
vn 0.07098 0.16359 0.98397
vn 0.05742 0.16032 0.98539
vn 0.04103 0.14928 0.98794
vn 0.03108 0.14266 0.98928
vn -0.18587 0.11398 0.97594
vn -0.19204 0.1022 0.97605
vn -0.20089 0.06647 0.97736
vn -0.14389 0.05467 0.98808
vn -0.04989 0.04202 0.99787
vn 0.0397 0.01251 0.99913
vn 0.17716 -0.05318 0.98274
vn 0.24716 -0.07221 0.96628
vn 0.15937 -0.0115 0.98715
vn -0.00011 0.04965 0.99877
vn -0.10987 0.06221 0.992
vn -0.11316 0.03184 0.99307
vn -0.10422 0.01885 0.99438
vn -0.09096 0.02744 0.99548
vn -0.00624 0.01916 0.9998
vn 0.08302 0.014 0.99645
vn 0.07812 0.01853 0.99677
vn 0.01213 0.02992 0.99948
vn -0.03625 0.04108 0.9985
vn -0.05864 0.059 0.99653
vn -0.04135 0.05802 0.99746
vn -0.05196 0.0329 0.99811
vn -0.0659 0.01247 0.99775
vn -0.04738 0.00406 0.99887
vn -0.03414 0.01144 0.99935
vn -0.02794 0.03126 0.99912
vn -0.01607 0.05252 0.99849
vn 0.01496 0.05551 0.99835
vn 0.04254 0.05667 0.99749
vn 0.09613 0.05752 0.99371
vn 0.12477 0.07753 0.98915
vn 0.01759 0.10102 0.99473
vn -0.08636 0.08307 0.9928
vn -0.05063 0.07594 0.99583
vn -0.00559 0.08775 0.99613
vn 0.02336 0.06803 0.99741
vn 0.01484 0.05259 0.99851
vn 0.00115 0.03653 0.99933
vn 0.00838 0.02023 0.99976
vn 0.00686 0.01763 0.99982
vn 0.01394 0.01778 0.99974
vn 0.02658 0.02444 0.99935
vn 0.03677 0.04108 0.99848
vn 0.05016 0.06624 0.99654
vn 0.05959 0.09128 0.99404
vn 0.06158 0.10821 0.99222
vn 0.06055 0.1152 0.9915
vn 0.0501 0.1098 0.99269
vn 0.04821 0.08514 0.9952
vn -0.13415 0.20582 0.96935
vn -0.14476 0.1906 0.97094
vn -0.16431 0.1411 0.97626
vn -0.10356 0.07832 0.99154
vn -0.01141 0.02086 0.99972
vn 0.11019 -0.05154 0.99257
vn 0.21467 -0.10146 0.9714
vn 0.19485 -0.06655 0.97857
vn 0.08143 0.01577 0.99655
vn -0.04145 0.07962 0.99596
vn -0.08709 0.08119 0.99289
vn -0.0871 0.04899 0.99499
vn -0.11766 0.05528 0.99151
vn -0.08114 0.05013 0.99544
vn 0.00814 0.02522 0.99965
vn 0.08201 0.01893 0.99645
vn 0.07042 0.01929 0.99733
vn 0.00381 0.02268 0.99974
vn -0.04565 0.02802 0.99856
vn -0.06346 0.03839 0.99725
vn -0.02783 0.04368 0.99866
vn -0.04061 0.04438 0.99819
vn -0.05256 0.02834 0.99822
vn -0.05272 0.02538 0.99829
vn -0.04617 0.0295 0.9985
vn -0.05327 0.04814 0.99742
vn -0.02656 0.06282 0.99767
vn 0.00958 0.07107 0.99743
vn 0.04258 0.0742 0.99633
vn 0.08374 0.07914 0.99334
vn 0.10178 0.09571 0.99019
vn 0.02543 0.10581 0.99406
vn -0.05116 0.07542 0.99584
vn -0.04388 0.04287 0.99812
vn 0.00227 0.02884 0.99958
vn 0.02244 0.0388 0.99899
vn 0.01998 0.04366 0.99885
vn 0.02158 0.02377 0.99948
vn 0.01665 0.00906 0.99982
vn 0.01622 -0.00723 0.99984
vn 0.01666 -0.01895 0.99968
vn 0.01982 -0.02146 0.99957
vn 0.02405 -0.02155 0.99948
vn 0.02714 -0.00654 0.99961
vn 0.04373 0.00829 0.99901
vn 0.05229 0.01601 0.9985
vn 0.06315 0.01524 0.99789
vn 0.06836 -0.00208 0.99766
vn 0.07778 -0.04794 0.99582
vn -0.09132 0.24186 0.96601
vn -0.0959 0.20247 0.97458
vn -0.08947 0.13165 0.98725
vn -0.03821 0.06283 0.99729
vn 0.05056 0.01573 0.9986
vn 0.17187 -0.03887 0.98435
vn 0.20579 -0.05305 0.97716
vn 0.12473 -0.0076 0.99216
vn 0.00343 0.06584 0.99782
vn -0.08091 0.13823 0.98709
vn -0.06438 0.15294 0.98614
vn -0.07305 0.13004 0.98881
vn -0.11097 0.11086 0.98762
vn -0.04213 0.06256 0.99715
vn 0.02574 0.0283 0.99927
vn 0.086 0.0196 0.9961
vn 0.07519 0.01114 0.99711
vn 0.00289 0.00565 0.99998
vn -0.06385 0.01701 0.99781
vn -0.08923 0.05288 0.99461
vn -0.04404 0.08633 0.99529
vn -0.02652 0.08962 0.99562
vn -0.0387 0.07317 0.99657
vn -0.04712 0.06148 0.997
vn -0.05588 0.05963 0.99666
vn -0.06638 0.06914 0.9954
vn -0.02916 0.06525 0.99744
vn 0.00683 0.05989 0.99818
vn 0.04101 0.06019 0.99734
vn 0.07016 0.07251 0.9949
vn 0.08355 0.08538 0.99284
vn 0.03791 0.08755 0.99544
vn -0.01405 0.05706 0.99827
vn -0.01873 0.02969 0.99938
vn -0.0052 0.0327 0.99945
vn 0.01444 0.03877 0.99914
vn 0.03919 0.02386 0.99895
vn 0.03862 0.00703 0.99923
vn 0.03565 -0.00934 0.99932
vn 0.03616 -0.03386 0.99877
vn 0.03217 -0.06178 0.99757
vn 0.0317 -0.08633 0.99576
vn 0.02078 -0.09832 0.99494
vn 0.02089 -0.10528 0.99422
vn 0.04221 -0.11672 0.99227
vn 0.05774 -0.13089 0.98971
vn 0.07735 -0.14713 0.98609
vn 0.09164 -0.16205 0.98252
vn 0.09791 -0.19083 0.97673
vn -0.0564 0.16635 0.98445
vn -0.04412 0.1261 0.99104
vn -0.03121 0.08794 0.99564
vn -0.0022 0.05577 0.99844
vn 0.08928 0.03162 0.9955
vn 0.20664 -0.00457 0.97841
vn 0.19091 -0.01472 0.9815
vn 0.06353 0.02581 0.99765
vn -0.0841 0.10096 0.99133
vn -0.13183 0.17031 0.97653
vn -0.05234 0.19088 0.98022
vn -0.05346 0.18603 0.98109
vn -0.05185 0.13985 0.98881
vn 0.01223 0.06914 0.99753
vn 0.04303 0.03317 0.99852
vn 0.08828 0.03213 0.99558
vn 0.07801 0.03998 0.99615
vn 0.00423 0.03752 0.99929
vn -0.0972 0.06066 0.99342
vn -0.1191 0.07925 0.98971
vn -0.05731 0.08126 0.99504
vn -0.01892 0.08021 0.9966
vn -0.03005 0.08169 0.99621
vn -0.04363 0.08788 0.99517
vn -0.06474 0.10107 0.99277
vn -0.05587 0.09273 0.99412
vn -0.01249 0.06784 0.99762
vn 0.01346 0.05199 0.99856
vn 0.03301 0.0475 0.99833
vn 0.06019 0.05365 0.99674
vn 0.07977 0.05652 0.99521
vn 0.05675 0.04908 0.99718
vn 0.0033 0.04506 0.99898
vn -0.01678 0.0438 0.9989
vn -0.00337 0.033 0.99945
vn 0.02681 0.01604 0.99951
vn 0.04802 0.01394 0.99875
vn 0.05072 0.00886 0.99867
vn 0.05961 -0.0112 0.99816
vn 0.07161 -0.04511 0.99641
vn 0.06279 -0.07732 0.99503
vn 0.05366 -0.09922 0.99362
vn 0.04008 -0.12418 0.99145
vn 0.04709 -0.15972 0.98604
vn 0.06304 -0.18702 0.98033
vn 0.07415 -0.20591 0.97576
vn 0.08456 -0.2121 0.97358
vn 0.09388 -0.21154 0.97285
vn 0.09603 -0.20579 0.97387
vn -0.03728 0.06844 0.99696
vn -0.02755 0.0532 0.9982
vn -0.00894 0.05 0.99871
vn 0.01655 0.03923 0.99909
vn 0.11974 0.02005 0.9926
vn 0.22211 0.00708 0.975
vn 0.17615 0.00817 0.98433
vn 0.007 0.04218 0.99909
vn -0.14187 0.07417 0.9871
vn -0.16765 0.09728 0.98104
vn -0.07572 0.12993 0.98863
vn -0.03552 0.14305 0.98908
vn 0.01836 0.09953 0.99487
vn 0.05874 0.06005 0.99647
vn 0.05251 0.04014 0.99781
vn 0.06884 0.05665 0.99602
vn 0.0675 0.0846 0.99413
vn -0.0036 0.08877 0.99605
vn -0.10654 0.09275 0.98997
vn -0.09778 0.05907 0.99345
vn -0.0517 0.04083 0.99783
vn -0.03002 0.04919 0.99834
vn -0.04926 0.07403 0.99604
vn -0.06601 0.1027 0.99252
vn -0.06296 0.10999 0.99194
vn -0.03074 0.09204 0.99528
vn 0.00773 0.07421 0.99721
vn 0.02811 0.05989 0.99781
vn 0.04081 0.03983 0.99837
vn 0.05766 0.02997 0.99789
vn 0.07771 0.0333 0.99642
vn 0.0502 0.04778 0.9976
vn 0.00015 0.06216 0.99807
vn -0.00544 0.05809 0.9983
vn 0.01572 0.04208 0.99899
vn 0.03269 0.03065 0.999
vn 0.04764 0.02681 0.9985
vn 0.06425 0.01837 0.99776
vn 0.08659 -0.00051 0.99624
vn 0.09516 -0.01631 0.99533
vn 0.07623 -0.01672 0.99695
vn 0.07085 -0.02085 0.99727
vn 0.06983 -0.03159 0.99706
vn 0.07564 -0.04994 0.99588
vn 0.08226 -0.06327 0.9946
vn 0.08368 -0.07058 0.99399
vn 0.09402 -0.08585 0.99186
vn 0.10102 -0.10163 0.98968
vn 0.08914 -0.06702 0.99376
vn -0.04299 -0.01152 0.99901
vn -0.04295 -0.00097 0.99908
vn -0.01324 0.01998 0.99971
vn 0.02419 0.02431 0.99941
vn 0.13039 0.01668 0.99132
vn 0.21547 0.03553 0.97586
vn 0.16154 0.04978 0.98561
vn -0.00447 0.05103 0.99869
vn -0.14169 0.02845 0.9895
vn -0.17906 0.01233 0.98376
vn -0.11024 0.03418 0.99332
vn -0.02243 0.04476 0.99875
vn 0.04038 0.03969 0.9984
vn 0.07281 0.04221 0.99645
vn 0.04828 0.04482 0.99783
vn 0.03998 0.059 0.99746
vn 0.05168 0.08642 0.99492
vn -0.00532 0.09068 0.99587
vn -0.07666 0.06929 0.99465
vn -0.07205 0.04105 0.99656
vn -0.05058 0.03379 0.99815
vn -0.05084 0.04754 0.99757
vn -0.07521 0.06702 0.99491
vn -0.0804 0.07876 0.99365
vn -0.05783 0.08427 0.99476
vn -0.02538 0.09547 0.99511
vn 0.0158 0.09943 0.99492
vn 0.05012 0.08337 0.99526
vn 0.06437 0.05465 0.99643
vn 0.06579 0.03202 0.99732
vn 0.06128 0.03968 0.99733
vn 0.02605 0.06728 0.99739
vn -0.00467 0.07673 0.99704
vn 0.00475 0.07054 0.9975
vn 0.03083 0.05794 0.99784
vn 0.04382 0.04165 0.99817
vn 0.05532 0.03179 0.99796
vn 0.07191 0.02901 0.99699
vn 0.09342 0.03278 0.99509
vn 0.08245 0.05532 0.99506
vn 0.06501 0.07761 0.99486
vn 0.0624 0.09644 0.99338
vn 0.06869 0.11356 0.99115
vn 0.07961 0.12278 0.98924
vn 0.08626 0.12595 0.98828
vn 0.09869 0.11842 0.98805
vn 0.11613 0.09909 0.98828
vn 0.09478 0.10556 0.98989
vn 0.06456 0.16199 0.98468
vn -0.07344 -0.03414 0.99672
vn -0.05674 -0.0012 0.99839
vn -0.01539 0.01443 0.99978
vn 0.03827 0.01584 0.99914
vn 0.13455 0.03033 0.99044
vn 0.21432 0.0716 0.97414
vn 0.12981 0.07078 0.98901
vn -0.00593 0.04181 0.99911
vn -0.14434 -0.00097 0.98953
vn -0.18052 -0.02344 0.98329
vn -0.10018 0.00367 0.99496
vn -0.01325 0.00704 0.99989
vn 0.04321 0.01976 0.99887
vn 0.07135 0.04468 0.99645
vn 0.03309 0.04281 0.99854
vn 0.02713 0.05033 0.99836
vn 0.04579 0.08437 0.99538
vn -0.01662 0.07675 0.99691
vn -0.05834 0.04651 0.99721
vn -0.06458 0.03567 0.99728
vn -0.05267 0.0382 0.99788
vn -0.06482 0.05426 0.99642
vn -0.0864 0.05376 0.99481
vn -0.08339 0.06501 0.99439
vn -0.06781 0.09243 0.99341
vn -0.02515 0.11878 0.9926
vn 0.02949 0.11477 0.99295
vn 0.07563 0.08994 0.99307
vn 0.0815 0.0573 0.99503
vn 0.06685 0.04192 0.99688
vn 0.04015 0.06148 0.9973
vn 0.01183 0.08033 0.9967
vn -0.00268 0.07465 0.99721
vn 0.01806 0.0589 0.9981
vn 0.04479 0.04876 0.99781
vn 0.05159 0.03818 0.99794
vn 0.05839 0.02879 0.99788
vn 0.07058 0.04314 0.99657
vn 0.07647 0.07322 0.99438
vn 0.0603 0.10605 0.99253
vn 0.04889 0.1296 0.99036
vn 0.04722 0.15449 0.98687
vn 0.05956 0.1791 0.98203
vn 0.07393 0.19524 0.97796
vn 0.08633 0.20123 0.97573
vn 0.11051 0.19608 0.97434
vn 0.10917 0.20159 0.97337
vn 0.06836 0.23075 0.97061
vn 0.05165 0.2422 0.96885
vt 0.44 0.55
vt 0.44 0.555
vt 0.445 0.55
vt 0.445 0.555
vt 0.45 0.55
vt 0.45 0.555
vt 0.455 0.55
vt 0.455 0.555
vt 0.46 0.55
vt 0.46 0.555
vt 0.465 0.55
vt 0.465 0.555
vt 0.47 0.55
vt 0.47 0.555
vt 0.475 0.55
vt 0.475 0.555
vt 0.48 0.55
vt 0.48 0.555
vt 0.485 0.55
vt 0.485 0.555
vt 0.49 0.55
vt 0.49 0.555
vt 0.495 0.55
vt 0.495 0.555
vt 0.5 0.55
vt 0.5 0.555
vt 0.505 0.55
vt 0.505 0.555
vt 0.51 0.55
vt 0.51 0.555
vt 0.515 0.55
vt 0.515 0.555
vt 0.52 0.55
vt 0.52 0.555
vt 0.525 0.55
vt 0.525 0.555
vt 0.53 0.55
vt 0.53 0.555
vt 0.535 0.55
vt 0.535 0.555
vt 0.54 0.55
vt 0.54 0.555
vt 0.545 0.55
vt 0.545 0.555
vt 0.55 0.55
vt 0.55 0.555
vt 0.555 0.55
vt 0.555 0.555
vt 0.56 0.55
vt 0.56 0.555
vt 0.565 0.55
vt 0.565 0.555
vt 0.57 0.55
vt 0.57 0.555
vt 0.575 0.55
vt 0.575 0.555
vt 0.58 0.55
vt 0.58 0.555
vt 0.585 0.55
vt 0.585 0.555
vt 0.59 0.55
vt 0.59 0.555
vt 0.595 0.55
vt 0.595 0.555
vt 0.6 0.55
vt 0.6 0.555
vt 0.605 0.55
vt 0.605 0.555
vt 0.61 0.55
vt 0.61 0.555
vt 0.615 0.55
vt 0.615 0.555
vt 0.62 0.55
vt 0.62 0.555
vt 0.625 0.55
vt 0.625 0.555
vt 0.63 0.55
vt 0.63 0.555
vt 0.635 0.55
vt 0.635 0.555
vt 0.64 0.55
vt 0.64 0.555
vt 0.645 0.55
vt 0.645 0.555
vt 0.65 0.55
vt 0.65 0.555
vt 0.655 0.55
vt 0.655 0.555
vt 0.66 0.55
vt 0.66 0.555
vt 0.665 0.55
vt 0.665 0.555
vt 0.67 0.55
vt 0.67 0.555
vt 0.675 0.55
vt 0.675 0.555
vt 0.68 0.55
vt 0.68 0.555
vt 0.44 0.56
vt 0.445 0.56
vt 0.45 0.56
vt 0.455 0.56
vt 0.46 0.56
vt 0.465 0.56
vt 0.47 0.56
vt 0.475 0.56
vt 0.48 0.56
vt 0.485 0.56
vt 0.49 0.56
vt 0.495 0.56
vt 0.5 0.56
vt 0.505 0.56
vt 0.51 0.56
vt 0.515 0.56
vt 0.52 0.56
vt 0.525 0.56
vt 0.53 0.56
vt 0.535 0.56
vt 0.54 0.56
vt 0.545 0.56
vt 0.55 0.56
vt 0.555 0.56
vt 0.56 0.56
vt 0.565 0.56
vt 0.57 0.56
vt 0.575 0.56
vt 0.58 0.56
vt 0.585 0.56
vt 0.59 0.56
vt 0.595 0.56
vt 0.6 0.56
vt 0.605 0.56
vt 0.61 0.56
vt 0.615 0.56
vt 0.62 0.56
vt 0.625 0.56
vt 0.63 0.56
vt 0.635 0.56
vt 0.64 0.56
vt 0.645 0.56
vt 0.65 0.56
vt 0.655 0.56
vt 0.66 0.56
vt 0.665 0.56
vt 0.67 0.56
vt 0.675 0.56
vt 0.68 0.56
vt 0.44 0.565
vt 0.445 0.565
vt 0.45 0.565
vt 0.455 0.565
vt 0.46 0.565
vt 0.465 0.565
vt 0.47 0.565
vt 0.475 0.565
vt 0.48 0.565
vt 0.485 0.565
vt 0.49 0.565
vt 0.495 0.565
vt 0.5 0.565
vt 0.505 0.565
vt 0.51 0.565
vt 0.515 0.565
vt 0.52 0.565
vt 0.525 0.565
vt 0.53 0.565
vt 0.535 0.565
vt 0.54 0.565
vt 0.545 0.565
vt 0.55 0.565
vt 0.555 0.565
vt 0.56 0.565
vt 0.565 0.565
vt 0.57 0.565
vt 0.575 0.565
vt 0.58 0.565
vt 0.585 0.565
vt 0.59 0.565
vt 0.595 0.565
vt 0.6 0.565
vt 0.605 0.565
vt 0.61 0.565
vt 0.615 0.565
vt 0.62 0.565
vt 0.625 0.565
vt 0.63 0.565
vt 0.635 0.565
vt 0.64 0.565
vt 0.645 0.565
vt 0.65 0.565
vt 0.655 0.565
vt 0.66 0.565
vt 0.665 0.565
vt 0.67 0.565
vt 0.675 0.565
vt 0.68 0.565
vt 0.44 0.57
vt 0.445 0.57
vt 0.45 0.57
vt 0.455 0.57
vt 0.46 0.57
vt 0.465 0.57
vt 0.47 0.57
vt 0.475 0.57
vt 0.48 0.57
vt 0.485 0.57
vt 0.49 0.57
vt 0.495 0.57
vt 0.5 0.57
vt 0.505 0.57
vt 0.51 0.57
vt 0.515 0.57
vt 0.52 0.57
vt 0.525 0.57
vt 0.53 0.57
vt 0.535 0.57
vt 0.54 0.57
vt 0.545 0.57
vt 0.55 0.57
vt 0.555 0.57
vt 0.56 0.57
vt 0.565 0.57
vt 0.57 0.57
vt 0.575 0.57
vt 0.58 0.57
vt 0.585 0.57
vt 0.59 0.57
vt 0.595 0.57
vt 0.6 0.57
vt 0.605 0.57
vt 0.61 0.57
vt 0.615 0.57
vt 0.62 0.57
vt 0.625 0.57
vt 0.63 0.57
vt 0.635 0.57
vt 0.64 0.57
vt 0.645 0.57
vt 0.65 0.57
vt 0.655 0.57
vt 0.66 0.57
vt 0.665 0.57
vt 0.67 0.57
vt 0.675 0.57
vt 0.68 0.57
vt 0.44 0.575
vt 0.445 0.575
vt 0.45 0.575
vt 0.455 0.575
vt 0.46 0.575
vt 0.465 0.575
vt 0.47 0.575
vt 0.475 0.575
vt 0.48 0.575
vt 0.485 0.575
vt 0.49 0.575
vt 0.495 0.575
vt 0.5 0.575
vt 0.505 0.575
vt 0.51 0.575
vt 0.515 0.575
vt 0.52 0.575
vt 0.525 0.575
vt 0.53 0.575
vt 0.535 0.575
vt 0.54 0.575
vt 0.545 0.575
vt 0.55 0.575
vt 0.555 0.575
vt 0.56 0.575
vt 0.565 0.575
vt 0.57 0.575
vt 0.575 0.575
vt 0.58 0.575
vt 0.585 0.575
vt 0.59 0.575
vt 0.595 0.575
vt 0.6 0.575
vt 0.605 0.575
vt 0.61 0.575
vt 0.615 0.575
vt 0.62 0.575
vt 0.625 0.575
vt 0.63 0.575
vt 0.635 0.575
vt 0.64 0.575
vt 0.645 0.575
vt 0.65 0.575
vt 0.655 0.575
vt 0.66 0.575
vt 0.665 0.575
vt 0.67 0.575
vt 0.675 0.575
vt 0.68 0.575
vt 0.44 0.58
vt 0.445 0.58
vt 0.45 0.58
vt 0.455 0.58
vt 0.46 0.58
vt 0.465 0.58
vt 0.47 0.58
vt 0.475 0.58
vt 0.48 0.58
vt 0.485 0.58
vt 0.49 0.58
vt 0.495 0.58
vt 0.5 0.58
vt 0.505 0.58
vt 0.51 0.58
vt 0.515 0.58
vt 0.52 0.58
vt 0.525 0.58
vt 0.53 0.58
vt 0.535 0.58
vt 0.54 0.58
vt 0.545 0.58
vt 0.55 0.58
vt 0.555 0.58
vt 0.56 0.58
vt 0.565 0.58
vt 0.57 0.58
vt 0.575 0.58
vt 0.58 0.58
vt 0.585 0.58
vt 0.59 0.58
vt 0.595 0.58
vt 0.6 0.58
vt 0.605 0.58
vt 0.61 0.58
vt 0.615 0.58
vt 0.62 0.58
vt 0.625 0.58
vt 0.63 0.58
vt 0.635 0.58
vt 0.64 0.58
vt 0.645 0.58
vt 0.65 0.58
vt 0.655 0.58
vt 0.66 0.58
vt 0.665 0.58
vt 0.67 0.58
vt 0.675 0.58
vt 0.68 0.58
vt 0.44 0.585
vt 0.445 0.585
vt 0.45 0.585
vt 0.455 0.585
vt 0.46 0.585
vt 0.465 0.585
vt 0.47 0.585
vt 0.475 0.585
vt 0.48 0.585
vt 0.485 0.585
vt 0.49 0.585
vt 0.495 0.585
vt 0.5 0.585
vt 0.505 0.585
vt 0.51 0.585
vt 0.515 0.585
vt 0.52 0.585
vt 0.525 0.585
vt 0.53 0.585
vt 0.535 0.585
vt 0.54 0.585
vt 0.545 0.585
vt 0.55 0.585
vt 0.555 0.585
vt 0.56 0.585
vt 0.565 0.585
vt 0.57 0.585
vt 0.575 0.585
vt 0.58 0.585
vt 0.585 0.585
vt 0.59 0.585
vt 0.595 0.585
vt 0.6 0.585
vt 0.605 0.585
vt 0.61 0.585
vt 0.615 0.585
vt 0.62 0.585
vt 0.625 0.585
vt 0.63 0.585
vt 0.635 0.585
vt 0.64 0.585
vt 0.645 0.585
vt 0.65 0.585
vt 0.655 0.585
vt 0.66 0.585
vt 0.665 0.585
vt 0.67 0.585
vt 0.675 0.585
vt 0.68 0.585
vt 0.44 0.59
vt 0.445 0.59
vt 0.45 0.59
vt 0.455 0.59
vt 0.46 0.59
vt 0.465 0.59
vt 0.47 0.59
vt 0.475 0.59
vt 0.48 0.59
vt 0.485 0.59
vt 0.49 0.59
vt 0.495 0.59
vt 0.5 0.59
vt 0.505 0.59
vt 0.51 0.59
vt 0.515 0.59
vt 0.52 0.59
vt 0.525 0.59
vt 0.53 0.59
vt 0.535 0.59
vt 0.54 0.59
vt 0.545 0.59
vt 0.55 0.59
vt 0.555 0.59
vt 0.56 0.59
vt 0.565 0.59
vt 0.57 0.59
vt 0.575 0.59
vt 0.58 0.59
vt 0.585 0.59
vt 0.59 0.59
vt 0.595 0.59
vt 0.6 0.59
vt 0.605 0.59
vt 0.61 0.59
vt 0.615 0.59
vt 0.62 0.59
vt 0.625 0.59
vt 0.63 0.59
vt 0.635 0.59
vt 0.64 0.59
vt 0.645 0.59
vt 0.65 0.59
vt 0.655 0.59
vt 0.66 0.59
vt 0.665 0.59
vt 0.67 0.59
vt 0.675 0.59
vt 0.68 0.59
vt 0.44 0.595
vt 0.445 0.595
vt 0.45 0.595
vt 0.455 0.595
vt 0.46 0.595
vt 0.465 0.595
vt 0.47 0.595
vt 0.475 0.595
vt 0.48 0.595
vt 0.485 0.595
vt 0.49 0.595
vt 0.495 0.595
vt 0.5 0.595
vt 0.505 0.595
vt 0.51 0.595
vt 0.515 0.595
vt 0.52 0.595
vt 0.525 0.595
vt 0.53 0.595
vt 0.535 0.595
vt 0.54 0.595
vt 0.545 0.595
vt 0.55 0.595
vt 0.555 0.595
vt 0.56 0.595
vt 0.565 0.595
vt 0.57 0.595
vt 0.575 0.595
vt 0.58 0.595
vt 0.585 0.595
vt 0.59 0.595
vt 0.595 0.595
vt 0.6 0.595
vt 0.605 0.595
vt 0.61 0.595
vt 0.615 0.595
vt 0.62 0.595
vt 0.625 0.595
vt 0.63 0.595
vt 0.635 0.595
vt 0.64 0.595
vt 0.645 0.595
vt 0.65 0.595
vt 0.655 0.595
vt 0.66 0.595
vt 0.665 0.595
vt 0.67 0.595
vt 0.675 0.595
vt 0.68 0.595
vt 0.44 0.6
vt 0.445 0.6
vt 0.45 0.6
vt 0.455 0.6
vt 0.46 0.6
vt 0.465 0.6
vt 0.47 0.6
vt 0.475 0.6
vt 0.48 0.6
vt 0.485 0.6
vt 0.49 0.6
vt 0.495 0.6
vt 0.5 0.6
vt 0.505 0.6
vt 0.51 0.6
vt 0.515 0.6
vt 0.52 0.6
vt 0.525 0.6
vt 0.53 0.6
vt 0.535 0.6
vt 0.54 0.6
vt 0.545 0.6
vt 0.55 0.6
vt 0.555 0.6
vt 0.56 0.6
vt 0.565 0.6
vt 0.57 0.6
vt 0.575 0.6
vt 0.58 0.6
vt 0.585 0.6
vt 0.59 0.6
vt 0.595 0.6
vt 0.6 0.6
vt 0.605 0.6
vt 0.61 0.6
vt 0.615 0.6
vt 0.62 0.6
vt 0.625 0.6
vt 0.63 0.6
vt 0.635 0.6
vt 0.64 0.6
vt 0.645 0.6
vt 0.65 0.6
vt 0.655 0.6
vt 0.66 0.6
vt 0.665 0.6
vt 0.67 0.6
vt 0.675 0.6
vt 0.68 0.6
vt 0.44 0.605
vt 0.445 0.605
vt 0.45 0.605
vt 0.455 0.605
vt 0.46 0.605
vt 0.465 0.605
vt 0.47 0.605
vt 0.475 0.605
vt 0.48 0.605
vt 0.485 0.605
vt 0.49 0.605
vt 0.495 0.605
vt 0.5 0.605
vt 0.505 0.605
vt 0.51 0.605
vt 0.515 0.605
vt 0.52 0.605
vt 0.525 0.605
vt 0.53 0.605
vt 0.535 0.605
vt 0.54 0.605
vt 0.545 0.605
vt 0.55 0.605
vt 0.555 0.605
vt 0.56 0.605
vt 0.565 0.605
vt 0.57 0.605
vt 0.575 0.605
vt 0.58 0.605
vt 0.585 0.605
vt 0.59 0.605
vt 0.595 0.605
vt 0.6 0.605
vt 0.605 0.605
vt 0.61 0.605
vt 0.615 0.605
vt 0.62 0.605
vt 0.625 0.605
vt 0.63 0.605
vt 0.635 0.605
vt 0.64 0.605
vt 0.645 0.605
vt 0.65 0.605
vt 0.655 0.605
vt 0.66 0.605
vt 0.665 0.605
vt 0.67 0.605
vt 0.675 0.605
vt 0.68 0.605
vt 0.44 0.61
vt 0.445 0.61
vt 0.45 0.61
vt 0.455 0.61
vt 0.46 0.61
vt 0.465 0.61
vt 0.47 0.61
vt 0.475 0.61
vt 0.48 0.61
vt 0.485 0.61
vt 0.49 0.61
vt 0.495 0.61
vt 0.5 0.61
vt 0.505 0.61
vt 0.51 0.61
vt 0.515 0.61
vt 0.52 0.61
vt 0.525 0.61
vt 0.53 0.61
vt 0.535 0.61
vt 0.54 0.61
vt 0.545 0.61
vt 0.55 0.61
vt 0.555 0.61
vt 0.56 0.61
vt 0.565 0.61
vt 0.57 0.61
vt 0.575 0.61
vt 0.58 0.61
vt 0.585 0.61
vt 0.59 0.61
vt 0.595 0.61
vt 0.6 0.61
vt 0.605 0.61
vt 0.61 0.61
vt 0.615 0.61
vt 0.62 0.61
vt 0.625 0.61
vt 0.63 0.61
vt 0.635 0.61
vt 0.64 0.61
vt 0.645 0.61
vt 0.65 0.61
vt 0.655 0.61
vt 0.66 0.61
vt 0.665 0.61
vt 0.67 0.61
vt 0.675 0.61
vt 0.68 0.61
vt 0.44 0.615
vt 0.445 0.615
vt 0.45 0.615
vt 0.455 0.615
vt 0.46 0.615
vt 0.465 0.615
vt 0.47 0.615
vt 0.475 0.615
vt 0.48 0.615
vt 0.485 0.615
vt 0.49 0.615
vt 0.495 0.615
vt 0.5 0.615
vt 0.505 0.615
vt 0.51 0.615
vt 0.515 0.615
vt 0.52 0.615
vt 0.525 0.615
vt 0.53 0.615
vt 0.535 0.615
vt 0.54 0.615
vt 0.545 0.615
vt 0.55 0.615
vt 0.555 0.615
vt 0.56 0.615
vt 0.565 0.615
vt 0.57 0.615
vt 0.575 0.615
vt 0.58 0.615
vt 0.585 0.615
vt 0.59 0.615
vt 0.595 0.615
vt 0.6 0.615
vt 0.605 0.615
vt 0.61 0.615
vt 0.615 0.615
vt 0.62 0.615
vt 0.625 0.615
vt 0.63 0.615
vt 0.635 0.615
vt 0.64 0.615
vt 0.645 0.615
vt 0.65 0.615
vt 0.655 0.615
vt 0.66 0.615
vt 0.665 0.615
vt 0.67 0.615
vt 0.675 0.615
vt 0.68 0.615
vt 0.44 0.62
vt 0.445 0.62
vt 0.45 0.62
vt 0.455 0.62
vt 0.46 0.62
vt 0.465 0.62
vt 0.47 0.62
vt 0.475 0.62
vt 0.48 0.62
vt 0.485 0.62
vt 0.49 0.62
vt 0.495 0.62
vt 0.5 0.62
vt 0.505 0.62
vt 0.51 0.62
vt 0.515 0.62
vt 0.52 0.62
vt 0.525 0.62
vt 0.53 0.62
vt 0.535 0.62
vt 0.54 0.62
vt 0.545 0.62
vt 0.55 0.62
vt 0.555 0.62
vt 0.56 0.62
vt 0.565 0.62
vt 0.57 0.62
vt 0.575 0.62
vt 0.58 0.62
vt 0.585 0.62
vt 0.59 0.62
vt 0.595 0.62
vt 0.6 0.62
vt 0.605 0.62
vt 0.61 0.62
vt 0.615 0.62
vt 0.62 0.62
vt 0.625 0.62
vt 0.63 0.62
vt 0.635 0.62
vt 0.64 0.62
vt 0.645 0.62
vt 0.65 0.62
vt 0.655 0.62
vt 0.66 0.62
vt 0.665 0.62
vt 0.67 0.62
vt 0.675 0.62
vt 0.68 0.62
vt 0.44 0.625
vt 0.445 0.625
vt 0.45 0.625
vt 0.455 0.625
vt 0.46 0.625
vt 0.465 0.625
vt 0.47 0.625
vt 0.475 0.625
vt 0.48 0.625
vt 0.485 0.625
vt 0.49 0.625
vt 0.495 0.625
vt 0.5 0.625
vt 0.505 0.625
vt 0.51 0.625
vt 0.515 0.625
vt 0.52 0.625
vt 0.525 0.625
vt 0.53 0.625
vt 0.535 0.625
vt 0.54 0.625
vt 0.545 0.625
vt 0.55 0.625
vt 0.555 0.625
vt 0.56 0.625
vt 0.565 0.625
vt 0.57 0.625
vt 0.575 0.625
vt 0.58 0.625
vt 0.585 0.625
vt 0.59 0.625
vt 0.595 0.625
vt 0.6 0.625
vt 0.605 0.625
vt 0.61 0.625
vt 0.615 0.625
vt 0.62 0.625
vt 0.625 0.625
vt 0.63 0.625
vt 0.635 0.625
vt 0.64 0.625
vt 0.645 0.625
vt 0.65 0.625
vt 0.655 0.625
vt 0.66 0.625
vt 0.665 0.625
vt 0.67 0.625
vt 0.675 0.625
vt 0.68 0.625
vt 0.44 0.63
vt 0.445 0.63
vt 0.45 0.63
vt 0.455 0.63
vt 0.46 0.63
vt 0.465 0.63
vt 0.47 0.63
vt 0.475 0.63
vt 0.48 0.63
vt 0.485 0.63
vt 0.49 0.63
vt 0.495 0.63
vt 0.5 0.63
vt 0.505 0.63
vt 0.51 0.63
vt 0.515 0.63
vt 0.52 0.63
vt 0.525 0.63
vt 0.53 0.63
vt 0.535 0.63
vt 0.54 0.63
vt 0.545 0.63
vt 0.55 0.63
vt 0.555 0.63
vt 0.56 0.63
vt 0.565 0.63
vt 0.57 0.63
vt 0.575 0.63
vt 0.58 0.63
vt 0.585 0.63
vt 0.59 0.63
vt 0.595 0.63
vt 0.6 0.63
vt 0.605 0.63
vt 0.61 0.63
vt 0.615 0.63
vt 0.62 0.63
vt 0.625 0.63
vt 0.63 0.63
vt 0.635 0.63
vt 0.64 0.63
vt 0.645 0.63
vt 0.65 0.63
vt 0.655 0.63
vt 0.66 0.63
vt 0.665 0.63
vt 0.67 0.63
vt 0.675 0.63
vt 0.68 0.63
vt 0.44 0.635
vt 0.445 0.635
vt 0.45 0.635
vt 0.455 0.635
vt 0.46 0.635
vt 0.465 0.635
vt 0.47 0.635
vt 0.475 0.635
vt 0.48 0.635
vt 0.485 0.635
vt 0.49 0.635
vt 0.495 0.635
vt 0.5 0.635
vt 0.505 0.635
vt 0.51 0.635
vt 0.515 0.635
vt 0.52 0.635
vt 0.525 0.635
vt 0.53 0.635
vt 0.535 0.635
vt 0.54 0.635
vt 0.545 0.635
vt 0.55 0.635
vt 0.555 0.635
vt 0.56 0.635
vt 0.565 0.635
vt 0.57 0.635
vt 0.575 0.635
vt 0.58 0.635
vt 0.585 0.635
vt 0.59 0.635
vt 0.595 0.635
vt 0.6 0.635
vt 0.605 0.635
vt 0.61 0.635
vt 0.615 0.635
vt 0.62 0.635
vt 0.625 0.635
vt 0.63 0.635
vt 0.635 0.635
vt 0.64 0.635
vt 0.645 0.635
vt 0.65 0.635
vt 0.655 0.635
vt 0.66 0.635
vt 0.665 0.635
vt 0.67 0.635
vt 0.675 0.635
vt 0.68 0.635
vt 0.44 0.64
vt 0.445 0.64
vt 0.45 0.64
vt 0.455 0.64
vt 0.46 0.64
vt 0.465 0.64
vt 0.47 0.64
vt 0.475 0.64
vt 0.48 0.64
vt 0.485 0.64
vt 0.49 0.64
vt 0.495 0.64
vt 0.5 0.64
vt 0.505 0.64
vt 0.51 0.64
vt 0.515 0.64
vt 0.52 0.64
vt 0.525 0.64
vt 0.53 0.64
vt 0.535 0.64
vt 0.54 0.64
vt 0.545 0.64
vt 0.55 0.64
vt 0.555 0.64
vt 0.56 0.64
vt 0.565 0.64
vt 0.57 0.64
vt 0.575 0.64
vt 0.58 0.64
vt 0.585 0.64
vt 0.59 0.64
vt 0.595 0.64
vt 0.6 0.64
vt 0.605 0.64
vt 0.61 0.64
vt 0.615 0.64
vt 0.62 0.64
vt 0.625 0.64
vt 0.63 0.64
vt 0.635 0.64
vt 0.64 0.64
vt 0.645 0.64
vt 0.65 0.64
vt 0.655 0.64
vt 0.66 0.64
vt 0.665 0.64
vt 0.67 0.64
vt 0.675 0.64
vt 0.68 0.64
vt 0.44 0.645
vt 0.445 0.645
vt 0.45 0.645
vt 0.455 0.645
vt 0.46 0.645
vt 0.465 0.645
vt 0.47 0.645
vt 0.475 0.645
vt 0.48 0.645
vt 0.485 0.645
vt 0.49 0.645
vt 0.495 0.645
vt 0.5 0.645
vt 0.505 0.645
vt 0.51 0.645
vt 0.515 0.645
vt 0.52 0.645
vt 0.525 0.645
vt 0.53 0.645
vt 0.535 0.645
vt 0.54 0.645
vt 0.545 0.645
vt 0.55 0.645
vt 0.555 0.645
vt 0.56 0.645
vt 0.565 0.645
vt 0.57 0.645
vt 0.575 0.645
vt 0.58 0.645
vt 0.585 0.645
vt 0.59 0.645
vt 0.595 0.645
vt 0.6 0.645
vt 0.605 0.645
vt 0.61 0.645
vt 0.615 0.645
vt 0.62 0.645
vt 0.625 0.645
vt 0.63 0.645
vt 0.635 0.645
vt 0.64 0.645
vt 0.645 0.645
vt 0.65 0.645
vt 0.655 0.645
vt 0.66 0.645
vt 0.665 0.645
vt 0.67 0.645
vt 0.675 0.645
vt 0.68 0.645
vt 0.44 0.65
vt 0.445 0.65
vt 0.45 0.65
vt 0.455 0.65
vt 0.46 0.65
vt 0.465 0.65
vt 0.47 0.65
vt 0.475 0.65
vt 0.48 0.65
vt 0.485 0.65
vt 0.49 0.65
vt 0.495 0.65
vt 0.5 0.65
vt 0.505 0.65
vt 0.51 0.65
vt 0.515 0.65
vt 0.52 0.65
vt 0.525 0.65
vt 0.53 0.65
vt 0.535 0.65
vt 0.54 0.65
vt 0.545 0.65
vt 0.55 0.65
vt 0.555 0.65
vt 0.56 0.65
vt 0.565 0.65
vt 0.57 0.65
vt 0.575 0.65
vt 0.58 0.65
vt 0.585 0.65
vt 0.59 0.65
vt 0.595 0.65
vt 0.6 0.65
vt 0.605 0.65
vt 0.61 0.65
vt 0.615 0.65
vt 0.62 0.65
vt 0.625 0.65
vt 0.63 0.65
vt 0.635 0.65
vt 0.64 0.65
vt 0.645 0.65
vt 0.65 0.65
vt 0.655 0.65
vt 0.66 0.65
vt 0.665 0.65
vt 0.67 0.65
vt 0.675 0.65
vt 0.68 0.65
vt 0.44 0.655
vt 0.445 0.655
vt 0.45 0.655
vt 0.455 0.655
vt 0.46 0.655
vt 0.465 0.655
vt 0.47 0.655
vt 0.475 0.655
vt 0.48 0.655
vt 0.485 0.655
vt 0.49 0.655
vt 0.495 0.655
vt 0.5 0.655
vt 0.505 0.655
vt 0.51 0.655
vt 0.515 0.655
vt 0.52 0.655
vt 0.525 0.655
vt 0.53 0.655
vt 0.535 0.655
vt 0.54 0.655
vt 0.545 0.655
vt 0.55 0.655
vt 0.555 0.655
vt 0.56 0.655
vt 0.565 0.655
vt 0.57 0.655
vt 0.575 0.655
vt 0.58 0.655
vt 0.585 0.655
vt 0.59 0.655
vt 0.595 0.655
vt 0.6 0.655
vt 0.605 0.655
vt 0.61 0.655
vt 0.615 0.655
vt 0.62 0.655
vt 0.625 0.655
vt 0.63 0.655
vt 0.635 0.655
vt 0.64 0.655
vt 0.645 0.655
vt 0.65 0.655
vt 0.655 0.655
vt 0.66 0.655
vt 0.665 0.655
vt 0.67 0.655
vt 0.675 0.655
vt 0.68 0.655
vt 0.44 0.66
vt 0.445 0.66
vt 0.45 0.66
vt 0.455 0.66
vt 0.46 0.66
vt 0.465 0.66
vt 0.47 0.66
vt 0.475 0.66
vt 0.48 0.66
vt 0.485 0.66
vt 0.49 0.66
vt 0.495 0.66
vt 0.5 0.66
vt 0.505 0.66
vt 0.51 0.66
vt 0.515 0.66
vt 0.52 0.66
vt 0.525 0.66
vt 0.53 0.66
vt 0.535 0.66
vt 0.54 0.66
vt 0.545 0.66
vt 0.55 0.66
vt 0.555 0.66
vt 0.56 0.66
vt 0.565 0.66
vt 0.57 0.66
vt 0.575 0.66
vt 0.58 0.66
vt 0.585 0.66
vt 0.59 0.66
vt 0.595 0.66
vt 0.6 0.66
vt 0.605 0.66
vt 0.61 0.66
vt 0.615 0.66
vt 0.62 0.66
vt 0.625 0.66
vt 0.63 0.66
vt 0.635 0.66
vt 0.64 0.66
vt 0.645 0.66
vt 0.65 0.66
vt 0.655 0.66
vt 0.66 0.66
vt 0.665 0.66
vt 0.67 0.66
vt 0.675 0.66
vt 0.68 0.66
vt 0.44 0.665
vt 0.445 0.665
vt 0.45 0.665
vt 0.455 0.665
vt 0.46 0.665
vt 0.465 0.665
vt 0.47 0.665
vt 0.475 0.665
vt 0.48 0.665
vt 0.485 0.665
vt 0.49 0.665
vt 0.495 0.665
vt 0.5 0.665
vt 0.505 0.665
vt 0.51 0.665
vt 0.515 0.665
vt 0.52 0.665
vt 0.525 0.665
vt 0.53 0.665
vt 0.535 0.665
vt 0.54 0.665
vt 0.545 0.665
vt 0.55 0.665
vt 0.555 0.665
vt 0.56 0.665
vt 0.565 0.665
vt 0.57 0.665
vt 0.575 0.665
vt 0.58 0.665
vt 0.585 0.665
vt 0.59 0.665
vt 0.595 0.665
vt 0.6 0.665
vt 0.605 0.665
vt 0.61 0.665
vt 0.615 0.665
vt 0.62 0.665
vt 0.625 0.665
vt 0.63 0.665
vt 0.635 0.665
vt 0.64 0.665
vt 0.645 0.665
vt 0.65 0.665
vt 0.655 0.665
vt 0.66 0.665
vt 0.665 0.665
vt 0.67 0.665
vt 0.675 0.665
vt 0.68 0.665
vt 0.44 0.67
vt 0.445 0.67
vt 0.45 0.67
vt 0.455 0.67
vt 0.46 0.67
vt 0.465 0.67
vt 0.47 0.67
vt 0.475 0.67
vt 0.48 0.67
vt 0.485 0.67
vt 0.49 0.67
vt 0.495 0.67
vt 0.5 0.67
vt 0.505 0.67
vt 0.51 0.67
vt 0.515 0.67
vt 0.52 0.67
vt 0.525 0.67
vt 0.53 0.67
vt 0.535 0.67
vt 0.54 0.67
vt 0.545 0.67
vt 0.55 0.67
vt 0.555 0.67
vt 0.56 0.67
vt 0.565 0.67
vt 0.57 0.67
vt 0.575 0.67
vt 0.58 0.67
vt 0.585 0.67
vt 0.59 0.67
vt 0.595 0.67
vt 0.6 0.67
vt 0.605 0.67
vt 0.61 0.67
vt 0.615 0.67
vt 0.62 0.67
vt 0.625 0.67
vt 0.63 0.67
vt 0.635 0.67
vt 0.64 0.67
vt 0.645 0.67
vt 0.65 0.67
vt 0.655 0.67
vt 0.66 0.67
vt 0.665 0.67
vt 0.67 0.67
vt 0.675 0.67
vt 0.68 0.67
vt 0.44 0.675
vt 0.445 0.675
vt 0.45 0.675
vt 0.455 0.675
vt 0.46 0.675
vt 0.465 0.675
vt 0.47 0.675
vt 0.475 0.675
vt 0.48 0.675
vt 0.485 0.675
vt 0.49 0.675
vt 0.495 0.675
vt 0.5 0.675
vt 0.505 0.675
vt 0.51 0.675
vt 0.515 0.675
vt 0.52 0.675
vt 0.525 0.675
vt 0.53 0.675
vt 0.535 0.675
vt 0.54 0.675
vt 0.545 0.675
vt 0.55 0.675
vt 0.555 0.675
vt 0.56 0.675
vt 0.565 0.675
vt 0.57 0.675
vt 0.575 0.675
vt 0.58 0.675
vt 0.585 0.675
vt 0.59 0.675
vt 0.595 0.675
vt 0.6 0.675
vt 0.605 0.675
vt 0.61 0.675
vt 0.615 0.675
vt 0.62 0.675
vt 0.625 0.675
vt 0.63 0.675
vt 0.635 0.675
vt 0.64 0.675
vt 0.645 0.675
vt 0.65 0.675
vt 0.655 0.675
vt 0.66 0.675
vt 0.665 0.675
vt 0.67 0.675
vt 0.675 0.675
vt 0.68 0.675
vt 0.44 0.68
vt 0.445 0.68
vt 0.45 0.68
vt 0.455 0.68
vt 0.46 0.68
vt 0.465 0.68
vt 0.47 0.68
vt 0.475 0.68
vt 0.48 0.68
vt 0.485 0.68
vt 0.49 0.68
vt 0.495 0.68
vt 0.5 0.68
vt 0.505 0.68
vt 0.51 0.68
vt 0.515 0.68
vt 0.52 0.68
vt 0.525 0.68
vt 0.53 0.68
vt 0.535 0.68
vt 0.54 0.68
vt 0.545 0.68
vt 0.55 0.68
vt 0.555 0.68
vt 0.56 0.68
vt 0.565 0.68
vt 0.57 0.68
vt 0.575 0.68
vt 0.58 0.68
vt 0.585 0.68
vt 0.59 0.68
vt 0.595 0.68
vt 0.6 0.68
vt 0.605 0.68
vt 0.61 0.68
vt 0.615 0.68
vt 0.62 0.68
vt 0.625 0.68
vt 0.63 0.68
vt 0.635 0.68
vt 0.64 0.68
vt 0.645 0.68
vt 0.65 0.68
vt 0.655 0.68
vt 0.66 0.68
vt 0.665 0.68
vt 0.67 0.68
vt 0.675 0.68
vt 0.68 0.68
vt 0.44 0.685
vt 0.445 0.685
vt 0.45 0.685
vt 0.455 0.685
vt 0.46 0.685
vt 0.465 0.685
vt 0.47 0.685
vt 0.475 0.685
vt 0.48 0.685
vt 0.485 0.685
vt 0.49 0.685
vt 0.495 0.685
vt 0.5 0.685
vt 0.505 0.685
vt 0.51 0.685
vt 0.515 0.685
vt 0.52 0.685
vt 0.525 0.685
vt 0.53 0.685
vt 0.535 0.685
vt 0.54 0.685
vt 0.545 0.685
vt 0.55 0.685
vt 0.555 0.685
vt 0.56 0.685
vt 0.565 0.685
vt 0.57 0.685
vt 0.575 0.685
vt 0.58 0.685
vt 0.585 0.685
vt 0.59 0.685
vt 0.595 0.685
vt 0.6 0.685
vt 0.605 0.685
vt 0.61 0.685
vt 0.615 0.685
vt 0.62 0.685
vt 0.625 0.685
vt 0.63 0.685
vt 0.635 0.685
vt 0.64 0.685
vt 0.645 0.685
vt 0.65 0.685
vt 0.655 0.685
vt 0.66 0.685
vt 0.665 0.685
vt 0.67 0.685
vt 0.675 0.685
vt 0.68 0.685
vt 0.44 0.69
vt 0.445 0.69
vt 0.45 0.69
vt 0.455 0.69
vt 0.46 0.69
vt 0.465 0.69
vt 0.47 0.69
vt 0.475 0.69
vt 0.48 0.69
vt 0.485 0.69
vt 0.49 0.69
vt 0.495 0.69
vt 0.5 0.69
vt 0.505 0.69
vt 0.51 0.69
vt 0.515 0.69
vt 0.52 0.69
vt 0.525 0.69
vt 0.53 0.69
vt 0.535 0.69
vt 0.54 0.69
vt 0.545 0.69
vt 0.55 0.69
vt 0.555 0.69
vt 0.56 0.69
vt 0.565 0.69
vt 0.57 0.69
vt 0.575 0.69
vt 0.58 0.69
vt 0.585 0.69
vt 0.59 0.69
vt 0.595 0.69
vt 0.6 0.69
vt 0.605 0.69
vt 0.61 0.69
vt 0.615 0.69
vt 0.62 0.69
vt 0.625 0.69
vt 0.63 0.69
vt 0.635 0.69
vt 0.64 0.69
vt 0.645 0.69
vt 0.65 0.69
vt 0.655 0.69
vt 0.66 0.69
vt 0.665 0.69
vt 0.67 0.69
vt 0.675 0.69
vt 0.68 0.69
vt 0.44 0.695
vt 0.445 0.695
vt 0.45 0.695
vt 0.455 0.695
vt 0.46 0.695
vt 0.465 0.695
vt 0.47 0.695
vt 0.475 0.695
vt 0.48 0.695
vt 0.485 0.695
vt 0.49 0.695
vt 0.495 0.695
vt 0.5 0.695
vt 0.505 0.695
vt 0.51 0.695
vt 0.515 0.695
vt 0.52 0.695
vt 0.525 0.695
vt 0.53 0.695
vt 0.535 0.695
vt 0.54 0.695
vt 0.545 0.695
vt 0.55 0.695
vt 0.555 0.695
vt 0.56 0.695
vt 0.565 0.695
vt 0.57 0.695
vt 0.575 0.695
vt 0.58 0.695
vt 0.585 0.695
vt 0.59 0.695
vt 0.595 0.695
vt 0.6 0.695
vt 0.605 0.695
vt 0.61 0.695
vt 0.615 0.695
vt 0.62 0.695
vt 0.625 0.695
vt 0.63 0.695
vt 0.635 0.695
vt 0.64 0.695
vt 0.645 0.695
vt 0.65 0.695
vt 0.655 0.695
vt 0.66 0.695
vt 0.665 0.695
vt 0.67 0.695
vt 0.675 0.695
vt 0.68 0.695
vt 0.44 0.7
vt 0.445 0.7
vt 0.45 0.7
vt 0.455 0.7
vt 0.46 0.7
vt 0.465 0.7
vt 0.47 0.7
vt 0.475 0.7
vt 0.48 0.7
vt 0.485 0.7
vt 0.49 0.7
vt 0.495 0.7
vt 0.5 0.7
vt 0.505 0.7
vt 0.51 0.7
vt 0.515 0.7
vt 0.52 0.7
vt 0.525 0.7
vt 0.53 0.7
vt 0.535 0.7
vt 0.54 0.7
vt 0.545 0.7
vt 0.55 0.7
vt 0.555 0.7
vt 0.56 0.7
vt 0.565 0.7
vt 0.57 0.7
vt 0.575 0.7
vt 0.58 0.7
vt 0.585 0.7
vt 0.59 0.7
vt 0.595 0.7
vt 0.6 0.7
vt 0.605 0.7
vt 0.61 0.7
vt 0.615 0.7
vt 0.62 0.7
vt 0.625 0.7
vt 0.63 0.7
vt 0.635 0.7
vt 0.64 0.7
vt 0.645 0.7
vt 0.65 0.7
vt 0.655 0.7
vt 0.66 0.7
vt 0.665 0.7
vt 0.67 0.7
vt 0.675 0.7
vt 0.68 0.7
vt 0.44 0.705
vt 0.445 0.705
vt 0.45 0.705
vt 0.455 0.705
vt 0.46 0.705
vt 0.465 0.705
vt 0.47 0.705
vt 0.475 0.705
vt 0.48 0.705
vt 0.485 0.705
vt 0.49 0.705
vt 0.495 0.705
vt 0.5 0.705
vt 0.505 0.705
vt 0.51 0.705
vt 0.515 0.705
vt 0.52 0.705
vt 0.525 0.705
vt 0.53 0.705
vt 0.535 0.705
vt 0.54 0.705
vt 0.545 0.705
vt 0.55 0.705
vt 0.555 0.705
vt 0.56 0.705
vt 0.565 0.705
vt 0.57 0.705
vt 0.575 0.705
vt 0.58 0.705
vt 0.585 0.705
vt 0.59 0.705
vt 0.595 0.705
vt 0.6 0.705
vt 0.605 0.705
vt 0.61 0.705
vt 0.615 0.705
vt 0.62 0.705
vt 0.625 0.705
vt 0.63 0.705
vt 0.635 0.705
vt 0.64 0.705
vt 0.645 0.705
vt 0.65 0.705
vt 0.655 0.705
vt 0.66 0.705
vt 0.665 0.705
vt 0.67 0.705
vt 0.675 0.705
vt 0.68 0.705
vt 0.44 0.71
vt 0.445 0.71
vt 0.45 0.71
vt 0.455 0.71
vt 0.46 0.71
vt 0.465 0.71
vt 0.47 0.71
vt 0.475 0.71
vt 0.48 0.71
vt 0.485 0.71
vt 0.49 0.71
vt 0.495 0.71
vt 0.5 0.71
vt 0.505 0.71
vt 0.51 0.71
vt 0.515 0.71
vt 0.52 0.71
vt 0.525 0.71
vt 0.53 0.71
vt 0.535 0.71
vt 0.54 0.71
vt 0.545 0.71
vt 0.55 0.71
vt 0.555 0.71
vt 0.56 0.71
vt 0.565 0.71
vt 0.57 0.71
vt 0.575 0.71
vt 0.58 0.71
vt 0.585 0.71
vt 0.59 0.71
vt 0.595 0.71
vt 0.6 0.71
vt 0.605 0.71
vt 0.61 0.71
vt 0.615 0.71
vt 0.62 0.71
vt 0.625 0.71
vt 0.63 0.71
vt 0.635 0.71
vt 0.64 0.71
vt 0.645 0.71
vt 0.65 0.71
vt 0.655 0.71
vt 0.66 0.71
vt 0.665 0.71
vt 0.67 0.71
vt 0.675 0.71
vt 0.68 0.71
vt 0.44 0.715
vt 0.445 0.715
vt 0.45 0.715
vt 0.455 0.715
vt 0.46 0.715
vt 0.465 0.715
vt 0.47 0.715
vt 0.475 0.715
vt 0.48 0.715
vt 0.485 0.715
vt 0.49 0.715
vt 0.495 0.715
vt 0.5 0.715
vt 0.505 0.715
vt 0.51 0.715
vt 0.515 0.715
vt 0.52 0.715
vt 0.525 0.715
vt 0.53 0.715
vt 0.535 0.715
vt 0.54 0.715
vt 0.545 0.715
vt 0.55 0.715
vt 0.555 0.715
vt 0.56 0.715
vt 0.565 0.715
vt 0.57 0.715
vt 0.575 0.715
vt 0.58 0.715
vt 0.585 0.715
vt 0.59 0.715
vt 0.595 0.715
vt 0.6 0.715
vt 0.605 0.715
vt 0.61 0.715
vt 0.615 0.715
vt 0.62 0.715
vt 0.625 0.715
vt 0.63 0.715
vt 0.635 0.715
vt 0.64 0.715
vt 0.645 0.715
vt 0.65 0.715
vt 0.655 0.715
vt 0.66 0.715
vt 0.665 0.715
vt 0.67 0.715
vt 0.675 0.715
vt 0.68 0.715
vt 0.44 0.72
vt 0.445 0.72
vt 0.45 0.72
vt 0.455 0.72
vt 0.46 0.72
vt 0.465 0.72
vt 0.47 0.72
vt 0.475 0.72
vt 0.48 0.72
vt 0.485 0.72
vt 0.49 0.72
vt 0.495 0.72
vt 0.5 0.72
vt 0.505 0.72
vt 0.51 0.72
vt 0.515 0.72
vt 0.52 0.72
vt 0.525 0.72
vt 0.53 0.72
vt 0.535 0.72
vt 0.54 0.72
vt 0.545 0.72
vt 0.55 0.72
vt 0.555 0.72
vt 0.56 0.72
vt 0.565 0.72
vt 0.57 0.72
vt 0.575 0.72
vt 0.58 0.72
vt 0.585 0.72
vt 0.59 0.72
vt 0.595 0.72
vt 0.6 0.72
vt 0.605 0.72
vt 0.61 0.72
vt 0.615 0.72
vt 0.62 0.72
vt 0.625 0.72
vt 0.63 0.72
vt 0.635 0.72
vt 0.64 0.72
vt 0.645 0.72
vt 0.65 0.72
vt 0.655 0.72
vt 0.66 0.72
vt 0.665 0.72
vt 0.67 0.72
vt 0.675 0.72
vt 0.68 0.72
vt 0.44 0.725
vt 0.445 0.725
vt 0.45 0.725
vt 0.455 0.725
vt 0.46 0.725
vt 0.465 0.725
vt 0.47 0.725
vt 0.475 0.725
vt 0.48 0.725
vt 0.485 0.725
vt 0.49 0.725
vt 0.495 0.725
vt 0.5 0.725
vt 0.505 0.725
vt 0.51 0.725
vt 0.515 0.725
vt 0.52 0.725
vt 0.525 0.725
vt 0.53 0.725
vt 0.535 0.725
vt 0.54 0.725
vt 0.545 0.725
vt 0.55 0.725
vt 0.555 0.725
vt 0.56 0.725
vt 0.565 0.725
vt 0.57 0.725
vt 0.575 0.725
vt 0.58 0.725
vt 0.585 0.725
vt 0.59 0.725
vt 0.595 0.725
vt 0.6 0.725
vt 0.605 0.725
vt 0.61 0.725
vt 0.615 0.725
vt 0.62 0.725
vt 0.625 0.725
vt 0.63 0.725
vt 0.635 0.725
vt 0.64 0.725
vt 0.645 0.725
vt 0.65 0.725
vt 0.655 0.725
vt 0.66 0.725
vt 0.665 0.725
vt 0.67 0.725
vt 0.675 0.725
vt 0.68 0.725
vt 0.44 0.73
vt 0.445 0.73
vt 0.45 0.73
vt 0.455 0.73
vt 0.46 0.73
vt 0.465 0.73
vt 0.47 0.73
vt 0.475 0.73
vt 0.48 0.73
vt 0.485 0.73
vt 0.49 0.73
vt 0.495 0.73
vt 0.5 0.73
vt 0.505 0.73
vt 0.51 0.73
vt 0.515 0.73
vt 0.52 0.73
vt 0.525 0.73
vt 0.53 0.73
vt 0.535 0.73
vt 0.54 0.73
vt 0.545 0.73
vt 0.55 0.73
vt 0.555 0.73
vt 0.56 0.73
vt 0.565 0.73
vt 0.57 0.73
vt 0.575 0.73
vt 0.58 0.73
vt 0.585 0.73
vt 0.59 0.73
vt 0.595 0.73
vt 0.6 0.73
vt 0.605 0.73
vt 0.61 0.73
vt 0.615 0.73
vt 0.62 0.73
vt 0.625 0.73
vt 0.63 0.73
vt 0.635 0.73
vt 0.64 0.73
vt 0.645 0.73
vt 0.65 0.73
vt 0.655 0.73
vt 0.66 0.73
vt 0.665 0.73
vt 0.67 0.73
vt 0.675 0.73
vt 0.68 0.73
vt 0.44 0.735
vt 0.445 0.735
vt 0.45 0.735
vt 0.455 0.735
vt 0.46 0.735
vt 0.465 0.735
vt 0.47 0.735
vt 0.475 0.735
vt 0.48 0.735
vt 0.485 0.735
vt 0.49 0.735
vt 0.495 0.735
vt 0.5 0.735
vt 0.505 0.735
vt 0.51 0.735
vt 0.515 0.735
vt 0.52 0.735
vt 0.525 0.735
vt 0.53 0.735
vt 0.535 0.735
vt 0.54 0.735
vt 0.545 0.735
vt 0.55 0.735
vt 0.555 0.735
vt 0.56 0.735
vt 0.565 0.735
vt 0.57 0.735
vt 0.575 0.735
vt 0.58 0.735
vt 0.585 0.735
vt 0.59 0.735
vt 0.595 0.735
vt 0.6 0.735
vt 0.605 0.735
vt 0.61 0.735
vt 0.615 0.735
vt 0.62 0.735
vt 0.625 0.735
vt 0.63 0.735
vt 0.635 0.735
vt 0.64 0.735
vt 0.645 0.735
vt 0.65 0.735
vt 0.655 0.735
vt 0.66 0.735
vt 0.665 0.735
vt 0.67 0.735
vt 0.675 0.735
vt 0.68 0.735
vt 0.44 0.74
vt 0.445 0.74
vt 0.45 0.74
vt 0.455 0.74
vt 0.46 0.74
vt 0.465 0.74
vt 0.47 0.74
vt 0.475 0.74
vt 0.48 0.74
vt 0.485 0.74
vt 0.49 0.74
vt 0.495 0.74
vt 0.5 0.74
vt 0.505 0.74
vt 0.51 0.74
vt 0.515 0.74
vt 0.52 0.74
vt 0.525 0.74
vt 0.53 0.74
vt 0.535 0.74
vt 0.54 0.74
vt 0.545 0.74
vt 0.55 0.74
vt 0.555 0.74
vt 0.56 0.74
vt 0.565 0.74
vt 0.57 0.74
vt 0.575 0.74
vt 0.58 0.74
vt 0.585 0.74
vt 0.59 0.74
vt 0.595 0.74
vt 0.6 0.74
vt 0.605 0.74
vt 0.61 0.74
vt 0.615 0.74
vt 0.62 0.74
vt 0.625 0.74
vt 0.63 0.74
vt 0.635 0.74
vt 0.64 0.74
vt 0.645 0.74
vt 0.65 0.74
vt 0.655 0.74
vt 0.66 0.74
vt 0.665 0.74
vt 0.67 0.74
vt 0.675 0.74
vt 0.68 0.74
vt 0.44 0.745
vt 0.445 0.745
vt 0.45 0.745
vt 0.455 0.745
vt 0.46 0.745
vt 0.465 0.745
vt 0.47 0.745
vt 0.475 0.745
vt 0.48 0.745
vt 0.485 0.745
vt 0.49 0.745
vt 0.495 0.745
vt 0.5 0.745
vt 0.505 0.745
vt 0.51 0.745
vt 0.515 0.745
vt 0.52 0.745
vt 0.525 0.745
vt 0.53 0.745
vt 0.535 0.745
vt 0.54 0.745
vt 0.545 0.745
vt 0.55 0.745
vt 0.555 0.745
vt 0.56 0.745
vt 0.565 0.745
vt 0.57 0.745
vt 0.575 0.745
vt 0.58 0.745
vt 0.585 0.745
vt 0.59 0.745
vt 0.595 0.745
vt 0.6 0.745
vt 0.605 0.745
vt 0.61 0.745
vt 0.615 0.745
vt 0.62 0.745
vt 0.625 0.745
vt 0.63 0.745
vt 0.635 0.745
vt 0.64 0.745
vt 0.645 0.745
vt 0.65 0.745
vt 0.655 0.745
vt 0.66 0.745
vt 0.665 0.745
vt 0.67 0.745
vt 0.675 0.745
vt 0.68 0.745
vt 0.44 0.75
vt 0.445 0.75
vt 0.45 0.75
vt 0.455 0.75
vt 0.46 0.75
vt 0.465 0.75
vt 0.47 0.75
vt 0.475 0.75
vt 0.48 0.75
vt 0.485 0.75
vt 0.49 0.75
vt 0.495 0.75
vt 0.5 0.75
vt 0.505 0.75
vt 0.51 0.75
vt 0.515 0.75
vt 0.52 0.75
vt 0.525 0.75
vt 0.53 0.75
vt 0.535 0.75
vt 0.54 0.75
vt 0.545 0.75
vt 0.55 0.75
vt 0.555 0.75
vt 0.56 0.75
vt 0.565 0.75
vt 0.57 0.75
vt 0.575 0.75
vt 0.58 0.75
vt 0.585 0.75
vt 0.59 0.75
vt 0.595 0.75
vt 0.6 0.75
vt 0.605 0.75
vt 0.61 0.75
vt 0.615 0.75
vt 0.62 0.75
vt 0.625 0.75
vt 0.63 0.75
vt 0.635 0.75
vt 0.64 0.75
vt 0.645 0.75
vt 0.65 0.75
vt 0.655 0.75
vt 0.66 0.75
vt 0.665 0.75
vt 0.67 0.75
vt 0.675 0.75
vt 0.68 0.75
vt 0.44 0.755
vt 0.445 0.755
vt 0.45 0.755
vt 0.455 0.755
vt 0.46 0.755
vt 0.465 0.755
vt 0.47 0.755
vt 0.475 0.755
vt 0.48 0.755
vt 0.485 0.755
vt 0.49 0.755
vt 0.495 0.755
vt 0.5 0.755
vt 0.505 0.755
vt 0.51 0.755
vt 0.515 0.755
vt 0.52 0.755
vt 0.525 0.755
vt 0.53 0.755
vt 0.535 0.755
vt 0.54 0.755
vt 0.545 0.755
vt 0.55 0.755
vt 0.555 0.755
vt 0.56 0.755
vt 0.565 0.755
vt 0.57 0.755
vt 0.575 0.755
vt 0.58 0.755
vt 0.585 0.755
vt 0.59 0.755
vt 0.595 0.755
vt 0.6 0.755
vt 0.605 0.755
vt 0.61 0.755
vt 0.615 0.755
vt 0.62 0.755
vt 0.625 0.755
vt 0.63 0.755
vt 0.635 0.755
vt 0.64 0.755
vt 0.645 0.755
vt 0.65 0.755
vt 0.655 0.755
vt 0.66 0.755
vt 0.665 0.755
vt 0.67 0.755
vt 0.675 0.755
vt 0.68 0.755
vt 0.44 0.76
vt 0.445 0.76
vt 0.45 0.76
vt 0.455 0.76
vt 0.46 0.76
vt 0.465 0.76
vt 0.47 0.76
vt 0.475 0.76
vt 0.48 0.76
vt 0.485 0.76
vt 0.49 0.76
vt 0.495 0.76
vt 0.5 0.76
vt 0.505 0.76
vt 0.51 0.76
vt 0.515 0.76
vt 0.52 0.76
vt 0.525 0.76
vt 0.53 0.76
vt 0.535 0.76
vt 0.54 0.76
vt 0.545 0.76
vt 0.55 0.76
vt 0.555 0.76
vt 0.56 0.76
vt 0.565 0.76
vt 0.57 0.76
vt 0.575 0.76
vt 0.58 0.76
vt 0.585 0.76
vt 0.59 0.76
vt 0.595 0.76
vt 0.6 0.76
vt 0.605 0.76
vt 0.61 0.76
vt 0.615 0.76
vt 0.62 0.76
vt 0.625 0.76
vt 0.63 0.76
vt 0.635 0.76
vt 0.64 0.76
vt 0.645 0.76
vt 0.65 0.76
vt 0.655 0.76
vt 0.66 0.76
vt 0.665 0.76
vt 0.67 0.76
vt 0.675 0.76
vt 0.68 0.76
vt 0.44 0.765
vt 0.445 0.765
vt 0.45 0.765
vt 0.455 0.765
vt 0.46 0.765
vt 0.465 0.765
vt 0.47 0.765
vt 0.475 0.765
vt 0.48 0.765
vt 0.485 0.765
vt 0.49 0.765
vt 0.495 0.765
vt 0.5 0.765
vt 0.505 0.765
vt 0.51 0.765
vt 0.515 0.765
vt 0.52 0.765
vt 0.525 0.765
vt 0.53 0.765
vt 0.535 0.765
vt 0.54 0.765
vt 0.545 0.765
vt 0.55 0.765
vt 0.555 0.765
vt 0.56 0.765
vt 0.565 0.765
vt 0.57 0.765
vt 0.575 0.765
vt 0.58 0.765
vt 0.585 0.765
vt 0.59 0.765
vt 0.595 0.765
vt 0.6 0.765
vt 0.605 0.765
vt 0.61 0.765
vt 0.615 0.765
vt 0.62 0.765
vt 0.625 0.765
vt 0.63 0.765
vt 0.635 0.765
vt 0.64 0.765
vt 0.645 0.765
vt 0.65 0.765
vt 0.655 0.765
vt 0.66 0.765
vt 0.665 0.765
vt 0.67 0.765
vt 0.675 0.765
vt 0.68 0.765
vt 0.44 0.77
vt 0.445 0.77
vt 0.45 0.77
vt 0.455 0.77
vt 0.46 0.77
vt 0.465 0.77
vt 0.47 0.77
vt 0.475 0.77
vt 0.48 0.77
vt 0.485 0.77
vt 0.49 0.77
vt 0.495 0.77
vt 0.5 0.77
vt 0.505 0.77
vt 0.51 0.77
vt 0.515 0.77
vt 0.52 0.77
vt 0.525 0.77
vt 0.53 0.77
vt 0.535 0.77
vt 0.54 0.77
vt 0.545 0.77
vt 0.55 0.77
vt 0.555 0.77
vt 0.56 0.77
vt 0.565 0.77
vt 0.57 0.77
vt 0.575 0.77
vt 0.58 0.77
vt 0.585 0.77
vt 0.59 0.77
vt 0.595 0.77
vt 0.6 0.77
vt 0.605 0.77
vt 0.61 0.77
vt 0.615 0.77
vt 0.62 0.77
vt 0.625 0.77
vt 0.63 0.77
vt 0.635 0.77
vt 0.64 0.77
vt 0.645 0.77
vt 0.65 0.77
vt 0.655 0.77
vt 0.66 0.77
vt 0.665 0.77
vt 0.67 0.77
vt 0.675 0.77
vt 0.68 0.77
vt 0.44 0.775
vt 0.445 0.775
vt 0.45 0.775
vt 0.455 0.775
vt 0.46 0.775
vt 0.465 0.775
vt 0.47 0.775
vt 0.475 0.775
vt 0.48 0.775
vt 0.485 0.775
vt 0.49 0.775
vt 0.495 0.775
vt 0.5 0.775
vt 0.505 0.775
vt 0.51 0.775
vt 0.515 0.775
vt 0.52 0.775
vt 0.525 0.775
vt 0.53 0.775
vt 0.535 0.775
vt 0.54 0.775
vt 0.545 0.775
vt 0.55 0.775
vt 0.555 0.775
vt 0.56 0.775
vt 0.565 0.775
vt 0.57 0.775
vt 0.575 0.775
vt 0.58 0.775
vt 0.585 0.775
vt 0.59 0.775
vt 0.595 0.775
vt 0.6 0.775
vt 0.605 0.775
vt 0.61 0.775
vt 0.615 0.775
vt 0.62 0.775
vt 0.625 0.775
vt 0.63 0.775
vt 0.635 0.775
vt 0.64 0.775
vt 0.645 0.775
vt 0.65 0.775
vt 0.655 0.775
vt 0.66 0.775
vt 0.665 0.775
vt 0.67 0.775
vt 0.675 0.775
vt 0.68 0.775
vt 0.44 0.78
vt 0.445 0.78
vt 0.45 0.78
vt 0.455 0.78
vt 0.46 0.78
vt 0.465 0.78
vt 0.47 0.78
vt 0.475 0.78
vt 0.48 0.78
vt 0.485 0.78
vt 0.49 0.78
vt 0.495 0.78
vt 0.5 0.78
vt 0.505 0.78
vt 0.51 0.78
vt 0.515 0.78
vt 0.52 0.78
vt 0.525 0.78
vt 0.53 0.78
vt 0.535 0.78
vt 0.54 0.78
vt 0.545 0.78
vt 0.55 0.78
vt 0.555 0.78
vt 0.56 0.78
vt 0.565 0.78
vt 0.57 0.78
vt 0.575 0.78
vt 0.58 0.78
vt 0.585 0.78
vt 0.59 0.78
vt 0.595 0.78
vt 0.6 0.78
vt 0.605 0.78
vt 0.61 0.78
vt 0.615 0.78
vt 0.62 0.78
vt 0.625 0.78
vt 0.63 0.78
vt 0.635 0.78
vt 0.64 0.78
vt 0.645 0.78
vt 0.65 0.78
vt 0.655 0.78
vt 0.66 0.78
vt 0.665 0.78
vt 0.67 0.78
vt 0.675 0.78
vt 0.68 0.78
vt 0.44 0.785
vt 0.445 0.785
vt 0.45 0.785
vt 0.455 0.785
vt 0.46 0.785
vt 0.465 0.785
vt 0.47 0.785
vt 0.475 0.785
vt 0.48 0.785
vt 0.485 0.785
vt 0.49 0.785
vt 0.495 0.785
vt 0.5 0.785
vt 0.505 0.785
vt 0.51 0.785
vt 0.515 0.785
vt 0.52 0.785
vt 0.525 0.785
vt 0.53 0.785
vt 0.535 0.785
vt 0.54 0.785
vt 0.545 0.785
vt 0.55 0.785
vt 0.555 0.785
vt 0.56 0.785
vt 0.565 0.785
vt 0.57 0.785
vt 0.575 0.785
vt 0.58 0.785
vt 0.585 0.785
vt 0.59 0.785
vt 0.595 0.785
vt 0.6 0.785
vt 0.605 0.785
vt 0.61 0.785
vt 0.615 0.785
vt 0.62 0.785
vt 0.625 0.785
vt 0.63 0.785
vt 0.635 0.785
vt 0.64 0.785
vt 0.645 0.785
vt 0.65 0.785
vt 0.655 0.785
vt 0.66 0.785
vt 0.665 0.785
vt 0.67 0.785
vt 0.675 0.785
vt 0.68 0.785
usemtl mat0
f 1/1/1 2/2/2 3/3/3
f 2/2/2 4/4/4 3/3/3
f 3/3/3 4/4/4 5/5/5
f 4/4/4 6/6/6 5/5/5
f 5/5/5 6/6/6 7/7/7
f 6/6/6 8/8/8 7/7/7
f 7/7/7 8/8/8 9/9/9
f 8/8/8 10/10/10 9/9/9
f 9/9/9 10/10/10 11/11/11
f 10/10/10 12/12/12 11/11/11
f 11/11/11 12/12/12 13/13/13
f 12/12/12 14/14/14 13/13/13
f 13/13/13 14/14/14 15/15/15
f 14/14/14 16/16/16 15/15/15
f 15/15/15 16/16/16 17/17/17
f 16/16/16 18/18/18 17/17/17
f 17/17/17 18/18/18 19/19/19
f 18/18/18 20/20/20 19/19/19
f 19/19/19 20/20/20 21/21/21
f 20/20/20 22/22/22 21/21/21
f 21/21/21 22/22/22 23/23/23
f 22/22/22 24/24/24 23/23/23
f 23/23/23 24/24/24 25/25/25
f 24/24/24 26/26/26 25/25/25
f 25/25/25 26/26/26 27/27/27
f 26/26/26 28/28/28 27/27/27
f 27/27/27 28/28/28 29/29/29
f 28/28/28 30/30/30 29/29/29
f 29/29/29 30/30/30 31/31/31
f 30/30/30 32/32/32 31/31/31
f 31/31/31 32/32/32 33/33/33
f 32/32/32 34/34/34 33/33/33
f 33/33/33 34/34/34 35/35/35
f 34/34/34 36/36/36 35/35/35
f 35/35/35 36/36/36 37/37/37
f 36/36/36 38/38/38 37/37/37
f 37/37/37 38/38/38 39/39/39
f 38/38/38 40/40/40 39/39/39
f 39/39/39 40/40/40 41/41/41
f 40/40/40 42/42/42 41/41/41
f 41/41/41 42/42/42 43/43/43
f 42/42/42 44/44/44 43/43/43
f 43/43/43 44/44/44 45/45/45
f 44/44/44 46/46/46 45/45/45
f 45/45/45 46/46/46 47/47/47
f 46/46/46 48/48/48 47/47/47
f 47/47/47 48/48/48 49/49/49
f 48/48/48 50/50/50 49/49/49
f 49/49/49 50/50/50 51/51/51
f 50/50/50 52/52/52 51/51/51
f 51/51/51 52/52/52 53/53/53
f 52/52/52 54/54/54 53/53/53
f 53/53/53 54/54/54 55/55/55
f 54/54/54 56/56/56 55/55/55
f 55/55/55 56/56/56 57/57/57
f 56/56/56 58/58/58 57/57/57
f 57/57/57 58/58/58 59/59/59
f 58/58/58 60/60/60 59/59/59
f 59/59/59 60/60/60 61/61/61
f 60/60/60 62/62/62 61/61/61
f 61/61/61 62/62/62 63/63/63
f 62/62/62 64/64/64 63/63/63
f 63/63/63 64/64/64 65/65/65
f 64/64/64 66/66/66 65/65/65
f 65/65/65 66/66/66 67/67/67
f 66/66/66 68/68/68 67/67/67
f 67/67/67 68/68/68 69/69/69
f 68/68/68 70/70/70 69/69/69
f 69/69/69 70/70/70 71/71/71
f 70/70/70 72/72/72 71/71/71
f 71/71/71 72/72/72 73/73/73
f 72/72/72 74/74/74 73/73/73
f 73/73/73 74/74/74 75/75/75
f 74/74/74 76/76/76 75/75/75
f 75/75/75 76/76/76 77/77/77
f 76/76/76 78/78/78 77/77/77
f 77/77/77 78/78/78 79/79/79
f 78/78/78 80/80/80 79/79/79
f 79/79/79 80/80/80 81/81/81
f 80/80/80 82/82/82 81/81/81
f 81/81/81 82/82/82 83/83/83
f 82/82/82 84/84/84 83/83/83
f 83/83/83 84/84/84 85/85/85
f 84/84/84 86/86/86 85/85/85
f 85/85/85 86/86/86 87/87/87
f 86/86/86 88/88/88 87/87/87
f 87/87/87 88/88/88 89/89/89
f 88/88/88 90/90/90 89/89/89
f 89/89/89 90/90/90 91/91/91
f 90/90/90 92/92/92 91/91/91
f 91/91/91 92/92/92 93/93/93
f 92/92/92 94/94/94 93/93/93
f 93/93/93 94/94/94 95/95/95
f 94/94/94 96/96/96 95/95/95
f 95/95/95 96/96/96 97/97/97
f 96/96/96 98/98/98 97/97/97
f 2/2/2 99/99/99 4/4/4
f 99/99/99 100/100/100 4/4/4
f 4/4/4 100/100/100 6/6/6
f 100/100/100 101/101/101 6/6/6
f 6/6/6 101/101/101 8/8/8
f 101/101/101 102/102/102 8/8/8
f 8/8/8 102/102/102 10/10/10
f 102/102/102 103/103/103 10/10/10
f 10/10/10 103/103/103 12/12/12
f 103/103/103 104/104/104 12/12/12
f 12/12/12 104/104/104 14/14/14
f 104/104/104 105/105/105 14/14/14
f 14/14/14 105/105/105 16/16/16
f 105/105/105 106/106/106 16/16/16
f 16/16/16 106/106/106 18/18/18
f 106/106/106 107/107/107 18/18/18
f 18/18/18 107/107/107 20/20/20
f 107/107/107 108/108/108 20/20/20
f 20/20/20 108/108/108 22/22/22
f 108/108/108 109/109/109 22/22/22
f 22/22/22 109/109/109 24/24/24
f 109/109/109 110/110/110 24/24/24
f 24/24/24 110/110/110 26/26/26
f 110/110/110 111/111/111 26/26/26
f 26/26/26 111/111/111 28/28/28
f 111/111/111 112/112/112 28/28/28
f 28/28/28 112/112/112 30/30/30
f 112/112/112 113/113/113 30/30/30
f 30/30/30 113/113/113 32/32/32
f 113/113/113 114/114/114 32/32/32
f 32/32/32 114/114/114 34/34/34
f 114/114/114 115/115/115 34/34/34
f 34/34/34 115/115/115 36/36/36
f 115/115/115 116/116/116 36/36/36
f 36/36/36 116/116/116 38/38/38
f 116/116/116 117/117/117 38/38/38
f 38/38/38 117/117/117 40/40/40
f 117/117/117 118/118/118 40/40/40
f 40/40/40 118/118/118 42/42/42
f 118/118/118 119/119/119 42/42/42
f 42/42/42 119/119/119 44/44/44
f 119/119/119 120/120/120 44/44/44
f 44/44/44 120/120/120 46/46/46
f 120/120/120 121/121/121 46/46/46
f 46/46/46 121/121/121 48/48/48
f 121/121/121 122/122/122 48/48/48
f 48/48/48 122/122/122 50/50/50
f 122/122/122 123/123/123 50/50/50
f 50/50/50 123/123/123 52/52/52
f 123/123/123 124/124/124 52/52/52
f 52/52/52 124/124/124 54/54/54
f 124/124/124 125/125/125 54/54/54
f 54/54/54 125/125/125 56/56/56
f 125/125/125 126/126/126 56/56/56
f 56/56/56 126/126/126 58/58/58
f 126/126/126 127/127/127 58/58/58
f 58/58/58 127/127/127 60/60/60
f 127/127/127 128/128/128 60/60/60
f 60/60/60 128/128/128 62/62/62
f 128/128/128 129/129/129 62/62/62
f 62/62/62 129/129/129 64/64/64
f 129/129/129 130/130/130 64/64/64
f 64/64/64 130/130/130 66/66/66
f 130/130/130 131/131/131 66/66/66
f 66/66/66 131/131/131 68/68/68
f 131/131/131 132/132/132 68/68/68
f 68/68/68 132/132/132 70/70/70
f 132/132/132 133/133/133 70/70/70
f 70/70/70 133/133/133 72/72/72
f 133/133/133 134/134/134 72/72/72
f 72/72/72 134/134/134 74/74/74
f 134/134/134 135/135/135 74/74/74
f 74/74/74 135/135/135 76/76/76
f 135/135/135 136/136/136 76/76/76
f 76/76/76 136/136/136 78/78/78
f 136/136/136 137/137/137 78/78/78
f 78/78/78 137/137/137 80/80/80
f 137/137/137 138/138/138 80/80/80
f 80/80/80 138/138/138 82/82/82
f 138/138/138 139/139/139 82/82/82
f 82/82/82 139/139/139 84/84/84
f 139/139/139 140/140/140 84/84/84
f 84/84/84 140/140/140 86/86/86
f 140/140/140 141/141/141 86/86/86
f 86/86/86 141/141/141 88/88/88
f 141/141/141 142/142/142 88/88/88
f 88/88/88 142/142/142 90/90/90
f 142/142/142 143/143/143 90/90/90
f 90/90/90 143/143/143 92/92/92
f 143/143/143 144/144/144 92/92/92
f 92/92/92 144/144/144 94/94/94
f 144/144/144 145/145/145 94/94/94
f 94/94/94 145/145/145 96/96/96
f 145/145/145 146/146/146 96/96/96
f 96/96/96 146/146/146 98/98/98
f 146/146/146 147/147/147 98/98/98
f 99/99/99 148/148/148 100/100/100
f 148/148/148 149/149/149 100/100/100
f 100/100/100 149/149/149 101/101/101
f 149/149/149 150/150/150 101/101/101
f 101/101/101 150/150/150 102/102/102
f 150/150/150 151/151/151 102/102/102
f 102/102/102 151/151/151 103/103/103
f 151/151/151 152/152/152 103/103/103
f 103/103/103 152/152/152 104/104/104
f 152/152/152 153/153/153 104/104/104
f 104/104/104 153/153/153 105/105/105
f 153/153/153 154/154/154 105/105/105
f 105/105/105 154/154/154 106/106/106
f 154/154/154 155/155/155 106/106/106
f 106/106/106 155/155/155 107/107/107
f 155/155/155 156/156/156 107/107/107
f 107/107/107 156/156/156 108/108/108
f 156/156/156 157/157/157 108/108/108
f 108/108/108 157/157/157 109/109/109
f 157/157/157 158/158/158 109/109/109
f 109/109/109 158/158/158 110/110/110
f 158/158/158 159/159/159 110/110/110
f 110/110/110 159/159/159 111/111/111
f 159/159/159 160/160/160 111/111/111
f 111/111/111 160/160/160 112/112/112
f 160/160/160 161/161/161 112/112/112
f 112/112/112 161/161/161 113/113/113
f 161/161/161 162/162/162 113/113/113
f 113/113/113 162/162/162 114/114/114
f 162/162/162 163/163/163 114/114/114
f 114/114/114 163/163/163 115/115/115
f 163/163/163 164/164/164 115/115/115
f 115/115/115 164/164/164 116/116/116
f 164/164/164 165/165/165 116/116/116
f 116/116/116 165/165/165 117/117/117
f 165/165/165 166/166/166 117/117/117
f 117/117/117 166/166/166 118/118/118
f 166/166/166 167/167/167 118/118/118
f 118/118/118 167/167/167 119/119/119
f 167/167/167 168/168/168 119/119/119
f 119/119/119 168/168/168 120/120/120
f 168/168/168 169/169/169 120/120/120
f 120/120/120 169/169/169 121/121/121
f 169/169/169 170/170/170 121/121/121
f 121/121/121 170/170/170 122/122/122
f 170/170/170 171/171/171 122/122/122
f 122/122/122 171/171/171 123/123/123
f 171/171/171 172/172/172 123/123/123
f 123/123/123 172/172/172 124/124/124
f 172/172/172 173/173/173 124/124/124
f 124/124/124 173/173/173 125/125/125
f 173/173/173 174/174/174 125/125/125
f 125/125/125 174/174/174 126/126/126
f 174/174/174 175/175/175 126/126/126
f 126/126/126 175/175/175 127/127/127
f 175/175/175 176/176/176 127/127/127
f 127/127/127 176/176/176 128/128/128
f 176/176/176 177/177/177 128/128/128
f 128/128/128 177/177/177 129/129/129
f 177/177/177 178/178/178 129/129/129
f 129/129/129 178/178/178 130/130/130
f 178/178/178 179/179/179 130/130/130
f 130/130/130 179/179/179 131/131/131
f 179/179/179 180/180/180 131/131/131
f 131/131/131 180/180/180 132/132/132
f 180/180/180 181/181/181 132/132/132
f 132/132/132 181/181/181 133/133/133
f 181/181/181 182/182/182 133/133/133
f 133/133/133 182/182/182 134/134/134
f 182/182/182 183/183/183 134/134/134
f 134/134/134 183/183/183 135/135/135
f 183/183/183 184/184/184 135/135/135
f 135/135/135 184/184/184 136/136/136
f 184/184/184 185/185/185 136/136/136
f 136/136/136 185/185/185 137/137/137
f 185/185/185 186/186/186 137/137/137
f 137/137/137 186/186/186 138/138/138
f 186/186/186 187/187/187 138/138/138
f 138/138/138 187/187/187 139/139/139
f 187/187/187 188/188/188 139/139/139
f 139/139/139 188/188/188 140/140/140
f 188/188/188 189/189/189 140/140/140
f 140/140/140 189/189/189 141/141/141
f 189/189/189 190/190/190 141/141/141
f 141/141/141 190/190/190 142/142/142
f 190/190/190 191/191/191 142/142/142
f 142/142/142 191/191/191 143/143/143
f 191/191/191 192/192/192 143/143/143
f 143/143/143 192/192/192 144/144/144
f 192/192/192 193/193/193 144/144/144
f 144/144/144 193/193/193 145/145/145
f 193/193/193 194/194/194 145/145/145
f 145/145/145 194/194/194 146/146/146
f 194/194/194 195/195/195 146/146/146
f 146/146/146 195/195/195 147/147/147
f 195/195/195 196/196/196 147/147/147
f 148/148/148 197/197/197 149/149/149
f 197/197/197 198/198/198 149/149/149
f 149/149/149 198/198/198 150/150/150
f 198/198/198 199/199/199 150/150/150
f 150/150/150 199/199/199 151/151/151
f 199/199/199 200/200/200 151/151/151
f 151/151/151 200/200/200 152/152/152
f 200/200/200 201/201/201 152/152/152
f 152/152/152 201/201/201 153/153/153
f 201/201/201 202/202/202 153/153/153
f 153/153/153 202/202/202 154/154/154
f 202/202/202 203/203/203 154/154/154
f 154/154/154 203/203/203 155/155/155
f 203/203/203 204/204/204 155/155/155
f 155/155/155 204/204/204 156/156/156
f 204/204/204 205/205/205 156/156/156
f 156/156/156 205/205/205 157/157/157
f 205/205/205 206/206/206 157/157/157
f 157/157/157 206/206/206 158/158/158
f 206/206/206 207/207/207 158/158/158
f 158/158/158 207/207/207 159/159/159
f 207/207/207 208/208/208 159/159/159
f 159/159/159 208/208/208 160/160/160
f 208/208/208 209/209/209 160/160/160
f 160/160/160 209/209/209 161/161/161
f 209/209/209 210/210/210 161/161/161
f 161/161/161 210/210/210 162/162/162
f 210/210/210 211/211/211 162/162/162
f 162/162/162 211/211/211 163/163/163
f 211/211/211 212/212/212 163/163/163
f 163/163/163 212/212/212 164/164/164
f 212/212/212 213/213/213 164/164/164
f 164/164/164 213/213/213 165/165/165
f 213/213/213 214/214/214 165/165/165
f 165/165/165 214/214/214 166/166/166
f 214/214/214 215/215/215 166/166/166
f 166/166/166 215/215/215 167/167/167
f 215/215/215 216/216/216 167/167/167
f 167/167/167 216/216/216 168/168/168
f 216/216/216 217/217/217 168/168/168
f 168/168/168 217/217/217 169/169/169
f 217/217/217 218/218/218 169/169/169
f 169/169/169 218/218/218 170/170/170
f 218/218/218 219/219/219 170/170/170
f 170/170/170 219/219/219 171/171/171
f 219/219/219 220/220/220 171/171/171
f 171/171/171 220/220/220 172/172/172
f 220/220/220 221/221/221 172/172/172
f 172/172/172 221/221/221 173/173/173
f 221/221/221 222/222/222 173/173/173
f 173/173/173 222/222/222 174/174/174
f 222/222/222 223/223/223 174/174/174
f 174/174/174 223/223/223 175/175/175
f 223/223/223 224/224/224 175/175/175
f 175/175/175 224/224/224 176/176/176
f 224/224/224 225/225/225 176/176/176
f 176/176/176 225/225/225 177/177/177
f 225/225/225 226/226/226 177/177/177
f 177/177/177 226/226/226 178/178/178
f 226/226/226 227/227/227 178/178/178
f 178/178/178 227/227/227 179/179/179
f 227/227/227 228/228/228 179/179/179
f 179/179/179 228/228/228 180/180/180
f 228/228/228 229/229/229 180/180/180
f 180/180/180 229/229/229 181/181/181
f 229/229/229 230/230/230 181/181/181
f 181/181/181 230/230/230 182/182/182
f 230/230/230 231/231/231 182/182/182
f 182/182/182 231/231/231 183/183/183
f 231/231/231 232/232/232 183/183/183
f 183/183/183 232/232/232 184/184/184
f 232/232/232 233/233/233 184/184/184
f 184/184/184 233/233/233 185/185/185
f 233/233/233 234/234/234 185/185/185
f 185/185/185 234/234/234 186/186/186
f 234/234/234 235/235/235 186/186/186
f 186/186/186 235/235/235 187/187/187
f 235/235/235 236/236/236 187/187/187
f 187/187/187 236/236/236 188/188/188
f 236/236/236 237/237/237 188/188/188
f 188/188/188 237/237/237 189/189/189
f 237/237/237 238/238/238 189/189/189
f 189/189/189 238/238/238 190/190/190
f 238/238/238 239/239/239 190/190/190
f 190/190/190 239/239/239 191/191/191
f 239/239/239 240/240/240 191/191/191
f 191/191/191 240/240/240 192/192/192
f 240/240/240 241/241/241 192/192/192
f 192/192/192 241/241/241 193/193/193
f 241/241/241 242/242/242 193/193/193
f 193/193/193 242/242/242 194/194/194
f 242/242/242 243/243/243 194/194/194
f 194/194/194 243/243/243 195/195/195
f 243/243/243 244/244/244 195/195/195
f 195/195/195 244/244/244 196/196/196
f 244/244/244 245/245/245 196/196/196
f 197/197/197 246/246/246 198/198/198
f 246/246/246 247/247/247 198/198/198
f 198/198/198 247/247/247 199/199/199
f 247/247/247 248/248/248 199/199/199
f 199/199/199 248/248/248 200/200/200
f 248/248/248 249/249/249 200/200/200
f 200/200/200 249/249/249 201/201/201
f 249/249/249 250/250/250 201/201/201
f 201/201/201 250/250/250 202/202/202
f 250/250/250 251/251/251 202/202/202
f 202/202/202 251/251/251 203/203/203
f 251/251/251 252/252/252 203/203/203
f 203/203/203 252/252/252 204/204/204
f 252/252/252 253/253/253 204/204/204
f 204/204/204 253/253/253 205/205/205
f 253/253/253 254/254/254 205/205/205
f 205/205/205 254/254/254 206/206/206
f 254/254/254 255/255/255 206/206/206
f 206/206/206 255/255/255 207/207/207
f 255/255/255 256/256/256 207/207/207
f 207/207/207 256/256/256 208/208/208
f 256/256/256 257/257/257 208/208/208
f 208/208/208 257/257/257 209/209/209
f 257/257/257 258/258/258 209/209/209
f 209/209/209 258/258/258 210/210/210
f 258/258/258 259/259/259 210/210/210
f 210/210/210 259/259/259 211/211/211
f 259/259/259 260/260/260 211/211/211
f 211/211/211 260/260/260 212/212/212
f 260/260/260 261/261/261 212/212/212
f 212/212/212 261/261/261 213/213/213
f 261/261/261 262/262/262 213/213/213
f 213/213/213 262/262/262 214/214/214
f 262/262/262 263/263/263 214/214/214
f 214/214/214 263/263/263 215/215/215
f 263/263/263 264/264/264 215/215/215
f 215/215/215 264/264/264 216/216/216
f 264/264/264 265/265/265 216/216/216
f 216/216/216 265/265/265 217/217/217
f 265/265/265 266/266/266 217/217/217
f 217/217/217 266/266/266 218/218/218
f 266/266/266 267/267/267 218/218/218
f 218/218/218 267/267/267 219/219/219
f 267/267/267 268/268/268 219/219/219
f 219/219/219 268/268/268 220/220/220
f 268/268/268 269/269/269 220/220/220
f 220/220/220 269/269/269 221/221/221
f 269/269/269 270/270/270 221/221/221
f 221/221/221 270/270/270 222/222/222
f 270/270/270 271/271/271 222/222/222
f 222/222/222 271/271/271 223/223/223
f 271/271/271 272/272/272 223/223/223
f 223/223/223 272/272/272 224/224/224
f 272/272/272 273/273/273 224/224/224
f 224/224/224 273/273/273 225/225/225
f 273/273/273 274/274/274 225/225/225
f 225/225/225 274/274/274 226/226/226
f 274/274/274 275/275/275 226/226/226
f 226/226/226 275/275/275 227/227/227
f 275/275/275 276/276/276 227/227/227
f 227/227/227 276/276/276 228/228/228
f 276/276/276 277/277/277 228/228/228
f 228/228/228 277/277/277 229/229/229
f 277/277/277 278/278/278 229/229/229
f 229/229/229 278/278/278 230/230/230
f 278/278/278 279/279/279 230/230/230
f 230/230/230 279/279/279 231/231/231
f 279/279/279 280/280/280 231/231/231
f 231/231/231 280/280/280 232/232/232
f 280/280/280 281/281/281 232/232/232
f 232/232/232 281/281/281 233/233/233
f 281/281/281 282/282/282 233/233/233
f 233/233/233 282/282/282 234/234/234
f 282/282/282 283/283/283 234/234/234
f 234/234/234 283/283/283 235/235/235
f 283/283/283 284/284/284 235/235/235
f 235/235/235 284/284/284 236/236/236
f 284/284/284 285/285/285 236/236/236
f 236/236/236 285/285/285 237/237/237
f 285/285/285 286/286/286 237/237/237
f 237/237/237 286/286/286 238/238/238
f 286/286/286 287/287/287 238/238/238
f 238/238/238 287/287/287 239/239/239
f 287/287/287 288/288/288 239/239/239
f 239/239/239 288/288/288 240/240/240
f 288/288/288 289/289/289 240/240/240
f 240/240/240 289/289/289 241/241/241
f 289/289/289 290/290/290 241/241/241
f 241/241/241 290/290/290 242/242/242
f 290/290/290 291/291/291 242/242/242
f 242/242/242 291/291/291 243/243/243
f 291/291/291 292/292/292 243/243/243
f 243/243/243 292/292/292 244/244/244
f 292/292/292 293/293/293 244/244/244
f 244/244/244 293/293/293 245/245/245
f 293/293/293 294/294/294 245/245/245
f 246/246/246 295/295/295 247/247/247
f 295/295/295 296/296/296 247/247/247
f 247/247/247 296/296/296 248/248/248
f 296/296/296 297/297/297 248/248/248
f 248/248/248 297/297/297 249/249/249
f 297/297/297 298/298/298 249/249/249
f 249/249/249 298/298/298 250/250/250
f 298/298/298 299/299/299 250/250/250
f 250/250/250 299/299/299 251/251/251
f 299/299/299 300/300/300 251/251/251
f 251/251/251 300/300/300 252/252/252
f 300/300/300 301/301/301 252/252/252
f 252/252/252 301/301/301 253/253/253
f 301/301/301 302/302/302 253/253/253
f 253/253/253 302/302/302 254/254/254
f 302/302/302 303/303/303 254/254/254
f 254/254/254 303/303/303 255/255/255
f 303/303/303 304/304/304 255/255/255
f 255/255/255 304/304/304 256/256/256
f 304/304/304 305/305/305 256/256/256
f 256/256/256 305/305/305 257/257/257
f 305/305/305 306/306/306 257/257/257
f 257/257/257 306/306/306 258/258/258
f 306/306/306 307/307/307 258/258/258
f 258/258/258 307/307/307 259/259/259
f 307/307/307 308/308/308 259/259/259
f 259/259/259 308/308/308 260/260/260
f 308/308/308 309/309/309 260/260/260
f 260/260/260 309/309/309 261/261/261
f 309/309/309 310/310/310 261/261/261
f 261/261/261 310/310/310 262/262/262
f 310/310/310 311/311/311 262/262/262
f 262/262/262 311/311/311 263/263/263
f 311/311/311 312/312/312 263/263/263
f 263/263/263 312/312/312 264/264/264
f 312/312/312 313/313/313 264/264/264
f 264/264/264 313/313/313 265/265/265
f 313/313/313 314/314/314 265/265/265
f 265/265/265 314/314/314 266/266/266
f 314/314/314 315/315/315 266/266/266
f 266/266/266 315/315/315 267/267/267
f 315/315/315 316/316/316 267/267/267
f 267/267/267 316/316/316 268/268/268
f 316/316/316 317/317/317 268/268/268
f 268/268/268 317/317/317 269/269/269
f 317/317/317 318/318/318 269/269/269
f 269/269/269 318/318/318 270/270/270
f 318/318/318 319/319/319 270/270/270
f 270/270/270 319/319/319 271/271/271
f 319/319/319 320/320/320 271/271/271
f 271/271/271 320/320/320 272/272/272
f 320/320/320 321/321/321 272/272/272
f 272/272/272 321/321/321 273/273/273
f 321/321/321 322/322/322 273/273/273
f 273/273/273 322/322/322 274/274/274
f 322/322/322 323/323/323 274/274/274
f 274/274/274 323/323/323 275/275/275
f 323/323/323 324/324/324 275/275/275
f 275/275/275 324/324/324 276/276/276
f 324/324/324 325/325/325 276/276/276
f 276/276/276 325/325/325 277/277/277
f 325/325/325 326/326/326 277/277/277
f 277/277/277 326/326/326 278/278/278
f 326/326/326 327/327/327 278/278/278
f 278/278/278 327/327/327 279/279/279
f 327/327/327 328/328/328 279/279/279
f 279/279/279 328/328/328 280/280/280
f 328/328/328 329/329/329 280/280/280
f 280/280/280 329/329/329 281/281/281
f 329/329/329 330/330/330 281/281/281
f 281/281/281 330/330/330 282/282/282
f 330/330/330 331/331/331 282/282/282
f 282/282/282 331/331/331 283/283/283
f 331/331/331 332/332/332 283/283/283
f 283/283/283 332/332/332 284/284/284
f 332/332/332 333/333/333 284/284/284
f 284/284/284 333/333/333 285/285/285
f 333/333/333 334/334/334 285/285/285
f 285/285/285 334/334/334 286/286/286
f 334/334/334 335/335/335 286/286/286
f 286/286/286 335/335/335 287/287/287
f 335/335/335 336/336/336 287/287/287
f 287/287/287 336/336/336 288/288/288
f 336/336/336 337/337/337 288/288/288
f 288/288/288 337/337/337 289/289/289
f 337/337/337 338/338/338 289/289/289
f 289/289/289 338/338/338 290/290/290
f 338/338/338 339/339/339 290/290/290
f 290/290/290 339/339/339 291/291/291
f 339/339/339 340/340/340 291/291/291
f 291/291/291 340/340/340 292/292/292
f 340/340/340 341/341/341 292/292/292
f 292/292/292 341/341/341 293/293/293
f 341/341/341 342/342/342 293/293/293
f 293/293/293 342/342/342 294/294/294
f 342/342/342 343/343/343 294/294/294
f 295/295/295 344/344/344 296/296/296
f 344/344/344 345/345/345 296/296/296
f 296/296/296 345/345/345 297/297/297
f 345/345/345 346/346/346 297/297/297
f 297/297/297 346/346/346 298/298/298
f 346/346/346 347/347/347 298/298/298
f 298/298/298 347/347/347 299/299/299
f 347/347/347 348/348/348 299/299/299
f 299/299/299 348/348/348 300/300/300
f 348/348/348 349/349/349 300/300/300
f 300/300/300 349/349/349 301/301/301
f 349/349/349 350/350/350 301/301/301
f 301/301/301 350/350/350 302/302/302
f 350/350/350 351/351/351 302/302/302
f 302/302/302 351/351/351 303/303/303
f 351/351/351 352/352/352 303/303/303
f 303/303/303 352/352/352 304/304/304
f 352/352/352 353/353/353 304/304/304
f 304/304/304 353/353/353 305/305/305
f 353/353/353 354/354/354 305/305/305
f 305/305/305 354/354/354 306/306/306
f 354/354/354 355/355/355 306/306/306
f 306/306/306 355/355/355 307/307/307
f 355/355/355 356/356/356 307/307/307
f 307/307/307 356/356/356 308/308/308
f 356/356/356 357/357/357 308/308/308
f 308/308/308 357/357/357 309/309/309
f 357/357/357 358/358/358 309/309/309
f 309/309/309 358/358/358 310/310/310
f 358/358/358 359/359/359 310/310/310
f 310/310/310 359/359/359 311/311/311
f 359/359/359 360/360/360 311/311/311
f 311/311/311 360/360/360 312/312/312
f 360/360/360 361/361/361 312/312/312
f 312/312/312 361/361/361 313/313/313
f 361/361/361 362/362/362 313/313/313
f 313/313/313 362/362/362 314/314/314
f 362/362/362 363/363/363 314/314/314
f 314/314/314 363/363/363 315/315/315
f 363/363/363 364/364/364 315/315/315
f 315/315/315 364/364/364 316/316/316
f 364/364/364 365/365/365 316/316/316
f 316/316/316 365/365/365 317/317/317
f 365/365/365 366/366/366 317/317/317
f 317/317/317 366/366/366 318/318/318
f 366/366/366 367/367/367 318/318/318
f 318/318/318 367/367/367 319/319/319
f 367/367/367 368/368/368 319/319/319
f 319/319/319 368/368/368 320/320/320
f 368/368/368 369/369/369 320/320/320
f 320/320/320 369/369/369 321/321/321
f 369/369/369 370/370/370 321/321/321
f 321/321/321 370/370/370 322/322/322
f 370/370/370 371/371/371 322/322/322
f 322/322/322 371/371/371 323/323/323
f 371/371/371 372/372/372 323/323/323
f 323/323/323 372/372/372 324/324/324
f 372/372/372 373/373/373 324/324/324
f 324/324/324 373/373/373 325/325/325
f 373/373/373 374/374/374 325/325/325
f 325/325/325 374/374/374 326/326/326
f 374/374/374 375/375/375 326/326/326
f 326/326/326 375/375/375 327/327/327
f 375/375/375 376/376/376 327/327/327
f 327/327/327 376/376/376 328/328/328
f 376/376/376 377/377/377 328/328/328
f 328/328/328 377/377/377 329/329/329
f 377/377/377 378/378/378 329/329/329
f 329/329/329 378/378/378 330/330/330
f 378/378/378 379/379/379 330/330/330
f 330/330/330 379/379/379 331/331/331
f 379/379/379 380/380/380 331/331/331
f 331/331/331 380/380/380 332/332/332
f 380/380/380 381/381/381 332/332/332
f 332/332/332 381/381/381 333/333/333
f 381/381/381 382/382/382 333/333/333
f 333/333/333 382/382/382 334/334/334
f 382/382/382 383/383/383 334/334/334
f 334/334/334 383/383/383 335/335/335
f 383/383/383 384/384/384 335/335/335
f 335/335/335 384/384/384 336/336/336
f 384/384/384 385/385/385 336/336/336
f 336/336/336 385/385/385 337/337/337
f 385/385/385 386/386/386 337/337/337
f 337/337/337 386/386/386 338/338/338
f 386/386/386 387/387/387 338/338/338
f 338/338/338 387/387/387 339/339/339
f 387/387/387 388/388/388 339/339/339
f 339/339/339 388/388/388 340/340/340
f 388/388/388 389/389/389 340/340/340
f 340/340/340 389/389/389 341/341/341
f 389/389/389 390/390/390 341/341/341
f 341/341/341 390/390/390 342/342/342
f 390/390/390 391/391/391 342/342/342
f 342/342/342 391/391/391 343/343/343
f 391/391/391 392/392/392 343/343/343
f 344/344/344 393/393/393 345/345/345
f 393/393/393 394/394/394 345/345/345
f 345/345/345 394/394/394 346/346/346
f 394/394/394 395/395/395 346/346/346
f 346/346/346 395/395/395 347/347/347
f 395/395/395 396/396/396 347/347/347
f 347/347/347 396/396/396 348/348/348
f 396/396/396 397/397/397 348/348/348
f 348/348/348 397/397/397 349/349/349
f 397/397/397 398/398/398 349/349/349
f 349/349/349 398/398/398 350/350/350
f 398/398/398 399/399/399 350/350/350
f 350/350/350 399/399/399 351/351/351
f 399/399/399 400/400/400 351/351/351
f 351/351/351 400/400/400 352/352/352
f 400/400/400 401/401/401 352/352/352
f 352/352/352 401/401/401 353/353/353
f 401/401/401 402/402/402 353/353/353
f 353/353/353 402/402/402 354/354/354
f 402/402/402 403/403/403 354/354/354
f 354/354/354 403/403/403 355/355/355
f 403/403/403 404/404/404 355/355/355
f 355/355/355 404/404/404 356/356/356
f 404/404/404 405/405/405 356/356/356
f 356/356/356 405/405/405 357/357/357
f 405/405/405 406/406/406 357/357/357
f 357/357/357 406/406/406 358/358/358
f 406/406/406 407/407/407 358/358/358
f 358/358/358 407/407/407 359/359/359
f 407/407/407 408/408/408 359/359/359
f 359/359/359 408/408/408 360/360/360
f 408/408/408 409/409/409 360/360/360
f 360/360/360 409/409/409 361/361/361
f 409/409/409 410/410/410 361/361/361
f 361/361/361 410/410/410 362/362/362
f 410/410/410 411/411/411 362/362/362
f 362/362/362 411/411/411 363/363/363
f 411/411/411 412/412/412 363/363/363
f 363/363/363 412/412/412 364/364/364
f 412/412/412 413/413/413 364/364/364
f 364/364/364 413/413/413 365/365/365
f 413/413/413 414/414/414 365/365/365
f 365/365/365 414/414/414 366/366/366
f 414/414/414 415/415/415 366/366/366
f 366/366/366 415/415/415 367/367/367
f 415/415/415 416/416/416 367/367/367
f 367/367/367 416/416/416 368/368/368
f 416/416/416 417/417/417 368/368/368
f 368/368/368 417/417/417 369/369/369
f 417/417/417 418/418/418 369/369/369
f 369/369/369 418/418/418 370/370/370
f 418/418/418 419/419/419 370/370/370
f 370/370/370 419/419/419 371/371/371
f 419/419/419 420/420/420 371/371/371
f 371/371/371 420/420/420 372/372/372
f 420/420/420 421/421/421 372/372/372
f 372/372/372 421/421/421 373/373/373
f 421/421/421 422/422/422 373/373/373
f 373/373/373 422/422/422 374/374/374
f 422/422/422 423/423/423 374/374/374
f 374/374/374 423/423/423 375/375/375
f 423/423/423 424/424/424 375/375/375
f 375/375/375 424/424/424 376/376/376
f 424/424/424 425/425/425 376/376/376
f 376/376/376 425/425/425 377/377/377
f 425/425/425 426/426/426 377/377/377
f 377/377/377 426/426/426 378/378/378
f 426/426/426 427/427/427 378/378/378
f 378/378/378 427/427/427 379/379/379
f 427/427/427 428/428/428 379/379/379
f 379/379/379 428/428/428 380/380/380
f 428/428/428 429/429/429 380/380/380
f 380/380/380 429/429/429 381/381/381
f 429/429/429 430/430/430 381/381/381
f 381/381/381 430/430/430 382/382/382
f 430/430/430 431/431/431 382/382/382
f 382/382/382 431/431/431 383/383/383
f 431/431/431 432/432/432 383/383/383
f 383/383/383 432/432/432 384/384/384
f 432/432/432 433/433/433 384/384/384
f 384/384/384 433/433/433 385/385/385
f 433/433/433 434/434/434 385/385/385
f 385/385/385 434/434/434 386/386/386
f 434/434/434 435/435/435 386/386/386
f 386/386/386 435/435/435 387/387/387
f 435/435/435 436/436/436 387/387/387
f 387/387/387 436/436/436 388/388/388
f 436/436/436 437/437/437 388/388/388
f 388/388/388 437/437/437 389/389/389
f 437/437/437 438/438/438 389/389/389
f 389/389/389 438/438/438 390/390/390
f 438/438/438 439/439/439 390/390/390
f 390/390/390 439/439/439 391/391/391
f 439/439/439 440/440/440 391/391/391
f 391/391/391 440/440/440 392/392/392
f 440/440/440 441/441/441 392/392/392
f 393/393/393 442/442/442 394/394/394
f 442/442/442 443/443/443 394/394/394
f 394/394/394 443/443/443 395/395/395
f 443/443/443 444/444/444 395/395/395
f 395/395/395 444/444/444 396/396/396
f 444/444/444 445/445/445 396/396/396
f 396/396/396 445/445/445 397/397/397
f 445/445/445 446/446/446 397/397/397
f 397/397/397 446/446/446 398/398/398
f 446/446/446 447/447/447 398/398/398
f 398/398/398 447/447/447 399/399/399
f 447/447/447 448/448/448 399/399/399
f 399/399/399 448/448/448 400/400/400
f 448/448/448 449/449/449 400/400/400
f 400/400/400 449/449/449 401/401/401
f 449/449/449 450/450/450 401/401/401
f 401/401/401 450/450/450 402/402/402
f 450/450/450 451/451/451 402/402/402
f 402/402/402 451/451/451 403/403/403
f 451/451/451 452/452/452 403/403/403
f 403/403/403 452/452/452 404/404/404
f 452/452/452 453/453/453 404/404/404
f 404/404/404 453/453/453 405/405/405
f 453/453/453 454/454/454 405/405/405
f 405/405/405 454/454/454 406/406/406
f 454/454/454 455/455/455 406/406/406
f 406/406/406 455/455/455 407/407/407
f 455/455/455 456/456/456 407/407/407
f 407/407/407 456/456/456 408/408/408
f 456/456/456 457/457/457 408/408/408
f 408/408/408 457/457/457 409/409/409
f 457/457/457 458/458/458 409/409/409
f 409/409/409 458/458/458 410/410/410
f 458/458/458 459/459/459 410/410/410
f 410/410/410 459/459/459 411/411/411
f 459/459/459 460/460/460 411/411/411
f 411/411/411 460/460/460 412/412/412
f 460/460/460 461/461/461 412/412/412
f 412/412/412 461/461/461 413/413/413
f 461/461/461 462/462/462 413/413/413
f 413/413/413 462/462/462 414/414/414
f 462/462/462 463/463/463 414/414/414
f 414/414/414 463/463/463 415/415/415
f 463/463/463 464/464/464 415/415/415
f 415/415/415 464/464/464 416/416/416
f 464/464/464 465/465/465 416/416/416
f 416/416/416 465/465/465 417/417/417
f 465/465/465 466/466/466 417/417/417
f 417/417/417 466/466/466 418/418/418
f 466/466/466 467/467/467 418/418/418
f 418/418/418 467/467/467 419/419/419
f 467/467/467 468/468/468 419/419/419
f 419/419/419 468/468/468 420/420/420
f 468/468/468 469/469/469 420/420/420
f 420/420/420 469/469/469 421/421/421
f 469/469/469 470/470/470 421/421/421
f 421/421/421 470/470/470 422/422/422
f 470/470/470 471/471/471 422/422/422
f 422/422/422 471/471/471 423/423/423
f 471/471/471 472/472/472 423/423/423
f 423/423/423 472/472/472 424/424/424
f 472/472/472 473/473/473 424/424/424
f 424/424/424 473/473/473 425/425/425
f 473/473/473 474/474/474 425/425/425
f 425/425/425 474/474/474 426/426/426
f 474/474/474 475/475/475 426/426/426
f 426/426/426 475/475/475 427/427/427
f 475/475/475 476/476/476 427/427/427
f 427/427/427 476/476/476 428/428/428
f 476/476/476 477/477/477 428/428/428
f 428/428/428 477/477/477 429/429/429
f 477/477/477 478/478/478 429/429/429
f 429/429/429 478/478/478 430/430/430
f 478/478/478 479/479/479 430/430/430
f 430/430/430 479/479/479 431/431/431
f 479/479/479 480/480/480 431/431/431
f 431/431/431 480/480/480 432/432/432
f 480/480/480 481/481/481 432/432/432
f 432/432/432 481/481/481 433/433/433
f 481/481/481 482/482/482 433/433/433
f 433/433/433 482/482/482 434/434/434
f 482/482/482 483/483/483 434/434/434
f 434/434/434 483/483/483 435/435/435
f 483/483/483 484/484/484 435/435/435
f 435/435/435 484/484/484 436/436/436
f 484/484/484 485/485/485 436/436/436
f 436/436/436 485/485/485 437/437/437
f 485/485/485 486/486/486 437/437/437
f 437/437/437 486/486/486 438/438/438
f 486/486/486 487/487/487 438/438/438
f 438/438/438 487/487/487 439/439/439
f 487/487/487 488/488/488 439/439/439
f 439/439/439 488/488/488 440/440/440
f 488/488/488 489/489/489 440/440/440
f 440/440/440 489/489/489 441/441/441
f 489/489/489 490/490/490 441/441/441
f 442/442/442 491/491/491 443/443/443
f 491/491/491 492/492/492 443/443/443
f 443/443/443 492/492/492 444/444/444
f 492/492/492 493/493/493 444/444/444
f 444/444/444 493/493/493 445/445/445
f 493/493/493 494/494/494 445/445/445
f 445/445/445 494/494/494 446/446/446
f 494/494/494 495/495/495 446/446/446
f 446/446/446 495/495/495 447/447/447
f 495/495/495 496/496/496 447/447/447
f 447/447/447 496/496/496 448/448/448
f 496/496/496 497/497/497 448/448/448
f 448/448/448 497/497/497 449/449/449
f 497/497/497 498/498/498 449/449/449
f 449/449/449 498/498/498 450/450/450
f 498/498/498 499/499/499 450/450/450
f 450/450/450 499/499/499 451/451/451
f 499/499/499 500/500/500 451/451/451
f 451/451/451 500/500/500 452/452/452
f 500/500/500 501/501/501 452/452/452
f 452/452/452 501/501/501 453/453/453
f 501/501/501 502/502/502 453/453/453
f 453/453/453 502/502/502 454/454/454
f 502/502/502 503/503/503 454/454/454
f 454/454/454 503/503/503 455/455/455
f 503/503/503 504/504/504 455/455/455
f 455/455/455 504/504/504 456/456/456
f 504/504/504 505/505/505 456/456/456
f 456/456/456 505/505/505 457/457/457
f 505/505/505 506/506/506 457/457/457
f 457/457/457 506/506/506 458/458/458
f 506/506/506 507/507/507 458/458/458
f 458/458/458 507/507/507 459/459/459
f 507/507/507 508/508/508 459/459/459
f 459/459/459 508/508/508 460/460/460
f 508/508/508 509/509/509 460/460/460
f 460/460/460 509/509/509 461/461/461
f 509/509/509 510/510/510 461/461/461
f 461/461/461 510/510/510 462/462/462
f 510/510/510 511/511/511 462/462/462
f 462/462/462 511/511/511 463/463/463
f 511/511/511 512/512/512 463/463/463
f 463/463/463 512/512/512 464/464/464
f 512/512/512 513/513/513 464/464/464
f 464/464/464 513/513/513 465/465/465
f 513/513/513 514/514/514 465/465/465
f 465/465/465 514/514/514 466/466/466
f 514/514/514 515/515/515 466/466/466
f 466/466/466 515/515/515 467/467/467
f 515/515/515 516/516/516 467/467/467
f 467/467/467 516/516/516 468/468/468
f 516/516/516 517/517/517 468/468/468
f 468/468/468 517/517/517 469/469/469
f 517/517/517 518/518/518 469/469/469
f 469/469/469 518/518/518 470/470/470
f 518/518/518 519/519/519 470/470/470
f 470/470/470 519/519/519 471/471/471
f 519/519/519 520/520/520 471/471/471
f 471/471/471 520/520/520 472/472/472
f 520/520/520 521/521/521 472/472/472
f 472/472/472 521/521/521 473/473/473
f 521/521/521 522/522/522 473/473/473
f 473/473/473 522/522/522 474/474/474
f 522/522/522 523/523/523 474/474/474
f 474/474/474 523/523/523 475/475/475
f 523/523/523 524/524/524 475/475/475
f 475/475/475 524/524/524 476/476/476
f 524/524/524 525/525/525 476/476/476
f 476/476/476 525/525/525 477/477/477
f 525/525/525 526/526/526 477/477/477
f 477/477/477 526/526/526 478/478/478
f 526/526/526 527/527/527 478/478/478
f 478/478/478 527/527/527 479/479/479
f 527/527/527 528/528/528 479/479/479
f 479/479/479 528/528/528 480/480/480
f 528/528/528 529/529/529 480/480/480
f 480/480/480 529/529/529 481/481/481
f 529/529/529 530/530/530 481/481/481
f 481/481/481 530/530/530 482/482/482
f 530/530/530 531/531/531 482/482/482
f 482/482/482 531/531/531 483/483/483
f 531/531/531 532/532/532 483/483/483
f 483/483/483 532/532/532 484/484/484
f 532/532/532 533/533/533 484/484/484
f 484/484/484 533/533/533 485/485/485
f 533/533/533 534/534/534 485/485/485
f 485/485/485 534/534/534 486/486/486
f 534/534/534 535/535/535 486/486/486
f 486/486/486 535/535/535 487/487/487
f 535/535/535 536/536/536 487/487/487
f 487/487/487 536/536/536 488/488/488
f 536/536/536 537/537/537 488/488/488
f 488/488/488 537/537/537 489/489/489
f 537/537/537 538/538/538 489/489/489
f 489/489/489 538/538/538 490/490/490
f 538/538/538 539/539/539 490/490/490
f 491/491/491 540/540/540 492/492/492
f 540/540/540 541/541/541 492/492/492
f 492/492/492 541/541/541 493/493/493
f 541/541/541 542/542/542 493/493/493
f 493/493/493 542/542/542 494/494/494
f 542/542/542 543/543/543 494/494/494
f 494/494/494 543/543/543 495/495/495
f 543/543/543 544/544/544 495/495/495
f 495/495/495 544/544/544 496/496/496
f 544/544/544 545/545/545 496/496/496
f 496/496/496 545/545/545 497/497/497
f 545/545/545 546/546/546 497/497/497
f 497/497/497 546/546/546 498/498/498
f 546/546/546 547/547/547 498/498/498
f 498/498/498 547/547/547 499/499/499
f 547/547/547 548/548/548 499/499/499
f 499/499/499 548/548/548 500/500/500
f 548/548/548 549/549/549 500/500/500
f 500/500/500 549/549/549 501/501/501
f 549/549/549 550/550/550 501/501/501
f 501/501/501 550/550/550 502/502/502
f 550/550/550 551/551/551 502/502/502
f 502/502/502 551/551/551 503/503/503
f 551/551/551 552/552/552 503/503/503
f 503/503/503 552/552/552 504/504/504
f 552/552/552 553/553/553 504/504/504
f 504/504/504 553/553/553 505/505/505
f 553/553/553 554/554/554 505/505/505
f 505/505/505 554/554/554 506/506/506
f 554/554/554 555/555/555 506/506/506
f 506/506/506 555/555/555 507/507/507
f 555/555/555 556/556/556 507/507/507
f 507/507/507 556/556/556 508/508/508
f 556/556/556 557/557/557 508/508/508
f 508/508/508 557/557/557 509/509/509
f 557/557/557 558/558/558 509/509/509
f 509/509/509 558/558/558 510/510/510
f 558/558/558 559/559/559 510/510/510
f 510/510/510 559/559/559 511/511/511
f 559/559/559 560/560/560 511/511/511
f 511/511/511 560/560/560 512/512/512
f 560/560/560 561/561/561 512/512/512
f 512/512/512 561/561/561 513/513/513
f 561/561/561 562/562/562 513/513/513
f 513/513/513 562/562/562 514/514/514
f 562/562/562 563/563/563 514/514/514
f 514/514/514 563/563/563 515/515/515
f 563/563/563 564/564/564 515/515/515
f 515/515/515 564/564/564 516/516/516
f 564/564/564 565/565/565 516/516/516
f 516/516/516 565/565/565 517/517/517
f 565/565/565 566/566/566 517/517/517
f 517/517/517 566/566/566 518/518/518
f 566/566/566 567/567/567 518/518/518
f 518/518/518 567/567/567 519/519/519
f 567/567/567 568/568/568 519/519/519
f 519/519/519 568/568/568 520/520/520
f 568/568/568 569/569/569 520/520/520
f 520/520/520 569/569/569 521/521/521
f 569/569/569 570/570/570 521/521/521
f 521/521/521 570/570/570 522/522/522
f 570/570/570 571/571/571 522/522/522
f 522/522/522 571/571/571 523/523/523
f 571/571/571 572/572/572 523/523/523
f 523/523/523 572/572/572 524/524/524
f 572/572/572 573/573/573 524/524/524
f 524/524/524 573/573/573 525/525/525
f 573/573/573 574/574/574 525/525/525
f 525/525/525 574/574/574 526/526/526
f 574/574/574 575/575/575 526/526/526
f 526/526/526 575/575/575 527/527/527
f 575/575/575 576/576/576 527/527/527
f 527/527/527 576/576/576 528/528/528
f 576/576/576 577/577/577 528/528/528
f 528/528/528 577/577/577 529/529/529
f 577/577/577 578/578/578 529/529/529
f 529/529/529 578/578/578 530/530/530
f 578/578/578 579/579/579 530/530/530
f 530/530/530 579/579/579 531/531/531
f 579/579/579 580/580/580 531/531/531
f 531/531/531 580/580/580 532/532/532
f 580/580/580 581/581/581 532/532/532
f 532/532/532 581/581/581 533/533/533
f 581/581/581 582/582/582 533/533/533
f 533/533/533 582/582/582 534/534/534
f 582/582/582 583/583/583 534/534/534
f 534/534/534 583/583/583 535/535/535
f 583/583/583 584/584/584 535/535/535
f 535/535/535 584/584/584 536/536/536
f 584/584/584 585/585/585 536/536/536
f 536/536/536 585/585/585 537/537/537
f 585/585/585 586/586/586 537/537/537
f 537/537/537 586/586/586 538/538/538
f 586/586/586 587/587/587 538/538/538
f 538/538/538 587/587/587 539/539/539
f 587/587/587 588/588/588 539/539/539
f 540/540/540 589/589/589 541/541/541
f 589/589/589 590/590/590 541/541/541
f 541/541/541 590/590/590 542/542/542
f 590/590/590 591/591/591 542/542/542
f 542/542/542 591/591/591 543/543/543
f 591/591/591 592/592/592 543/543/543
f 543/543/543 592/592/592 544/544/544
f 592/592/592 593/593/593 544/544/544
f 544/544/544 593/593/593 545/545/545
f 593/593/593 594/594/594 545/545/545
f 545/545/545 594/594/594 546/546/546
f 594/594/594 595/595/595 546/546/546
f 546/546/546 595/595/595 547/547/547
f 595/595/595 596/596/596 547/547/547
f 547/547/547 596/596/596 548/548/548
f 596/596/596 597/597/597 548/548/548
f 548/548/548 597/597/597 549/549/549
f 597/597/597 598/598/598 549/549/549
f 549/549/549 598/598/598 550/550/550
f 598/598/598 599/599/599 550/550/550
f 550/550/550 599/599/599 551/551/551
f 599/599/599 600/600/600 551/551/551
f 551/551/551 600/600/600 552/552/552
f 600/600/600 601/601/601 552/552/552
f 552/552/552 601/601/601 553/553/553
f 601/601/601 602/602/602 553/553/553
f 553/553/553 602/602/602 554/554/554
f 602/602/602 603/603/603 554/554/554
f 554/554/554 603/603/603 555/555/555
f 603/603/603 604/604/604 555/555/555
f 555/555/555 604/604/604 556/556/556
f 604/604/604 605/605/605 556/556/556
f 556/556/556 605/605/605 557/557/557
f 605/605/605 606/606/606 557/557/557
f 557/557/557 606/606/606 558/558/558
f 606/606/606 607/607/607 558/558/558
f 558/558/558 607/607/607 559/559/559
f 607/607/607 608/608/608 559/559/559
f 559/559/559 608/608/608 560/560/560
f 608/608/608 609/609/609 560/560/560
f 560/560/560 609/609/609 561/561/561
f 609/609/609 610/610/610 561/561/561
f 561/561/561 610/610/610 562/562/562
f 610/610/610 611/611/611 562/562/562
f 562/562/562 611/611/611 563/563/563
f 611/611/611 612/612/612 563/563/563
f 563/563/563 612/612/612 564/564/564
f 612/612/612 613/613/613 564/564/564
f 564/564/564 613/613/613 565/565/565
f 613/613/613 614/614/614 565/565/565
f 565/565/565 614/614/614 566/566/566
f 614/614/614 615/615/615 566/566/566
f 566/566/566 615/615/615 567/567/567
f 615/615/615 616/616/616 567/567/567
f 567/567/567 616/616/616 568/568/568
f 616/616/616 617/617/617 568/568/568
f 568/568/568 617/617/617 569/569/569
f 617/617/617 618/618/618 569/569/569
f 569/569/569 618/618/618 570/570/570
f 618/618/618 619/619/619 570/570/570
f 570/570/570 619/619/619 571/571/571
f 619/619/619 620/620/620 571/571/571
f 571/571/571 620/620/620 572/572/572
f 620/620/620 621/621/621 572/572/572
f 572/572/572 621/621/621 573/573/573
f 621/621/621 622/622/622 573/573/573
f 573/573/573 622/622/622 574/574/574
f 622/622/622 623/623/623 574/574/574
f 574/574/574 623/623/623 575/575/575
f 623/623/623 624/624/624 575/575/575
f 575/575/575 624/624/624 576/576/576
f 624/624/624 625/625/625 576/576/576
f 576/576/576 625/625/625 577/577/577
f 625/625/625 626/626/626 577/577/577
f 577/577/577 626/626/626 578/578/578
f 626/626/626 627/627/627 578/578/578
f 578/578/578 627/627/627 579/579/579
f 627/627/627 628/628/628 579/579/579
f 579/579/579 628/628/628 580/580/580
f 628/628/628 629/629/629 580/580/580
f 580/580/580 629/629/629 581/581/581
f 629/629/629 630/630/630 581/581/581
f 581/581/581 630/630/630 582/582/582
f 630/630/630 631/631/631 582/582/582
f 582/582/582 631/631/631 583/583/583
f 631/631/631 632/632/632 583/583/583
f 583/583/583 632/632/632 584/584/584
f 632/632/632 633/633/633 584/584/584
f 584/584/584 633/633/633 585/585/585
f 633/633/633 634/634/634 585/585/585
f 585/585/585 634/634/634 586/586/586
f 634/634/634 635/635/635 586/586/586
f 586/586/586 635/635/635 587/587/587
f 635/635/635 636/636/636 587/587/587
f 587/587/587 636/636/636 588/588/588
f 636/636/636 637/637/637 588/588/588
f 589/589/589 638/638/638 590/590/590
f 638/638/638 639/639/639 590/590/590
f 590/590/590 639/639/639 591/591/591
f 639/639/639 640/640/640 591/591/591
f 591/591/591 640/640/640 592/592/592
f 640/640/640 641/641/641 592/592/592
f 592/592/592 641/641/641 593/593/593
f 641/641/641 642/642/642 593/593/593
f 593/593/593 642/642/642 594/594/594
f 642/642/642 643/643/643 594/594/594
f 594/594/594 643/643/643 595/595/595
f 643/643/643 644/644/644 595/595/595
f 595/595/595 644/644/644 596/596/596
f 644/644/644 645/645/645 596/596/596
f 596/596/596 645/645/645 597/597/597
f 645/645/645 646/646/646 597/597/597
f 597/597/597 646/646/646 598/598/598
f 646/646/646 647/647/647 598/598/598
f 598/598/598 647/647/647 599/599/599
f 647/647/647 648/648/648 599/599/599
f 599/599/599 648/648/648 600/600/600
f 648/648/648 649/649/649 600/600/600
f 600/600/600 649/649/649 601/601/601
f 649/649/649 650/650/650 601/601/601
f 601/601/601 650/650/650 602/602/602
f 650/650/650 651/651/651 602/602/602
f 602/602/602 651/651/651 603/603/603
f 651/651/651 652/652/652 603/603/603
f 603/603/603 652/652/652 604/604/604
f 652/652/652 653/653/653 604/604/604
f 604/604/604 653/653/653 605/605/605
f 653/653/653 654/654/654 605/605/605
f 605/605/605 654/654/654 606/606/606
f 654/654/654 655/655/655 606/606/606
f 606/606/606 655/655/655 607/607/607
f 655/655/655 656/656/656 607/607/607
f 607/607/607 656/656/656 608/608/608
f 656/656/656 657/657/657 608/608/608
f 608/608/608 657/657/657 609/609/609
f 657/657/657 658/658/658 609/609/609
f 609/609/609 658/658/658 610/610/610
f 658/658/658 659/659/659 610/610/610
f 610/610/610 659/659/659 611/611/611
f 659/659/659 660/660/660 611/611/611
f 611/611/611 660/660/660 612/612/612
f 660/660/660 661/661/661 612/612/612
f 612/612/612 661/661/661 613/613/613
f 661/661/661 662/662/662 613/613/613
f 613/613/613 662/662/662 614/614/614
f 662/662/662 663/663/663 614/614/614
f 614/614/614 663/663/663 615/615/615
f 663/663/663 664/664/664 615/615/615
f 615/615/615 664/664/664 616/616/616
f 664/664/664 665/665/665 616/616/616
f 616/616/616 665/665/665 617/617/617
f 665/665/665 666/666/666 617/617/617
f 617/617/617 666/666/666 618/618/618
f 666/666/666 667/667/667 618/618/618
f 618/618/618 667/667/667 619/619/619
f 667/667/667 668/668/668 619/619/619
f 619/619/619 668/668/668 620/620/620
f 668/668/668 669/669/669 620/620/620
f 620/620/620 669/669/669 621/621/621
f 669/669/669 670/670/670 621/621/621
f 621/621/621 670/670/670 622/622/622
f 670/670/670 671/671/671 622/622/622
f 622/622/622 671/671/671 623/623/623
f 671/671/671 672/672/672 623/623/623
f 623/623/623 672/672/672 624/624/624
f 672/672/672 673/673/673 624/624/624
f 624/624/624 673/673/673 625/625/625
f 673/673/673 674/674/674 625/625/625
f 625/625/625 674/674/674 626/626/626
f 674/674/674 675/675/675 626/626/626
f 626/626/626 675/675/675 627/627/627
f 675/675/675 676/676/676 627/627/627
f 627/627/627 676/676/676 628/628/628
f 676/676/676 677/677/677 628/628/628
f 628/628/628 677/677/677 629/629/629
f 677/677/677 678/678/678 629/629/629
f 629/629/629 678/678/678 630/630/630
f 678/678/678 679/679/679 630/630/630
f 630/630/630 679/679/679 631/631/631
f 679/679/679 680/680/680 631/631/631
f 631/631/631 680/680/680 632/632/632
f 680/680/680 681/681/681 632/632/632
f 632/632/632 681/681/681 633/633/633
f 681/681/681 682/682/682 633/633/633
f 633/633/633 682/682/682 634/634/634
f 682/682/682 683/683/683 634/634/634
f 634/634/634 683/683/683 635/635/635
f 683/683/683 684/684/684 635/635/635
f 635/635/635 684/684/684 636/636/636
f 684/684/684 685/685/685 636/636/636
f 636/636/636 685/685/685 637/637/637
f 685/685/685 686/686/686 637/637/637
f 638/638/638 687/687/687 639/639/639
f 687/687/687 688/688/688 639/639/639
f 639/639/639 688/688/688 640/640/640
f 688/688/688 689/689/689 640/640/640
f 640/640/640 689/689/689 641/641/641
f 689/689/689 690/690/690 641/641/641
f 641/641/641 690/690/690 642/642/642
f 690/690/690 691/691/691 642/642/642
f 642/642/642 691/691/691 643/643/643
f 691/691/691 692/692/692 643/643/643
f 643/643/643 692/692/692 644/644/644
f 692/692/692 693/693/693 644/644/644
f 644/644/644 693/693/693 645/645/645
f 693/693/693 694/694/694 645/645/645
f 645/645/645 694/694/694 646/646/646
f 694/694/694 695/695/695 646/646/646
f 646/646/646 695/695/695 647/647/647
f 695/695/695 696/696/696 647/647/647
f 647/647/647 696/696/696 648/648/648
f 696/696/696 697/697/697 648/648/648
f 648/648/648 697/697/697 649/649/649
f 697/697/697 698/698/698 649/649/649
f 649/649/649 698/698/698 650/650/650
f 698/698/698 699/699/699 650/650/650
f 650/650/650 699/699/699 651/651/651
f 699/699/699 700/700/700 651/651/651
f 651/651/651 700/700/700 652/652/652
f 700/700/700 701/701/701 652/652/652
f 652/652/652 701/701/701 653/653/653
f 701/701/701 702/702/702 653/653/653
f 653/653/653 702/702/702 654/654/654
f 702/702/702 703/703/703 654/654/654
f 654/654/654 703/703/703 655/655/655
f 703/703/703 704/704/704 655/655/655
f 655/655/655 704/704/704 656/656/656
f 704/704/704 705/705/705 656/656/656
f 656/656/656 705/705/705 657/657/657
f 705/705/705 706/706/706 657/657/657
f 657/657/657 706/706/706 658/658/658
f 706/706/706 707/707/707 658/658/658
f 658/658/658 707/707/707 659/659/659
f 707/707/707 708/708/708 659/659/659
f 659/659/659 708/708/708 660/660/660
f 708/708/708 709/709/709 660/660/660
f 660/660/660 709/709/709 661/661/661
f 709/709/709 710/710/710 661/661/661
f 661/661/661 710/710/710 662/662/662
f 710/710/710 711/711/711 662/662/662
f 662/662/662 711/711/711 663/663/663
f 711/711/711 712/712/712 663/663/663
f 663/663/663 712/712/712 664/664/664
f 712/712/712 713/713/713 664/664/664
f 664/664/664 713/713/713 665/665/665
f 713/713/713 714/714/714 665/665/665
f 665/665/665 714/714/714 666/666/666
f 714/714/714 715/715/715 666/666/666
f 666/666/666 715/715/715 667/667/667
f 715/715/715 716/716/716 667/667/667
f 667/667/667 716/716/716 668/668/668
f 716/716/716 717/717/717 668/668/668
f 668/668/668 717/717/717 669/669/669
f 717/717/717 718/718/718 669/669/669
f 669/669/669 718/718/718 670/670/670
f 718/718/718 719/719/719 670/670/670
f 670/670/670 719/719/719 671/671/671
f 719/719/719 720/720/720 671/671/671
f 671/671/671 720/720/720 672/672/672
f 720/720/720 721/721/721 672/672/672
f 672/672/672 721/721/721 673/673/673
f 721/721/721 722/722/722 673/673/673
f 673/673/673 722/722/722 674/674/674
f 722/722/722 723/723/723 674/674/674
f 674/674/674 723/723/723 675/675/675
f 723/723/723 724/724/724 675/675/675
f 675/675/675 724/724/724 676/676/676
f 724/724/724 725/725/725 676/676/676
f 676/676/676 725/725/725 677/677/677
f 725/725/725 726/726/726 677/677/677
f 677/677/677 726/726/726 678/678/678
f 726/726/726 727/727/727 678/678/678
f 678/678/678 727/727/727 679/679/679
f 727/727/727 728/728/728 679/679/679
f 679/679/679 728/728/728 680/680/680
f 728/728/728 729/729/729 680/680/680
f 680/680/680 729/729/729 681/681/681
f 729/729/729 730/730/730 681/681/681
f 681/681/681 730/730/730 682/682/682
f 730/730/730 731/731/731 682/682/682
f 682/682/682 731/731/731 683/683/683
f 731/731/731 732/732/732 683/683/683
f 683/683/683 732/732/732 684/684/684
f 732/732/732 733/733/733 684/684/684
f 684/684/684 733/733/733 685/685/685
f 733/733/733 734/734/734 685/685/685
f 685/685/685 734/734/734 686/686/686
f 734/734/734 735/735/735 686/686/686
f 687/687/687 736/736/736 688/688/688
f 736/736/736 737/737/737 688/688/688
f 688/688/688 737/737/737 689/689/689
f 737/737/737 738/738/738 689/689/689
f 689/689/689 738/738/738 690/690/690
f 738/738/738 739/739/739 690/690/690
f 690/690/690 739/739/739 691/691/691
f 739/739/739 740/740/740 691/691/691
f 691/691/691 740/740/740 692/692/692
f 740/740/740 741/741/741 692/692/692
f 692/692/692 741/741/741 693/693/693
f 741/741/741 742/742/742 693/693/693
f 693/693/693 742/742/742 694/694/694
f 742/742/742 743/743/743 694/694/694
f 694/694/694 743/743/743 695/695/695
f 743/743/743 744/744/744 695/695/695
f 695/695/695 744/744/744 696/696/696
f 744/744/744 745/745/745 696/696/696
f 696/696/696 745/745/745 697/697/697
f 745/745/745 746/746/746 697/697/697
f 697/697/697 746/746/746 698/698/698
f 746/746/746 747/747/747 698/698/698
f 698/698/698 747/747/747 699/699/699
f 747/747/747 748/748/748 699/699/699
f 699/699/699 748/748/748 700/700/700
f 748/748/748 749/749/749 700/700/700
f 700/700/700 749/749/749 701/701/701
f 749/749/749 750/750/750 701/701/701
f 701/701/701 750/750/750 702/702/702
f 750/750/750 751/751/751 702/702/702
f 702/702/702 751/751/751 703/703/703
f 751/751/751 752/752/752 703/703/703
f 703/703/703 752/752/752 704/704/704
f 752/752/752 753/753/753 704/704/704
f 704/704/704 753/753/753 705/705/705
f 753/753/753 754/754/754 705/705/705
f 705/705/705 754/754/754 706/706/706
f 754/754/754 755/755/755 706/706/706
f 706/706/706 755/755/755 707/707/707
f 755/755/755 756/756/756 707/707/707
f 707/707/707 756/756/756 708/708/708
f 756/756/756 757/757/757 708/708/708
f 708/708/708 757/757/757 709/709/709
f 757/757/757 758/758/758 709/709/709
f 709/709/709 758/758/758 710/710/710
f 758/758/758 759/759/759 710/710/710
f 710/710/710 759/759/759 711/711/711
f 759/759/759 760/760/760 711/711/711
f 711/711/711 760/760/760 712/712/712
f 760/760/760 761/761/761 712/712/712
f 712/712/712 761/761/761 713/713/713
f 761/761/761 762/762/762 713/713/713
f 713/713/713 762/762/762 714/714/714
f 762/762/762 763/763/763 714/714/714
f 714/714/714 763/763/763 715/715/715
f 763/763/763 764/764/764 715/715/715
f 715/715/715 764/764/764 716/716/716
f 764/764/764 765/765/765 716/716/716
f 716/716/716 765/765/765 717/717/717
f 765/765/765 766/766/766 717/717/717
f 717/717/717 766/766/766 718/718/718
f 766/766/766 767/767/767 718/718/718
f 718/718/718 767/767/767 719/719/719
f 767/767/767 768/768/768 719/719/719
f 719/719/719 768/768/768 720/720/720
f 768/768/768 769/769/769 720/720/720
f 720/720/720 769/769/769 721/721/721
f 769/769/769 770/770/770 721/721/721
f 721/721/721 770/770/770 722/722/722
f 770/770/770 771/771/771 722/722/722
f 722/722/722 771/771/771 723/723/723
f 771/771/771 772/772/772 723/723/723
f 723/723/723 772/772/772 724/724/724
f 772/772/772 773/773/773 724/724/724
f 724/724/724 773/773/773 725/725/725
f 773/773/773 774/774/774 725/725/725
f 725/725/725 774/774/774 726/726/726
f 774/774/774 775/775/775 726/726/726
f 726/726/726 775/775/775 727/727/727
f 775/775/775 776/776/776 727/727/727
f 727/727/727 776/776/776 728/728/728
f 776/776/776 777/777/777 728/728/728
f 728/728/728 777/777/777 729/729/729
f 777/777/777 778/778/778 729/729/729
f 729/729/729 778/778/778 730/730/730
f 778/778/778 779/779/779 730/730/730
f 730/730/730 779/779/779 731/731/731
f 779/779/779 780/780/780 731/731/731
f 731/731/731 780/780/780 732/732/732
f 780/780/780 781/781/781 732/732/732
f 732/732/732 781/781/781 733/733/733
f 781/781/781 782/782/782 733/733/733
f 733/733/733 782/782/782 734/734/734
f 782/782/782 783/783/783 734/734/734
f 734/734/734 783/783/783 735/735/735
f 783/783/783 784/784/784 735/735/735
f 736/736/736 785/785/785 737/737/737
f 785/785/785 786/786/786 737/737/737
f 737/737/737 786/786/786 738/738/738
f 786/786/786 787/787/787 738/738/738
f 738/738/738 787/787/787 739/739/739
f 787/787/787 788/788/788 739/739/739
f 739/739/739 788/788/788 740/740/740
f 788/788/788 789/789/789 740/740/740
f 740/740/740 789/789/789 741/741/741
f 789/789/789 790/790/790 741/741/741
f 741/741/741 790/790/790 742/742/742
f 790/790/790 791/791/791 742/742/742
f 742/742/742 791/791/791 743/743/743
f 791/791/791 792/792/792 743/743/743
f 743/743/743 792/792/792 744/744/744
f 792/792/792 793/793/793 744/744/744
f 744/744/744 793/793/793 745/745/745
f 793/793/793 794/794/794 745/745/745
f 745/745/745 794/794/794 746/746/746
f 794/794/794 795/795/795 746/746/746
f 746/746/746 795/795/795 747/747/747
f 795/795/795 796/796/796 747/747/747
f 747/747/747 796/796/796 748/748/748
f 796/796/796 797/797/797 748/748/748
f 748/748/748 797/797/797 749/749/749
f 797/797/797 798/798/798 749/749/749
f 749/749/749 798/798/798 750/750/750
f 798/798/798 799/799/799 750/750/750
f 750/750/750 799/799/799 751/751/751
f 799/799/799 800/800/800 751/751/751
f 751/751/751 800/800/800 752/752/752
f 800/800/800 801/801/801 752/752/752
f 752/752/752 801/801/801 753/753/753
f 801/801/801 802/802/802 753/753/753
f 753/753/753 802/802/802 754/754/754
f 802/802/802 803/803/803 754/754/754
f 754/754/754 803/803/803 755/755/755
f 803/803/803 804/804/804 755/755/755
f 755/755/755 804/804/804 756/756/756
f 804/804/804 805/805/805 756/756/756
f 756/756/756 805/805/805 757/757/757
f 805/805/805 806/806/806 757/757/757
f 757/757/757 806/806/806 758/758/758
f 806/806/806 807/807/807 758/758/758
f 758/758/758 807/807/807 759/759/759
f 807/807/807 808/808/808 759/759/759
f 759/759/759 808/808/808 760/760/760
f 808/808/808 809/809/809 760/760/760
f 760/760/760 809/809/809 761/761/761
f 809/809/809 810/810/810 761/761/761
f 761/761/761 810/810/810 762/762/762
f 810/810/810 811/811/811 762/762/762
f 762/762/762 811/811/811 763/763/763
f 811/811/811 812/812/812 763/763/763
f 763/763/763 812/812/812 764/764/764
f 812/812/812 813/813/813 764/764/764
f 764/764/764 813/813/813 765/765/765
f 813/813/813 814/814/814 765/765/765
f 765/765/765 814/814/814 766/766/766
f 814/814/814 815/815/815 766/766/766
f 766/766/766 815/815/815 767/767/767
f 815/815/815 816/816/816 767/767/767
f 767/767/767 816/816/816 768/768/768
f 816/816/816 817/817/817 768/768/768
f 768/768/768 817/817/817 769/769/769
f 817/817/817 818/818/818 769/769/769
f 769/769/769 818/818/818 770/770/770
f 818/818/818 819/819/819 770/770/770
f 770/770/770 819/819/819 771/771/771
f 819/819/819 820/820/820 771/771/771
f 771/771/771 820/820/820 772/772/772
f 820/820/820 821/821/821 772/772/772
f 772/772/772 821/821/821 773/773/773
f 821/821/821 822/822/822 773/773/773
f 773/773/773 822/822/822 774/774/774
f 822/822/822 823/823/823 774/774/774
f 774/774/774 823/823/823 775/775/775
f 823/823/823 824/824/824 775/775/775
f 775/775/775 824/824/824 776/776/776
f 824/824/824 825/825/825 776/776/776
f 776/776/776 825/825/825 777/777/777
f 825/825/825 826/826/826 777/777/777
f 777/777/777 826/826/826 778/778/778
f 826/826/826 827/827/827 778/778/778
f 778/778/778 827/827/827 779/779/779
f 827/827/827 828/828/828 779/779/779
f 779/779/779 828/828/828 780/780/780
f 828/828/828 829/829/829 780/780/780
f 780/780/780 829/829/829 781/781/781
f 829/829/829 830/830/830 781/781/781
f 781/781/781 830/830/830 782/782/782
f 830/830/830 831/831/831 782/782/782
f 782/782/782 831/831/831 783/783/783
f 831/831/831 832/832/832 783/783/783
f 783/783/783 832/832/832 784/784/784
f 832/832/832 833/833/833 784/784/784
f 785/785/785 834/834/834 786/786/786
f 834/834/834 835/835/835 786/786/786
f 786/786/786 835/835/835 787/787/787
f 835/835/835 836/836/836 787/787/787
f 787/787/787 836/836/836 788/788/788
f 836/836/836 837/837/837 788/788/788
f 788/788/788 837/837/837 789/789/789
f 837/837/837 838/838/838 789/789/789
f 789/789/789 838/838/838 790/790/790
f 838/838/838 839/839/839 790/790/790
f 790/790/790 839/839/839 791/791/791
f 839/839/839 840/840/840 791/791/791
f 791/791/791 840/840/840 792/792/792
f 840/840/840 841/841/841 792/792/792
f 792/792/792 841/841/841 793/793/793
f 841/841/841 842/842/842 793/793/793
f 793/793/793 842/842/842 794/794/794
f 842/842/842 843/843/843 794/794/794
f 794/794/794 843/843/843 795/795/795
f 843/843/843 844/844/844 795/795/795
f 795/795/795 844/844/844 796/796/796
f 844/844/844 845/845/845 796/796/796
f 796/796/796 845/845/845 797/797/797
f 845/845/845 846/846/846 797/797/797
f 797/797/797 846/846/846 798/798/798
f 846/846/846 847/847/847 798/798/798
f 798/798/798 847/847/847 799/799/799
f 847/847/847 848/848/848 799/799/799
f 799/799/799 848/848/848 800/800/800
f 848/848/848 849/849/849 800/800/800
f 800/800/800 849/849/849 801/801/801
f 849/849/849 850/850/850 801/801/801
f 801/801/801 850/850/850 802/802/802
f 850/850/850 851/851/851 802/802/802
f 802/802/802 851/851/851 803/803/803
f 851/851/851 852/852/852 803/803/803
f 803/803/803 852/852/852 804/804/804
f 852/852/852 853/853/853 804/804/804
f 804/804/804 853/853/853 805/805/805
f 853/853/853 854/854/854 805/805/805
f 805/805/805 854/854/854 806/806/806
f 854/854/854 855/855/855 806/806/806
f 806/806/806 855/855/855 807/807/807
f 855/855/855 856/856/856 807/807/807
f 807/807/807 856/856/856 808/808/808
f 856/856/856 857/857/857 808/808/808
f 808/808/808 857/857/857 809/809/809
f 857/857/857 858/858/858 809/809/809
f 809/809/809 858/858/858 810/810/810
f 858/858/858 859/859/859 810/810/810
f 810/810/810 859/859/859 811/811/811
f 859/859/859 860/860/860 811/811/811
f 811/811/811 860/860/860 812/812/812
f 860/860/860 861/861/861 812/812/812
f 812/812/812 861/861/861 813/813/813
f 861/861/861 862/862/862 813/813/813
f 813/813/813 862/862/862 814/814/814
f 862/862/862 863/863/863 814/814/814
f 814/814/814 863/863/863 815/815/815
f 863/863/863 864/864/864 815/815/815
f 815/815/815 864/864/864 816/816/816
f 864/864/864 865/865/865 816/816/816
f 816/816/816 865/865/865 817/817/817
f 865/865/865 866/866/866 817/817/817
f 817/817/817 866/866/866 818/818/818
f 866/866/866 867/867/867 818/818/818
f 818/818/818 867/867/867 819/819/819
f 867/867/867 868/868/868 819/819/819
f 819/819/819 868/868/868 820/820/820
f 868/868/868 869/869/869 820/820/820
f 820/820/820 869/869/869 821/821/821
f 869/869/869 870/870/870 821/821/821
f 821/821/821 870/870/870 822/822/822
f 870/870/870 871/871/871 822/822/822
f 822/822/822 871/871/871 823/823/823
f 871/871/871 872/872/872 823/823/823
f 823/823/823 872/872/872 824/824/824
f 872/872/872 873/873/873 824/824/824
f 824/824/824 873/873/873 825/825/825
f 873/873/873 874/874/874 825/825/825
f 825/825/825 874/874/874 826/826/826
f 874/874/874 875/875/875 826/826/826
f 826/826/826 875/875/875 827/827/827
f 875/875/875 876/876/876 827/827/827
f 827/827/827 876/876/876 828/828/828
f 876/876/876 877/877/877 828/828/828
f 828/828/828 877/877/877 829/829/829
f 877/877/877 878/878/878 829/829/829
f 829/829/829 878/878/878 830/830/830
f 878/878/878 879/879/879 830/830/830
f 830/830/830 879/879/879 831/831/831
f 879/879/879 880/880/880 831/831/831
f 831/831/831 880/880/880 832/832/832
f 880/880/880 881/881/881 832/832/832
f 832/832/832 881/881/881 833/833/833
f 881/881/881 882/882/882 833/833/833
f 834/834/834 883/883/883 835/835/835
f 883/883/883 884/884/884 835/835/835
f 835/835/835 884/884/884 836/836/836
f 884/884/884 885/885/885 836/836/836
f 836/836/836 885/885/885 837/837/837
f 885/885/885 886/886/886 837/837/837
f 837/837/837 886/886/886 838/838/838
f 886/886/886 887/887/887 838/838/838
f 838/838/838 887/887/887 839/839/839
f 887/887/887 888/888/888 839/839/839
f 839/839/839 888/888/888 840/840/840
f 888/888/888 889/889/889 840/840/840
f 840/840/840 889/889/889 841/841/841
f 889/889/889 890/890/890 841/841/841
f 841/841/841 890/890/890 842/842/842
f 890/890/890 891/891/891 842/842/842
f 842/842/842 891/891/891 843/843/843
f 891/891/891 892/892/892 843/843/843
f 843/843/843 892/892/892 844/844/844
f 892/892/892 893/893/893 844/844/844
f 844/844/844 893/893/893 845/845/845
f 893/893/893 894/894/894 845/845/845
f 845/845/845 894/894/894 846/846/846
f 894/894/894 895/895/895 846/846/846
f 846/846/846 895/895/895 847/847/847
f 895/895/895 896/896/896 847/847/847
f 847/847/847 896/896/896 848/848/848
f 896/896/896 897/897/897 848/848/848
f 848/848/848 897/897/897 849/849/849
f 897/897/897 898/898/898 849/849/849
f 849/849/849 898/898/898 850/850/850
f 898/898/898 899/899/899 850/850/850
f 850/850/850 899/899/899 851/851/851
f 899/899/899 900/900/900 851/851/851
f 851/851/851 900/900/900 852/852/852
f 900/900/900 901/901/901 852/852/852
f 852/852/852 901/901/901 853/853/853
f 901/901/901 902/902/902 853/853/853
f 853/853/853 902/902/902 854/854/854
f 902/902/902 903/903/903 854/854/854
f 854/854/854 903/903/903 855/855/855
f 903/903/903 904/904/904 855/855/855
f 855/855/855 904/904/904 856/856/856
f 904/904/904 905/905/905 856/856/856
f 856/856/856 905/905/905 857/857/857
f 905/905/905 906/906/906 857/857/857
f 857/857/857 906/906/906 858/858/858
f 906/906/906 907/907/907 858/858/858
f 858/858/858 907/907/907 859/859/859
f 907/907/907 908/908/908 859/859/859
f 859/859/859 908/908/908 860/860/860
f 908/908/908 909/909/909 860/860/860
f 860/860/860 909/909/909 861/861/861
f 909/909/909 910/910/910 861/861/861
f 861/861/861 910/910/910 862/862/862
f 910/910/910 911/911/911 862/862/862
f 862/862/862 911/911/911 863/863/863
f 911/911/911 912/912/912 863/863/863
f 863/863/863 912/912/912 864/864/864
f 912/912/912 913/913/913 864/864/864
f 864/864/864 913/913/913 865/865/865
f 913/913/913 914/914/914 865/865/865
f 865/865/865 914/914/914 866/866/866
f 914/914/914 915/915/915 866/866/866
f 866/866/866 915/915/915 867/867/867
f 915/915/915 916/916/916 867/867/867
f 867/867/867 916/916/916 868/868/868
f 916/916/916 917/917/917 868/868/868
f 868/868/868 917/917/917 869/869/869
f 917/917/917 918/918/918 869/869/869
f 869/869/869 918/918/918 870/870/870
f 918/918/918 919/919/919 870/870/870
f 870/870/870 919/919/919 871/871/871
f 919/919/919 920/920/920 871/871/871
f 871/871/871 920/920/920 872/872/872
f 920/920/920 921/921/921 872/872/872
f 872/872/872 921/921/921 873/873/873
f 921/921/921 922/922/922 873/873/873
f 873/873/873 922/922/922 874/874/874
f 922/922/922 923/923/923 874/874/874
f 874/874/874 923/923/923 875/875/875
f 923/923/923 924/924/924 875/875/875
f 875/875/875 924/924/924 876/876/876
f 924/924/924 925/925/925 876/876/876
f 876/876/876 925/925/925 877/877/877
f 925/925/925 926/926/926 877/877/877
f 877/877/877 926/926/926 878/878/878
f 926/926/926 927/927/927 878/878/878
f 878/878/878 927/927/927 879/879/879
f 927/927/927 928/928/928 879/879/879
f 879/879/879 928/928/928 880/880/880
f 928/928/928 929/929/929 880/880/880
f 880/880/880 929/929/929 881/881/881
f 929/929/929 930/930/930 881/881/881
f 881/881/881 930/930/930 882/882/882
f 930/930/930 931/931/931 882/882/882
f 883/883/883 932/932/932 884/884/884
f 932/932/932 933/933/933 884/884/884
f 884/884/884 933/933/933 885/885/885
f 933/933/933 934/934/934 885/885/885
f 885/885/885 934/934/934 886/886/886
f 934/934/934 935/935/935 886/886/886
f 886/886/886 935/935/935 887/887/887
f 935/935/935 936/936/936 887/887/887
f 887/887/887 936/936/936 888/888/888
f 936/936/936 937/937/937 888/888/888
f 888/888/888 937/937/937 889/889/889
f 937/937/937 938/938/938 889/889/889
f 889/889/889 938/938/938 890/890/890
f 938/938/938 939/939/939 890/890/890
f 890/890/890 939/939/939 891/891/891
f 939/939/939 940/940/940 891/891/891
f 891/891/891 940/940/940 892/892/892
f 940/940/940 941/941/941 892/892/892
f 892/892/892 941/941/941 893/893/893
f 941/941/941 942/942/942 893/893/893
f 893/893/893 942/942/942 894/894/894
f 942/942/942 943/943/943 894/894/894
f 894/894/894 943/943/943 895/895/895
f 943/943/943 944/944/944 895/895/895
f 895/895/895 944/944/944 896/896/896
f 944/944/944 945/945/945 896/896/896
f 896/896/896 945/945/945 897/897/897
f 945/945/945 946/946/946 897/897/897
f 897/897/897 946/946/946 898/898/898
f 946/946/946 947/947/947 898/898/898
f 898/898/898 947/947/947 899/899/899
f 947/947/947 948/948/948 899/899/899
f 899/899/899 948/948/948 900/900/900
f 948/948/948 949/949/949 900/900/900
f 900/900/900 949/949/949 901/901/901
f 949/949/949 950/950/950 901/901/901
f 901/901/901 950/950/950 902/902/902
f 950/950/950 951/951/951 902/902/902
f 902/902/902 951/951/951 903/903/903
f 951/951/951 952/952/952 903/903/903
f 903/903/903 952/952/952 904/904/904
f 952/952/952 953/953/953 904/904/904
f 904/904/904 953/953/953 905/905/905
f 953/953/953 954/954/954 905/905/905
f 905/905/905 954/954/954 906/906/906
f 954/954/954 955/955/955 906/906/906
f 906/906/906 955/955/955 907/907/907
f 955/955/955 956/956/956 907/907/907
f 907/907/907 956/956/956 908/908/908
f 956/956/956 957/957/957 908/908/908
f 908/908/908 957/957/957 909/909/909
f 957/957/957 958/958/958 909/909/909
f 909/909/909 958/958/958 910/910/910
f 958/958/958 959/959/959 910/910/910
f 910/910/910 959/959/959 911/911/911
f 959/959/959 960/960/960 911/911/911
f 911/911/911 960/960/960 912/912/912
f 960/960/960 961/961/961 912/912/912
f 912/912/912 961/961/961 913/913/913
f 961/961/961 962/962/962 913/913/913
f 913/913/913 962/962/962 914/914/914
f 962/962/962 963/963/963 914/914/914
f 914/914/914 963/963/963 915/915/915
f 963/963/963 964/964/964 915/915/915
f 915/915/915 964/964/964 916/916/916
f 964/964/964 965/965/965 916/916/916
f 916/916/916 965/965/965 917/917/917
f 965/965/965 966/966/966 917/917/917
f 917/917/917 966/966/966 918/918/918
f 966/966/966 967/967/967 918/918/918
f 918/918/918 967/967/967 919/919/919
f 967/967/967 968/968/968 919/919/919
f 919/919/919 968/968/968 920/920/920
f 968/968/968 969/969/969 920/920/920
f 920/920/920 969/969/969 921/921/921
f 969/969/969 970/970/970 921/921/921
f 921/921/921 970/970/970 922/922/922
f 970/970/970 971/971/971 922/922/922
f 922/922/922 971/971/971 923/923/923
f 971/971/971 972/972/972 923/923/923
f 923/923/923 972/972/972 924/924/924
f 972/972/972 973/973/973 924/924/924
f 924/924/924 973/973/973 925/925/925
f 973/973/973 974/974/974 925/925/925
f 925/925/925 974/974/974 926/926/926
f 974/974/974 975/975/975 926/926/926
f 926/926/926 975/975/975 927/927/927
f 975/975/975 976/976/976 927/927/927
f 927/927/927 976/976/976 928/928/928
f 976/976/976 977/977/977 928/928/928
f 928/928/928 977/977/977 929/929/929
f 977/977/977 978/978/978 929/929/929
f 929/929/929 978/978/978 930/930/930
f 978/978/978 979/979/979 930/930/930
f 930/930/930 979/979/979 931/931/931
f 979/979/979 980/980/980 931/931/931
f 932/932/932 981/981/981 933/933/933
f 981/981/981 982/982/982 933/933/933
f 933/933/933 982/982/982 934/934/934
f 982/982/982 983/983/983 934/934/934
f 934/934/934 983/983/983 935/935/935
f 983/983/983 984/984/984 935/935/935
f 935/935/935 984/984/984 936/936/936
f 984/984/984 985/985/985 936/936/936
f 936/936/936 985/985/985 937/937/937
f 985/985/985 986/986/986 937/937/937
f 937/937/937 986/986/986 938/938/938
f 986/986/986 987/987/987 938/938/938
f 938/938/938 987/987/987 939/939/939
f 987/987/987 988/988/988 939/939/939
f 939/939/939 988/988/988 940/940/940
f 988/988/988 989/989/989 940/940/940
f 940/940/940 989/989/989 941/941/941
f 989/989/989 990/990/990 941/941/941
f 941/941/941 990/990/990 942/942/942
f 990/990/990 991/991/991 942/942/942
f 942/942/942 991/991/991 943/943/943
f 991/991/991 992/992/992 943/943/943
f 943/943/943 992/992/992 944/944/944
f 992/992/992 993/993/993 944/944/944
f 944/944/944 993/993/993 945/945/945
f 993/993/993 994/994/994 945/945/945
f 945/945/945 994/994/994 946/946/946
f 994/994/994 995/995/995 946/946/946
f 946/946/946 995/995/995 947/947/947
f 995/995/995 996/996/996 947/947/947
f 947/947/947 996/996/996 948/948/948
f 996/996/996 997/997/997 948/948/948
f 948/948/948 997/997/997 949/949/949
f 997/997/997 998/998/998 949/949/949
f 949/949/949 998/998/998 950/950/950
f 998/998/998 999/999/999 950/950/950
f 950/950/950 999/999/999 951/951/951
f 999/999/999 1000/1000/1000 951/951/951
f 951/951/951 1000/1000/1000 952/952/952
f 1000/1000/1000 1001/1001/1001 952/952/952
f 952/952/952 1001/1001/1001 953/953/953
f 1001/1001/1001 1002/1002/1002 953/953/953
f 953/953/953 1002/1002/1002 954/954/954
f 1002/1002/1002 1003/1003/1003 954/954/954
f 954/954/954 1003/1003/1003 955/955/955
f 1003/1003/1003 1004/1004/1004 955/955/955
f 955/955/955 1004/1004/1004 956/956/956
f 1004/1004/1004 1005/1005/1005 956/956/956
f 956/956/956 1005/1005/1005 957/957/957
f 1005/1005/1005 1006/1006/1006 957/957/957
f 957/957/957 1006/1006/1006 958/958/958
f 1006/1006/1006 1007/1007/1007 958/958/958
f 958/958/958 1007/1007/1007 959/959/959
f 1007/1007/1007 1008/1008/1008 959/959/959
f 959/959/959 1008/1008/1008 960/960/960
f 1008/1008/1008 1009/1009/1009 960/960/960
f 960/960/960 1009/1009/1009 961/961/961
f 1009/1009/1009 1010/1010/1010 961/961/961
f 961/961/961 1010/1010/1010 962/962/962
f 1010/1010/1010 1011/1011/1011 962/962/962
f 962/962/962 1011/1011/1011 963/963/963
f 1011/1011/1011 1012/1012/1012 963/963/963
f 963/963/963 1012/1012/1012 964/964/964
f 1012/1012/1012 1013/1013/1013 964/964/964
f 964/964/964 1013/1013/1013 965/965/965
f 1013/1013/1013 1014/1014/1014 965/965/965
f 965/965/965 1014/1014/1014 966/966/966
f 1014/1014/1014 1015/1015/1015 966/966/966
f 966/966/966 1015/1015/1015 967/967/967
f 1015/1015/1015 1016/1016/1016 967/967/967
f 967/967/967 1016/1016/1016 968/968/968
f 1016/1016/1016 1017/1017/1017 968/968/968
f 968/968/968 1017/1017/1017 969/969/969
f 1017/1017/1017 1018/1018/1018 969/969/969
f 969/969/969 1018/1018/1018 970/970/970
f 1018/1018/1018 1019/1019/1019 970/970/970
f 970/970/970 1019/1019/1019 971/971/971
f 1019/1019/1019 1020/1020/1020 971/971/971
f 971/971/971 1020/1020/1020 972/972/972
f 1020/1020/1020 1021/1021/1021 972/972/972
f 972/972/972 1021/1021/1021 973/973/973
f 1021/1021/1021 1022/1022/1022 973/973/973
f 973/973/973 1022/1022/1022 974/974/974
f 1022/1022/1022 1023/1023/1023 974/974/974
f 974/974/974 1023/1023/1023 975/975/975
f 1023/1023/1023 1024/1024/1024 975/975/975
f 975/975/975 1024/1024/1024 976/976/976
f 1024/1024/1024 1025/1025/1025 976/976/976
f 976/976/976 1025/1025/1025 977/977/977
f 1025/1025/1025 1026/1026/1026 977/977/977
f 977/977/977 1026/1026/1026 978/978/978
f 1026/1026/1026 1027/1027/1027 978/978/978
f 978/978/978 1027/1027/1027 979/979/979
f 1027/1027/1027 1028/1028/1028 979/979/979
f 979/979/979 1028/1028/1028 980/980/980
f 1028/1028/1028 1029/1029/1029 980/980/980
f 981/981/981 1030/1030/1030 982/982/982
f 1030/1030/1030 1031/1031/1031 982/982/982
f 982/982/982 1031/1031/1031 983/983/983
f 1031/1031/1031 1032/1032/1032 983/983/983
f 983/983/983 1032/1032/1032 984/984/984
f 1032/1032/1032 1033/1033/1033 984/984/984
f 984/984/984 1033/1033/1033 985/985/985
f 1033/1033/1033 1034/1034/1034 985/985/985
f 985/985/985 1034/1034/1034 986/986/986
f 1034/1034/1034 1035/1035/1035 986/986/986
f 986/986/986 1035/1035/1035 987/987/987
f 1035/1035/1035 1036/1036/1036 987/987/987
f 987/987/987 1036/1036/1036 988/988/988
f 1036/1036/1036 1037/1037/1037 988/988/988
f 988/988/988 1037/1037/1037 989/989/989
f 1037/1037/1037 1038/1038/1038 989/989/989
f 989/989/989 1038/1038/1038 990/990/990
f 1038/1038/1038 1039/1039/1039 990/990/990
f 990/990/990 1039/1039/1039 991/991/991
f 1039/1039/1039 1040/1040/1040 991/991/991
f 991/991/991 1040/1040/1040 992/992/992
f 1040/1040/1040 1041/1041/1041 992/992/992
f 992/992/992 1041/1041/1041 993/993/993
f 1041/1041/1041 1042/1042/1042 993/993/993
f 993/993/993 1042/1042/1042 994/994/994
f 1042/1042/1042 1043/1043/1043 994/994/994
f 994/994/994 1043/1043/1043 995/995/995
f 1043/1043/1043 1044/1044/1044 995/995/995
f 995/995/995 1044/1044/1044 996/996/996
f 1044/1044/1044 1045/1045/1045 996/996/996
f 996/996/996 1045/1045/1045 997/997/997
f 1045/1045/1045 1046/1046/1046 997/997/997
f 997/997/997 1046/1046/1046 998/998/998
f 1046/1046/1046 1047/1047/1047 998/998/998
f 998/998/998 1047/1047/1047 999/999/999
f 1047/1047/1047 1048/1048/1048 999/999/999
f 999/999/999 1048/1048/1048 1000/1000/1000
f 1048/1048/1048 1049/1049/1049 1000/1000/1000
f 1000/1000/1000 1049/1049/1049 1001/1001/1001
f 1049/1049/1049 1050/1050/1050 1001/1001/1001
f 1001/1001/1001 1050/1050/1050 1002/1002/1002
f 1050/1050/1050 1051/1051/1051 1002/1002/1002
f 1002/1002/1002 1051/1051/1051 1003/1003/1003
f 1051/1051/1051 1052/1052/1052 1003/1003/1003
f 1003/1003/1003 1052/1052/1052 1004/1004/1004
f 1052/1052/1052 1053/1053/1053 1004/1004/1004
f 1004/1004/1004 1053/1053/1053 1005/1005/1005
f 1053/1053/1053 1054/1054/1054 1005/1005/1005
f 1005/1005/1005 1054/1054/1054 1006/1006/1006
f 1054/1054/1054 1055/1055/1055 1006/1006/1006
f 1006/1006/1006 1055/1055/1055 1007/1007/1007
f 1055/1055/1055 1056/1056/1056 1007/1007/1007
f 1007/1007/1007 1056/1056/1056 1008/1008/1008
f 1056/1056/1056 1057/1057/1057 1008/1008/1008
f 1008/1008/1008 1057/1057/1057 1009/1009/1009
f 1057/1057/1057 1058/1058/1058 1009/1009/1009
f 1009/1009/1009 1058/1058/1058 1010/1010/1010
f 1058/1058/1058 1059/1059/1059 1010/1010/1010
f 1010/1010/1010 1059/1059/1059 1011/1011/1011
f 1059/1059/1059 1060/1060/1060 1011/1011/1011
f 1011/1011/1011 1060/1060/1060 1012/1012/1012
f 1060/1060/1060 1061/1061/1061 1012/1012/1012
f 1012/1012/1012 1061/1061/1061 1013/1013/1013
f 1061/1061/1061 1062/1062/1062 1013/1013/1013
f 1013/1013/1013 1062/1062/1062 1014/1014/1014
f 1062/1062/1062 1063/1063/1063 1014/1014/1014
f 1014/1014/1014 1063/1063/1063 1015/1015/1015
f 1063/1063/1063 1064/1064/1064 1015/1015/1015
f 1015/1015/1015 1064/1064/1064 1016/1016/1016
f 1064/1064/1064 1065/1065/1065 1016/1016/1016
f 1016/1016/1016 1065/1065/1065 1017/1017/1017
f 1065/1065/1065 1066/1066/1066 1017/1017/1017
f 1017/1017/1017 1066/1066/1066 1018/1018/1018
f 1066/1066/1066 1067/1067/1067 1018/1018/1018
f 1018/1018/1018 1067/1067/1067 1019/1019/1019
f 1067/1067/1067 1068/1068/1068 1019/1019/1019
f 1019/1019/1019 1068/1068/1068 1020/1020/1020
f 1068/1068/1068 1069/1069/1069 1020/1020/1020
f 1020/1020/1020 1069/1069/1069 1021/1021/1021
f 1069/1069/1069 1070/1070/1070 1021/1021/1021
f 1021/1021/1021 1070/1070/1070 1022/1022/1022
f 1070/1070/1070 1071/1071/1071 1022/1022/1022
f 1022/1022/1022 1071/1071/1071 1023/1023/1023
f 1071/1071/1071 1072/1072/1072 1023/1023/1023
f 1023/1023/1023 1072/1072/1072 1024/1024/1024
f 1072/1072/1072 1073/1073/1073 1024/1024/1024
f 1024/1024/1024 1073/1073/1073 1025/1025/1025
f 1073/1073/1073 1074/1074/1074 1025/1025/1025
f 1025/1025/1025 1074/1074/1074 1026/1026/1026
f 1074/1074/1074 1075/1075/1075 1026/1026/1026
f 1026/1026/1026 1075/1075/1075 1027/1027/1027
f 1075/1075/1075 1076/1076/1076 1027/1027/1027
f 1027/1027/1027 1076/1076/1076 1028/1028/1028
f 1076/1076/1076 1077/1077/1077 1028/1028/1028
f 1028/1028/1028 1077/1077/1077 1029/1029/1029
f 1077/1077/1077 1078/1078/1078 1029/1029/1029
f 1030/1030/1030 1079/1079/1079 1031/1031/1031
f 1079/1079/1079 1080/1080/1080 1031/1031/1031
f 1031/1031/1031 1080/1080/1080 1032/1032/1032
f 1080/1080/1080 1081/1081/1081 1032/1032/1032
f 1032/1032/1032 1081/1081/1081 1033/1033/1033
f 1081/1081/1081 1082/1082/1082 1033/1033/1033
f 1033/1033/1033 1082/1082/1082 1034/1034/1034
f 1082/1082/1082 1083/1083/1083 1034/1034/1034
f 1034/1034/1034 1083/1083/1083 1035/1035/1035
f 1083/1083/1083 1084/1084/1084 1035/1035/1035
f 1035/1035/1035 1084/1084/1084 1036/1036/1036
f 1084/1084/1084 1085/1085/1085 1036/1036/1036
f 1036/1036/1036 1085/1085/1085 1037/1037/1037
f 1085/1085/1085 1086/1086/1086 1037/1037/1037
f 1037/1037/1037 1086/1086/1086 1038/1038/1038
f 1086/1086/1086 1087/1087/1087 1038/1038/1038
f 1038/1038/1038 1087/1087/1087 1039/1039/1039
f 1087/1087/1087 1088/1088/1088 1039/1039/1039
f 1039/1039/1039 1088/1088/1088 1040/1040/1040
f 1088/1088/1088 1089/1089/1089 1040/1040/1040
f 1040/1040/1040 1089/1089/1089 1041/1041/1041
f 1089/1089/1089 1090/1090/1090 1041/1041/1041
f 1041/1041/1041 1090/1090/1090 1042/1042/1042
f 1090/1090/1090 1091/1091/1091 1042/1042/1042
f 1042/1042/1042 1091/1091/1091 1043/1043/1043
f 1091/1091/1091 1092/1092/1092 1043/1043/1043
f 1043/1043/1043 1092/1092/1092 1044/1044/1044
f 1092/1092/1092 1093/1093/1093 1044/1044/1044
f 1044/1044/1044 1093/1093/1093 1045/1045/1045
f 1093/1093/1093 1094/1094/1094 1045/1045/1045
f 1045/1045/1045 1094/1094/1094 1046/1046/1046
f 1094/1094/1094 1095/1095/1095 1046/1046/1046
f 1046/1046/1046 1095/1095/1095 1047/1047/1047
f 1095/1095/1095 1096/1096/1096 1047/1047/1047
f 1047/1047/1047 1096/1096/1096 1048/1048/1048
f 1096/1096/1096 1097/1097/1097 1048/1048/1048
f 1048/1048/1048 1097/1097/1097 1049/1049/1049
f 1097/1097/1097 1098/1098/1098 1049/1049/1049
f 1049/1049/1049 1098/1098/1098 1050/1050/1050
f 1098/1098/1098 1099/1099/1099 1050/1050/1050
f 1050/1050/1050 1099/1099/1099 1051/1051/1051
f 1099/1099/1099 1100/1100/1100 1051/1051/1051
f 1051/1051/1051 1100/1100/1100 1052/1052/1052
f 1100/1100/1100 1101/1101/1101 1052/1052/1052
f 1052/1052/1052 1101/1101/1101 1053/1053/1053
f 1101/1101/1101 1102/1102/1102 1053/1053/1053
f 1053/1053/1053 1102/1102/1102 1054/1054/1054
f 1102/1102/1102 1103/1103/1103 1054/1054/1054
f 1054/1054/1054 1103/1103/1103 1055/1055/1055
f 1103/1103/1103 1104/1104/1104 1055/1055/1055
f 1055/1055/1055 1104/1104/1104 1056/1056/1056
f 1104/1104/1104 1105/1105/1105 1056/1056/1056
f 1056/1056/1056 1105/1105/1105 1057/1057/1057
f 1105/1105/1105 1106/1106/1106 1057/1057/1057
f 1057/1057/1057 1106/1106/1106 1058/1058/1058
f 1106/1106/1106 1107/1107/1107 1058/1058/1058
f 1058/1058/1058 1107/1107/1107 1059/1059/1059
f 1107/1107/1107 1108/1108/1108 1059/1059/1059
f 1059/1059/1059 1108/1108/1108 1060/1060/1060
f 1108/1108/1108 1109/1109/1109 1060/1060/1060
f 1060/1060/1060 1109/1109/1109 1061/1061/1061
f 1109/1109/1109 1110/1110/1110 1061/1061/1061
f 1061/1061/1061 1110/1110/1110 1062/1062/1062
f 1110/1110/1110 1111/1111/1111 1062/1062/1062
f 1062/1062/1062 1111/1111/1111 1063/1063/1063
f 1111/1111/1111 1112/1112/1112 1063/1063/1063
f 1063/1063/1063 1112/1112/1112 1064/1064/1064
f 1112/1112/1112 1113/1113/1113 1064/1064/1064
f 1064/1064/1064 1113/1113/1113 1065/1065/1065
f 1113/1113/1113 1114/1114/1114 1065/1065/1065
f 1065/1065/1065 1114/1114/1114 1066/1066/1066
f 1114/1114/1114 1115/1115/1115 1066/1066/1066
f 1066/1066/1066 1115/1115/1115 1067/1067/1067
f 1115/1115/1115 1116/1116/1116 1067/1067/1067
f 1067/1067/1067 1116/1116/1116 1068/1068/1068
f 1116/1116/1116 1117/1117/1117 1068/1068/1068
f 1068/1068/1068 1117/1117/1117 1069/1069/1069
f 1117/1117/1117 1118/1118/1118 1069/1069/1069
f 1069/1069/1069 1118/1118/1118 1070/1070/1070
f 1118/1118/1118 1119/1119/1119 1070/1070/1070
f 1070/1070/1070 1119/1119/1119 1071/1071/1071
f 1119/1119/1119 1120/1120/1120 1071/1071/1071
f 1071/1071/1071 1120/1120/1120 1072/1072/1072
f 1120/1120/1120 1121/1121/1121 1072/1072/1072
f 1072/1072/1072 1121/1121/1121 1073/1073/1073
f 1121/1121/1121 1122/1122/1122 1073/1073/1073
f 1073/1073/1073 1122/1122/1122 1074/1074/1074
f 1122/1122/1122 1123/1123/1123 1074/1074/1074
f 1074/1074/1074 1123/1123/1123 1075/1075/1075
f 1123/1123/1123 1124/1124/1124 1075/1075/1075
f 1075/1075/1075 1124/1124/1124 1076/1076/1076
f 1124/1124/1124 1125/1125/1125 1076/1076/1076
f 1076/1076/1076 1125/1125/1125 1077/1077/1077
f 1125/1125/1125 1126/1126/1126 1077/1077/1077
f 1077/1077/1077 1126/1126/1126 1078/1078/1078
f 1126/1126/1126 1127/1127/1127 1078/1078/1078
f 1079/1079/1079 1128/1128/1128 1080/1080/1080
f 1128/1128/1128 1129/1129/1129 1080/1080/1080
f 1080/1080/1080 1129/1129/1129 1081/1081/1081
f 1129/1129/1129 1130/1130/1130 1081/1081/1081
f 1081/1081/1081 1130/1130/1130 1082/1082/1082
f 1130/1130/1130 1131/1131/1131 1082/1082/1082
f 1082/1082/1082 1131/1131/1131 1083/1083/1083
f 1131/1131/1131 1132/1132/1132 1083/1083/1083
f 1083/1083/1083 1132/1132/1132 1084/1084/1084
f 1132/1132/1132 1133/1133/1133 1084/1084/1084
f 1084/1084/1084 1133/1133/1133 1085/1085/1085
f 1133/1133/1133 1134/1134/1134 1085/1085/1085
f 1085/1085/1085 1134/1134/1134 1086/1086/1086
f 1134/1134/1134 1135/1135/1135 1086/1086/1086
f 1086/1086/1086 1135/1135/1135 1087/1087/1087
f 1135/1135/1135 1136/1136/1136 1087/1087/1087
f 1087/1087/1087 1136/1136/1136 1088/1088/1088
f 1136/1136/1136 1137/1137/1137 1088/1088/1088
f 1088/1088/1088 1137/1137/1137 1089/1089/1089
f 1137/1137/1137 1138/1138/1138 1089/1089/1089
f 1089/1089/1089 1138/1138/1138 1090/1090/1090
f 1138/1138/1138 1139/1139/1139 1090/1090/1090
f 1090/1090/1090 1139/1139/1139 1091/1091/1091
f 1139/1139/1139 1140/1140/1140 1091/1091/1091
f 1091/1091/1091 1140/1140/1140 1092/1092/1092
f 1140/1140/1140 1141/1141/1141 1092/1092/1092
f 1092/1092/1092 1141/1141/1141 1093/1093/1093
f 1141/1141/1141 1142/1142/1142 1093/1093/1093
f 1093/1093/1093 1142/1142/1142 1094/1094/1094
f 1142/1142/1142 1143/1143/1143 1094/1094/1094
f 1094/1094/1094 1143/1143/1143 1095/1095/1095
f 1143/1143/1143 1144/1144/1144 1095/1095/1095
f 1095/1095/1095 1144/1144/1144 1096/1096/1096
f 1144/1144/1144 1145/1145/1145 1096/1096/1096
f 1096/1096/1096 1145/1145/1145 1097/1097/1097
f 1145/1145/1145 1146/1146/1146 1097/1097/1097
f 1097/1097/1097 1146/1146/1146 1098/1098/1098
f 1146/1146/1146 1147/1147/1147 1098/1098/1098
f 1098/1098/1098 1147/1147/1147 1099/1099/1099
f 1147/1147/1147 1148/1148/1148 1099/1099/1099
f 1099/1099/1099 1148/1148/1148 1100/1100/1100
f 1148/1148/1148 1149/1149/1149 1100/1100/1100
f 1100/1100/1100 1149/1149/1149 1101/1101/1101
f 1149/1149/1149 1150/1150/1150 1101/1101/1101
f 1101/1101/1101 1150/1150/1150 1102/1102/1102
f 1150/1150/1150 1151/1151/1151 1102/1102/1102
f 1102/1102/1102 1151/1151/1151 1103/1103/1103
f 1151/1151/1151 1152/1152/1152 1103/1103/1103
f 1103/1103/1103 1152/1152/1152 1104/1104/1104
f 1152/1152/1152 1153/1153/1153 1104/1104/1104
f 1104/1104/1104 1153/1153/1153 1105/1105/1105
f 1153/1153/1153 1154/1154/1154 1105/1105/1105
f 1105/1105/1105 1154/1154/1154 1106/1106/1106
f 1154/1154/1154 1155/1155/1155 1106/1106/1106
f 1106/1106/1106 1155/1155/1155 1107/1107/1107
f 1155/1155/1155 1156/1156/1156 1107/1107/1107
f 1107/1107/1107 1156/1156/1156 1108/1108/1108
f 1156/1156/1156 1157/1157/1157 1108/1108/1108
f 1108/1108/1108 1157/1157/1157 1109/1109/1109
f 1157/1157/1157 1158/1158/1158 1109/1109/1109
f 1109/1109/1109 1158/1158/1158 1110/1110/1110
f 1158/1158/1158 1159/1159/1159 1110/1110/1110
f 1110/1110/1110 1159/1159/1159 1111/1111/1111
f 1159/1159/1159 1160/1160/1160 1111/1111/1111
f 1111/1111/1111 1160/1160/1160 1112/1112/1112
f 1160/1160/1160 1161/1161/1161 1112/1112/1112
f 1112/1112/1112 1161/1161/1161 1113/1113/1113
f 1161/1161/1161 1162/1162/1162 1113/1113/1113
f 1113/1113/1113 1162/1162/1162 1114/1114/1114
f 1162/1162/1162 1163/1163/1163 1114/1114/1114
f 1114/1114/1114 1163/1163/1163 1115/1115/1115
f 1163/1163/1163 1164/1164/1164 1115/1115/1115
f 1115/1115/1115 1164/1164/1164 1116/1116/1116
f 1164/1164/1164 1165/1165/1165 1116/1116/1116
f 1116/1116/1116 1165/1165/1165 1117/1117/1117
f 1165/1165/1165 1166/1166/1166 1117/1117/1117
f 1117/1117/1117 1166/1166/1166 1118/1118/1118
f 1166/1166/1166 1167/1167/1167 1118/1118/1118
f 1118/1118/1118 1167/1167/1167 1119/1119/1119
f 1167/1167/1167 1168/1168/1168 1119/1119/1119
f 1119/1119/1119 1168/1168/1168 1120/1120/1120
f 1168/1168/1168 1169/1169/1169 1120/1120/1120
f 1120/1120/1120 1169/1169/1169 1121/1121/1121
f 1169/1169/1169 1170/1170/1170 1121/1121/1121
f 1121/1121/1121 1170/1170/1170 1122/1122/1122
f 1170/1170/1170 1171/1171/1171 1122/1122/1122
f 1122/1122/1122 1171/1171/1171 1123/1123/1123
f 1171/1171/1171 1172/1172/1172 1123/1123/1123
f 1123/1123/1123 1172/1172/1172 1124/1124/1124
f 1172/1172/1172 1173/1173/1173 1124/1124/1124
f 1124/1124/1124 1173/1173/1173 1125/1125/1125
f 1173/1173/1173 1174/1174/1174 1125/1125/1125
f 1125/1125/1125 1174/1174/1174 1126/1126/1126
f 1174/1174/1174 1175/1175/1175 1126/1126/1126
f 1126/1126/1126 1175/1175/1175 1127/1127/1127
f 1175/1175/1175 1176/1176/1176 1127/1127/1127
f 1128/1128/1128 1177/1177/1177 1129/1129/1129
f 1177/1177/1177 1178/1178/1178 1129/1129/1129
f 1129/1129/1129 1178/1178/1178 1130/1130/1130
f 1178/1178/1178 1179/1179/1179 1130/1130/1130
f 1130/1130/1130 1179/1179/1179 1131/1131/1131
f 1179/1179/1179 1180/1180/1180 1131/1131/1131
f 1131/1131/1131 1180/1180/1180 1132/1132/1132
f 1180/1180/1180 1181/1181/1181 1132/1132/1132
f 1132/1132/1132 1181/1181/1181 1133/1133/1133
f 1181/1181/1181 1182/1182/1182 1133/1133/1133
f 1133/1133/1133 1182/1182/1182 1134/1134/1134
f 1182/1182/1182 1183/1183/1183 1134/1134/1134
f 1134/1134/1134 1183/1183/1183 1135/1135/1135
f 1183/1183/1183 1184/1184/1184 1135/1135/1135
f 1135/1135/1135 1184/1184/1184 1136/1136/1136
f 1184/1184/1184 1185/1185/1185 1136/1136/1136
f 1136/1136/1136 1185/1185/1185 1137/1137/1137
f 1185/1185/1185 1186/1186/1186 1137/1137/1137
f 1137/1137/1137 1186/1186/1186 1138/1138/1138
f 1186/1186/1186 1187/1187/1187 1138/1138/1138
f 1138/1138/1138 1187/1187/1187 1139/1139/1139
f 1187/1187/1187 1188/1188/1188 1139/1139/1139
f 1139/1139/1139 1188/1188/1188 1140/1140/1140
f 1188/1188/1188 1189/1189/1189 1140/1140/1140
f 1140/1140/1140 1189/1189/1189 1141/1141/1141
f 1189/1189/1189 1190/1190/1190 1141/1141/1141
f 1141/1141/1141 1190/1190/1190 1142/1142/1142
f 1190/1190/1190 1191/1191/1191 1142/1142/1142
f 1142/1142/1142 1191/1191/1191 1143/1143/1143
f 1191/1191/1191 1192/1192/1192 1143/1143/1143
f 1143/1143/1143 1192/1192/1192 1144/1144/1144
f 1192/1192/1192 1193/1193/1193 1144/1144/1144
f 1144/1144/1144 1193/1193/1193 1145/1145/1145
f 1193/1193/1193 1194/1194/1194 1145/1145/1145
f 1145/1145/1145 1194/1194/1194 1146/1146/1146
f 1194/1194/1194 1195/1195/1195 1146/1146/1146
f 1146/1146/1146 1195/1195/1195 1147/1147/1147
f 1195/1195/1195 1196/1196/1196 1147/1147/1147
f 1147/1147/1147 1196/1196/1196 1148/1148/1148
f 1196/1196/1196 1197/1197/1197 1148/1148/1148
f 1148/1148/1148 1197/1197/1197 1149/1149/1149
f 1197/1197/1197 1198/1198/1198 1149/1149/1149
f 1149/1149/1149 1198/1198/1198 1150/1150/1150
f 1198/1198/1198 1199/1199/1199 1150/1150/1150
f 1150/1150/1150 1199/1199/1199 1151/1151/1151
f 1199/1199/1199 1200/1200/1200 1151/1151/1151
f 1151/1151/1151 1200/1200/1200 1152/1152/1152
f 1200/1200/1200 1201/1201/1201 1152/1152/1152
f 1152/1152/1152 1201/1201/1201 1153/1153/1153
f 1201/1201/1201 1202/1202/1202 1153/1153/1153
f 1153/1153/1153 1202/1202/1202 1154/1154/1154
f 1202/1202/1202 1203/1203/1203 1154/1154/1154
f 1154/1154/1154 1203/1203/1203 1155/1155/1155
f 1203/1203/1203 1204/1204/1204 1155/1155/1155
f 1155/1155/1155 1204/1204/1204 1156/1156/1156
f 1204/1204/1204 1205/1205/1205 1156/1156/1156
f 1156/1156/1156 1205/1205/1205 1157/1157/1157
f 1205/1205/1205 1206/1206/1206 1157/1157/1157
f 1157/1157/1157 1206/1206/1206 1158/1158/1158
f 1206/1206/1206 1207/1207/1207 1158/1158/1158
f 1158/1158/1158 1207/1207/1207 1159/1159/1159
f 1207/1207/1207 1208/1208/1208 1159/1159/1159
f 1159/1159/1159 1208/1208/1208 1160/1160/1160
f 1208/1208/1208 1209/1209/1209 1160/1160/1160
f 1160/1160/1160 1209/1209/1209 1161/1161/1161
f 1209/1209/1209 1210/1210/1210 1161/1161/1161
f 1161/1161/1161 1210/1210/1210 1162/1162/1162
f 1210/1210/1210 1211/1211/1211 1162/1162/1162
f 1162/1162/1162 1211/1211/1211 1163/1163/1163
f 1211/1211/1211 1212/1212/1212 1163/1163/1163
f 1163/1163/1163 1212/1212/1212 1164/1164/1164
f 1212/1212/1212 1213/1213/1213 1164/1164/1164
f 1164/1164/1164 1213/1213/1213 1165/1165/1165
f 1213/1213/1213 1214/1214/1214 1165/1165/1165
f 1165/1165/1165 1214/1214/1214 1166/1166/1166
f 1214/1214/1214 1215/1215/1215 1166/1166/1166
f 1166/1166/1166 1215/1215/1215 1167/1167/1167
f 1215/1215/1215 1216/1216/1216 1167/1167/1167
f 1167/1167/1167 1216/1216/1216 1168/1168/1168
f 1216/1216/1216 1217/1217/1217 1168/1168/1168
f 1168/1168/1168 1217/1217/1217 1169/1169/1169
f 1217/1217/1217 1218/1218/1218 1169/1169/1169
f 1169/1169/1169 1218/1218/1218 1170/1170/1170
f 1218/1218/1218 1219/1219/1219 1170/1170/1170
f 1170/1170/1170 1219/1219/1219 1171/1171/1171
f 1219/1219/1219 1220/1220/1220 1171/1171/1171
f 1171/1171/1171 1220/1220/1220 1172/1172/1172
f 1220/1220/1220 1221/1221/1221 1172/1172/1172
f 1172/1172/1172 1221/1221/1221 1173/1173/1173
f 1221/1221/1221 1222/1222/1222 1173/1173/1173
f 1173/1173/1173 1222/1222/1222 1174/1174/1174
f 1222/1222/1222 1223/1223/1223 1174/1174/1174
f 1174/1174/1174 1223/1223/1223 1175/1175/1175
f 1223/1223/1223 1224/1224/1224 1175/1175/1175
f 1175/1175/1175 1224/1224/1224 1176/1176/1176
f 1224/1224/1224 1225/1225/1225 1176/1176/1176
f 1177/1177/1177 1226/1226/1226 1178/1178/1178
f 1226/1226/1226 1227/1227/1227 1178/1178/1178
f 1178/1178/1178 1227/1227/1227 1179/1179/1179
f 1227/1227/1227 1228/1228/1228 1179/1179/1179
f 1179/1179/1179 1228/1228/1228 1180/1180/1180
f 1228/1228/1228 1229/1229/1229 1180/1180/1180
f 1180/1180/1180 1229/1229/1229 1181/1181/1181
f 1229/1229/1229 1230/1230/1230 1181/1181/1181
f 1181/1181/1181 1230/1230/1230 1182/1182/1182
f 1230/1230/1230 1231/1231/1231 1182/1182/1182
f 1182/1182/1182 1231/1231/1231 1183/1183/1183
f 1231/1231/1231 1232/1232/1232 1183/1183/1183
f 1183/1183/1183 1232/1232/1232 1184/1184/1184
f 1232/1232/1232 1233/1233/1233 1184/1184/1184
f 1184/1184/1184 1233/1233/1233 1185/1185/1185
f 1233/1233/1233 1234/1234/1234 1185/1185/1185
f 1185/1185/1185 1234/1234/1234 1186/1186/1186
f 1234/1234/1234 1235/1235/1235 1186/1186/1186
f 1186/1186/1186 1235/1235/1235 1187/1187/1187
f 1235/1235/1235 1236/1236/1236 1187/1187/1187
f 1187/1187/1187 1236/1236/1236 1188/1188/1188
f 1236/1236/1236 1237/1237/1237 1188/1188/1188
f 1188/1188/1188 1237/1237/1237 1189/1189/1189
f 1237/1237/1237 1238/1238/1238 1189/1189/1189
f 1189/1189/1189 1238/1238/1238 1190/1190/1190
f 1238/1238/1238 1239/1239/1239 1190/1190/1190
f 1190/1190/1190 1239/1239/1239 1191/1191/1191
f 1239/1239/1239 1240/1240/1240 1191/1191/1191
f 1191/1191/1191 1240/1240/1240 1192/1192/1192
f 1240/1240/1240 1241/1241/1241 1192/1192/1192
f 1192/1192/1192 1241/1241/1241 1193/1193/1193
f 1241/1241/1241 1242/1242/1242 1193/1193/1193
f 1193/1193/1193 1242/1242/1242 1194/1194/1194
f 1242/1242/1242 1243/1243/1243 1194/1194/1194
f 1194/1194/1194 1243/1243/1243 1195/1195/1195
f 1243/1243/1243 1244/1244/1244 1195/1195/1195
f 1195/1195/1195 1244/1244/1244 1196/1196/1196
f 1244/1244/1244 1245/1245/1245 1196/1196/1196
f 1196/1196/1196 1245/1245/1245 1197/1197/1197
f 1245/1245/1245 1246/1246/1246 1197/1197/1197
f 1197/1197/1197 1246/1246/1246 1198/1198/1198
f 1246/1246/1246 1247/1247/1247 1198/1198/1198
f 1198/1198/1198 1247/1247/1247 1199/1199/1199
f 1247/1247/1247 1248/1248/1248 1199/1199/1199
f 1199/1199/1199 1248/1248/1248 1200/1200/1200
f 1248/1248/1248 1249/1249/1249 1200/1200/1200
f 1200/1200/1200 1249/1249/1249 1201/1201/1201
f 1249/1249/1249 1250/1250/1250 1201/1201/1201
f 1201/1201/1201 1250/1250/1250 1202/1202/1202
f 1250/1250/1250 1251/1251/1251 1202/1202/1202
f 1202/1202/1202 1251/1251/1251 1203/1203/1203
f 1251/1251/1251 1252/1252/1252 1203/1203/1203
f 1203/1203/1203 1252/1252/1252 1204/1204/1204
f 1252/1252/1252 1253/1253/1253 1204/1204/1204
f 1204/1204/1204 1253/1253/1253 1205/1205/1205
f 1253/1253/1253 1254/1254/1254 1205/1205/1205
f 1205/1205/1205 1254/1254/1254 1206/1206/1206
f 1254/1254/1254 1255/1255/1255 1206/1206/1206
f 1206/1206/1206 1255/1255/1255 1207/1207/1207
f 1255/1255/1255 1256/1256/1256 1207/1207/1207
f 1207/1207/1207 1256/1256/1256 1208/1208/1208
f 1256/1256/1256 1257/1257/1257 1208/1208/1208
f 1208/1208/1208 1257/1257/1257 1209/1209/1209
f 1257/1257/1257 1258/1258/1258 1209/1209/1209
f 1209/1209/1209 1258/1258/1258 1210/1210/1210
f 1258/1258/1258 1259/1259/1259 1210/1210/1210
f 1210/1210/1210 1259/1259/1259 1211/1211/1211
f 1259/1259/1259 1260/1260/1260 1211/1211/1211
f 1211/1211/1211 1260/1260/1260 1212/1212/1212
f 1260/1260/1260 1261/1261/1261 1212/1212/1212
f 1212/1212/1212 1261/1261/1261 1213/1213/1213
f 1261/1261/1261 1262/1262/1262 1213/1213/1213
f 1213/1213/1213 1262/1262/1262 1214/1214/1214
f 1262/1262/1262 1263/1263/1263 1214/1214/1214
f 1214/1214/1214 1263/1263/1263 1215/1215/1215
f 1263/1263/1263 1264/1264/1264 1215/1215/1215
f 1215/1215/1215 1264/1264/1264 1216/1216/1216
f 1264/1264/1264 1265/1265/1265 1216/1216/1216
f 1216/1216/1216 1265/1265/1265 1217/1217/1217
f 1265/1265/1265 1266/1266/1266 1217/1217/1217
f 1217/1217/1217 1266/1266/1266 1218/1218/1218
f 1266/1266/1266 1267/1267/1267 1218/1218/1218
f 1218/1218/1218 1267/1267/1267 1219/1219/1219
f 1267/1267/1267 1268/1268/1268 1219/1219/1219
f 1219/1219/1219 1268/1268/1268 1220/1220/1220
f 1268/1268/1268 1269/1269/1269 1220/1220/1220
f 1220/1220/1220 1269/1269/1269 1221/1221/1221
f 1269/1269/1269 1270/1270/1270 1221/1221/1221
f 1221/1221/1221 1270/1270/1270 1222/1222/1222
f 1270/1270/1270 1271/1271/1271 1222/1222/1222
f 1222/1222/1222 1271/1271/1271 1223/1223/1223
f 1271/1271/1271 1272/1272/1272 1223/1223/1223
f 1223/1223/1223 1272/1272/1272 1224/1224/1224
f 1272/1272/1272 1273/1273/1273 1224/1224/1224
f 1224/1224/1224 1273/1273/1273 1225/1225/1225
f 1273/1273/1273 1274/1274/1274 1225/1225/1225
f 1226/1226/1226 1275/1275/1275 1227/1227/1227
f 1275/1275/1275 1276/1276/1276 1227/1227/1227
f 1227/1227/1227 1276/1276/1276 1228/1228/1228
f 1276/1276/1276 1277/1277/1277 1228/1228/1228
f 1228/1228/1228 1277/1277/1277 1229/1229/1229
f 1277/1277/1277 1278/1278/1278 1229/1229/1229
f 1229/1229/1229 1278/1278/1278 1230/1230/1230
f 1278/1278/1278 1279/1279/1279 1230/1230/1230
f 1230/1230/1230 1279/1279/1279 1231/1231/1231
f 1279/1279/1279 1280/1280/1280 1231/1231/1231
f 1231/1231/1231 1280/1280/1280 1232/1232/1232
f 1280/1280/1280 1281/1281/1281 1232/1232/1232
f 1232/1232/1232 1281/1281/1281 1233/1233/1233
f 1281/1281/1281 1282/1282/1282 1233/1233/1233
f 1233/1233/1233 1282/1282/1282 1234/1234/1234
f 1282/1282/1282 1283/1283/1283 1234/1234/1234
f 1234/1234/1234 1283/1283/1283 1235/1235/1235
f 1283/1283/1283 1284/1284/1284 1235/1235/1235
f 1235/1235/1235 1284/1284/1284 1236/1236/1236
f 1284/1284/1284 1285/1285/1285 1236/1236/1236
f 1236/1236/1236 1285/1285/1285 1237/1237/1237
f 1285/1285/1285 1286/1286/1286 1237/1237/1237
f 1237/1237/1237 1286/1286/1286 1238/1238/1238
f 1286/1286/1286 1287/1287/1287 1238/1238/1238
f 1238/1238/1238 1287/1287/1287 1239/1239/1239
f 1287/1287/1287 1288/1288/1288 1239/1239/1239
f 1239/1239/1239 1288/1288/1288 1240/1240/1240
f 1288/1288/1288 1289/1289/1289 1240/1240/1240
f 1240/1240/1240 1289/1289/1289 1241/1241/1241
f 1289/1289/1289 1290/1290/1290 1241/1241/1241
f 1241/1241/1241 1290/1290/1290 1242/1242/1242
f 1290/1290/1290 1291/1291/1291 1242/1242/1242
f 1242/1242/1242 1291/1291/1291 1243/1243/1243
f 1291/1291/1291 1292/1292/1292 1243/1243/1243
f 1243/1243/1243 1292/1292/1292 1244/1244/1244
f 1292/1292/1292 1293/1293/1293 1244/1244/1244
f 1244/1244/1244 1293/1293/1293 1245/1245/1245
f 1293/1293/1293 1294/1294/1294 1245/1245/1245
f 1245/1245/1245 1294/1294/1294 1246/1246/1246
f 1294/1294/1294 1295/1295/1295 1246/1246/1246
f 1246/1246/1246 1295/1295/1295 1247/1247/1247
f 1295/1295/1295 1296/1296/1296 1247/1247/1247
f 1247/1247/1247 1296/1296/1296 1248/1248/1248
f 1296/1296/1296 1297/1297/1297 1248/1248/1248
f 1248/1248/1248 1297/1297/1297 1249/1249/1249
f 1297/1297/1297 1298/1298/1298 1249/1249/1249
f 1249/1249/1249 1298/1298/1298 1250/1250/1250
f 1298/1298/1298 1299/1299/1299 1250/1250/1250
f 1250/1250/1250 1299/1299/1299 1251/1251/1251
f 1299/1299/1299 1300/1300/1300 1251/1251/1251
f 1251/1251/1251 1300/1300/1300 1252/1252/1252
f 1300/1300/1300 1301/1301/1301 1252/1252/1252
f 1252/1252/1252 1301/1301/1301 1253/1253/1253
f 1301/1301/1301 1302/1302/1302 1253/1253/1253
f 1253/1253/1253 1302/1302/1302 1254/1254/1254
f 1302/1302/1302 1303/1303/1303 1254/1254/1254
f 1254/1254/1254 1303/1303/1303 1255/1255/1255
f 1303/1303/1303 1304/1304/1304 1255/1255/1255
f 1255/1255/1255 1304/1304/1304 1256/1256/1256
f 1304/1304/1304 1305/1305/1305 1256/1256/1256
f 1256/1256/1256 1305/1305/1305 1257/1257/1257
f 1305/1305/1305 1306/1306/1306 1257/1257/1257
f 1257/1257/1257 1306/1306/1306 1258/1258/1258
f 1306/1306/1306 1307/1307/1307 1258/1258/1258
f 1258/1258/1258 1307/1307/1307 1259/1259/1259
f 1307/1307/1307 1308/1308/1308 1259/1259/1259
f 1259/1259/1259 1308/1308/1308 1260/1260/1260
f 1308/1308/1308 1309/1309/1309 1260/1260/1260
f 1260/1260/1260 1309/1309/1309 1261/1261/1261
f 1309/1309/1309 1310/1310/1310 1261/1261/1261
f 1261/1261/1261 1310/1310/1310 1262/1262/1262
f 1310/1310/1310 1311/1311/1311 1262/1262/1262
f 1262/1262/1262 1311/1311/1311 1263/1263/1263
f 1311/1311/1311 1312/1312/1312 1263/1263/1263
f 1263/1263/1263 1312/1312/1312 1264/1264/1264
f 1312/1312/1312 1313/1313/1313 1264/1264/1264
f 1264/1264/1264 1313/1313/1313 1265/1265/1265
f 1313/1313/1313 1314/1314/1314 1265/1265/1265
f 1265/1265/1265 1314/1314/1314 1266/1266/1266
f 1314/1314/1314 1315/1315/1315 1266/1266/1266
f 1266/1266/1266 1315/1315/1315 1267/1267/1267
f 1315/1315/1315 1316/1316/1316 1267/1267/1267
f 1267/1267/1267 1316/1316/1316 1268/1268/1268
f 1316/1316/1316 1317/1317/1317 1268/1268/1268
f 1268/1268/1268 1317/1317/1317 1269/1269/1269
f 1317/1317/1317 1318/1318/1318 1269/1269/1269
f 1269/1269/1269 1318/1318/1318 1270/1270/1270
f 1318/1318/1318 1319/1319/1319 1270/1270/1270
f 1270/1270/1270 1319/1319/1319 1271/1271/1271
f 1319/1319/1319 1320/1320/1320 1271/1271/1271
f 1271/1271/1271 1320/1320/1320 1272/1272/1272
f 1320/1320/1320 1321/1321/1321 1272/1272/1272
f 1272/1272/1272 1321/1321/1321 1273/1273/1273
f 1321/1321/1321 1322/1322/1322 1273/1273/1273
f 1273/1273/1273 1322/1322/1322 1274/1274/1274
f 1322/1322/1322 1323/1323/1323 1274/1274/1274
f 1275/1275/1275 1324/1324/1324 1276/1276/1276
f 1324/1324/1324 1325/1325/1325 1276/1276/1276
f 1276/1276/1276 1325/1325/1325 1277/1277/1277
f 1325/1325/1325 1326/1326/1326 1277/1277/1277
f 1277/1277/1277 1326/1326/1326 1278/1278/1278
f 1326/1326/1326 1327/1327/1327 1278/1278/1278
f 1278/1278/1278 1327/1327/1327 1279/1279/1279
f 1327/1327/1327 1328/1328/1328 1279/1279/1279
f 1279/1279/1279 1328/1328/1328 1280/1280/1280
f 1328/1328/1328 1329/1329/1329 1280/1280/1280
f 1280/1280/1280 1329/1329/1329 1281/1281/1281
f 1329/1329/1329 1330/1330/1330 1281/1281/1281
f 1281/1281/1281 1330/1330/1330 1282/1282/1282
f 1330/1330/1330 1331/1331/1331 1282/1282/1282
f 1282/1282/1282 1331/1331/1331 1283/1283/1283
f 1331/1331/1331 1332/1332/1332 1283/1283/1283
f 1283/1283/1283 1332/1332/1332 1284/1284/1284
f 1332/1332/1332 1333/1333/1333 1284/1284/1284
f 1284/1284/1284 1333/1333/1333 1285/1285/1285
f 1333/1333/1333 1334/1334/1334 1285/1285/1285
f 1285/1285/1285 1334/1334/1334 1286/1286/1286
f 1334/1334/1334 1335/1335/1335 1286/1286/1286
f 1286/1286/1286 1335/1335/1335 1287/1287/1287
f 1335/1335/1335 1336/1336/1336 1287/1287/1287
f 1287/1287/1287 1336/1336/1336 1288/1288/1288
f 1336/1336/1336 1337/1337/1337 1288/1288/1288
f 1288/1288/1288 1337/1337/1337 1289/1289/1289
f 1337/1337/1337 1338/1338/1338 1289/1289/1289
f 1289/1289/1289 1338/1338/1338 1290/1290/1290
f 1338/1338/1338 1339/1339/1339 1290/1290/1290
f 1290/1290/1290 1339/1339/1339 1291/1291/1291
f 1339/1339/1339 1340/1340/1340 1291/1291/1291
f 1291/1291/1291 1340/1340/1340 1292/1292/1292
f 1340/1340/1340 1341/1341/1341 1292/1292/1292
f 1292/1292/1292 1341/1341/1341 1293/1293/1293
f 1341/1341/1341 1342/1342/1342 1293/1293/1293
f 1293/1293/1293 1342/1342/1342 1294/1294/1294
f 1342/1342/1342 1343/1343/1343 1294/1294/1294
f 1294/1294/1294 1343/1343/1343 1295/1295/1295
f 1343/1343/1343 1344/1344/1344 1295/1295/1295
f 1295/1295/1295 1344/1344/1344 1296/1296/1296
f 1344/1344/1344 1345/1345/1345 1296/1296/1296
f 1296/1296/1296 1345/1345/1345 1297/1297/1297
f 1345/1345/1345 1346/1346/1346 1297/1297/1297
f 1297/1297/1297 1346/1346/1346 1298/1298/1298
f 1346/1346/1346 1347/1347/1347 1298/1298/1298
f 1298/1298/1298 1347/1347/1347 1299/1299/1299
f 1347/1347/1347 1348/1348/1348 1299/1299/1299
f 1299/1299/1299 1348/1348/1348 1300/1300/1300
f 1348/1348/1348 1349/1349/1349 1300/1300/1300
f 1300/1300/1300 1349/1349/1349 1301/1301/1301
f 1349/1349/1349 1350/1350/1350 1301/1301/1301
f 1301/1301/1301 1350/1350/1350 1302/1302/1302
f 1350/1350/1350 1351/1351/1351 1302/1302/1302
f 1302/1302/1302 1351/1351/1351 1303/1303/1303
f 1351/1351/1351 1352/1352/1352 1303/1303/1303
f 1303/1303/1303 1352/1352/1352 1304/1304/1304
f 1352/1352/1352 1353/1353/1353 1304/1304/1304
f 1304/1304/1304 1353/1353/1353 1305/1305/1305
f 1353/1353/1353 1354/1354/1354 1305/1305/1305
f 1305/1305/1305 1354/1354/1354 1306/1306/1306
f 1354/1354/1354 1355/1355/1355 1306/1306/1306
f 1306/1306/1306 1355/1355/1355 1307/1307/1307
f 1355/1355/1355 1356/1356/1356 1307/1307/1307
f 1307/1307/1307 1356/1356/1356 1308/1308/1308
f 1356/1356/1356 1357/1357/1357 1308/1308/1308
f 1308/1308/1308 1357/1357/1357 1309/1309/1309
f 1357/1357/1357 1358/1358/1358 1309/1309/1309
f 1309/1309/1309 1358/1358/1358 1310/1310/1310
f 1358/1358/1358 1359/1359/1359 1310/1310/1310
f 1310/1310/1310 1359/1359/1359 1311/1311/1311
f 1359/1359/1359 1360/1360/1360 1311/1311/1311
f 1311/1311/1311 1360/1360/1360 1312/1312/1312
f 1360/1360/1360 1361/1361/1361 1312/1312/1312
f 1312/1312/1312 1361/1361/1361 1313/1313/1313
f 1361/1361/1361 1362/1362/1362 1313/1313/1313
f 1313/1313/1313 1362/1362/1362 1314/1314/1314
f 1362/1362/1362 1363/1363/1363 1314/1314/1314
f 1314/1314/1314 1363/1363/1363 1315/1315/1315
f 1363/1363/1363 1364/1364/1364 1315/1315/1315
f 1315/1315/1315 1364/1364/1364 1316/1316/1316
f 1364/1364/1364 1365/1365/1365 1316/1316/1316
f 1316/1316/1316 1365/1365/1365 1317/1317/1317
f 1365/1365/1365 1366/1366/1366 1317/1317/1317
f 1317/1317/1317 1366/1366/1366 1318/1318/1318
f 1366/1366/1366 1367/1367/1367 1318/1318/1318
f 1318/1318/1318 1367/1367/1367 1319/1319/1319
f 1367/1367/1367 1368/1368/1368 1319/1319/1319
f 1319/1319/1319 1368/1368/1368 1320/1320/1320
f 1368/1368/1368 1369/1369/1369 1320/1320/1320
f 1320/1320/1320 1369/1369/1369 1321/1321/1321
f 1369/1369/1369 1370/1370/1370 1321/1321/1321
f 1321/1321/1321 1370/1370/1370 1322/1322/1322
f 1370/1370/1370 1371/1371/1371 1322/1322/1322
f 1322/1322/1322 1371/1371/1371 1323/1323/1323
f 1371/1371/1371 1372/1372/1372 1323/1323/1323
f 1324/1324/1324 1373/1373/1373 1325/1325/1325
f 1373/1373/1373 1374/1374/1374 1325/1325/1325
f 1325/1325/1325 1374/1374/1374 1326/1326/1326
f 1374/1374/1374 1375/1375/1375 1326/1326/1326
f 1326/1326/1326 1375/1375/1375 1327/1327/1327
f 1375/1375/1375 1376/1376/1376 1327/1327/1327
f 1327/1327/1327 1376/1376/1376 1328/1328/1328
f 1376/1376/1376 1377/1377/1377 1328/1328/1328
f 1328/1328/1328 1377/1377/1377 1329/1329/1329
f 1377/1377/1377 1378/1378/1378 1329/1329/1329
f 1329/1329/1329 1378/1378/1378 1330/1330/1330
f 1378/1378/1378 1379/1379/1379 1330/1330/1330
f 1330/1330/1330 1379/1379/1379 1331/1331/1331
f 1379/1379/1379 1380/1380/1380 1331/1331/1331
f 1331/1331/1331 1380/1380/1380 1332/1332/1332
f 1380/1380/1380 1381/1381/1381 1332/1332/1332
f 1332/1332/1332 1381/1381/1381 1333/1333/1333
f 1381/1381/1381 1382/1382/1382 1333/1333/1333
f 1333/1333/1333 1382/1382/1382 1334/1334/1334
f 1382/1382/1382 1383/1383/1383 1334/1334/1334
f 1334/1334/1334 1383/1383/1383 1335/1335/1335
f 1383/1383/1383 1384/1384/1384 1335/1335/1335
f 1335/1335/1335 1384/1384/1384 1336/1336/1336
f 1384/1384/1384 1385/1385/1385 1336/1336/1336
f 1336/1336/1336 1385/1385/1385 1337/1337/1337
f 1385/1385/1385 1386/1386/1386 1337/1337/1337
f 1337/1337/1337 1386/1386/1386 1338/1338/1338
f 1386/1386/1386 1387/1387/1387 1338/1338/1338
f 1338/1338/1338 1387/1387/1387 1339/1339/1339
f 1387/1387/1387 1388/1388/1388 1339/1339/1339
f 1339/1339/1339 1388/1388/1388 1340/1340/1340
f 1388/1388/1388 1389/1389/1389 1340/1340/1340
f 1340/1340/1340 1389/1389/1389 1341/1341/1341
f 1389/1389/1389 1390/1390/1390 1341/1341/1341
f 1341/1341/1341 1390/1390/1390 1342/1342/1342
f 1390/1390/1390 1391/1391/1391 1342/1342/1342
f 1342/1342/1342 1391/1391/1391 1343/1343/1343
f 1391/1391/1391 1392/1392/1392 1343/1343/1343
f 1343/1343/1343 1392/1392/1392 1344/1344/1344
f 1392/1392/1392 1393/1393/1393 1344/1344/1344
f 1344/1344/1344 1393/1393/1393 1345/1345/1345
f 1393/1393/1393 1394/1394/1394 1345/1345/1345
f 1345/1345/1345 1394/1394/1394 1346/1346/1346
f 1394/1394/1394 1395/1395/1395 1346/1346/1346
f 1346/1346/1346 1395/1395/1395 1347/1347/1347
f 1395/1395/1395 1396/1396/1396 1347/1347/1347
f 1347/1347/1347 1396/1396/1396 1348/1348/1348
f 1396/1396/1396 1397/1397/1397 1348/1348/1348
f 1348/1348/1348 1397/1397/1397 1349/1349/1349
f 1397/1397/1397 1398/1398/1398 1349/1349/1349
f 1349/1349/1349 1398/1398/1398 1350/1350/1350
f 1398/1398/1398 1399/1399/1399 1350/1350/1350
f 1350/1350/1350 1399/1399/1399 1351/1351/1351
f 1399/1399/1399 1400/1400/1400 1351/1351/1351
f 1351/1351/1351 1400/1400/1400 1352/1352/1352
f 1400/1400/1400 1401/1401/1401 1352/1352/1352
f 1352/1352/1352 1401/1401/1401 1353/1353/1353
f 1401/1401/1401 1402/1402/1402 1353/1353/1353
f 1353/1353/1353 1402/1402/1402 1354/1354/1354
f 1402/1402/1402 1403/1403/1403 1354/1354/1354
f 1354/1354/1354 1403/1403/1403 1355/1355/1355
f 1403/1403/1403 1404/1404/1404 1355/1355/1355
f 1355/1355/1355 1404/1404/1404 1356/1356/1356
f 1404/1404/1404 1405/1405/1405 1356/1356/1356
f 1356/1356/1356 1405/1405/1405 1357/1357/1357
f 1405/1405/1405 1406/1406/1406 1357/1357/1357
f 1357/1357/1357 1406/1406/1406 1358/1358/1358
f 1406/1406/1406 1407/1407/1407 1358/1358/1358
f 1358/1358/1358 1407/1407/1407 1359/1359/1359
f 1407/1407/1407 1408/1408/1408 1359/1359/1359
f 1359/1359/1359 1408/1408/1408 1360/1360/1360
f 1408/1408/1408 1409/1409/1409 1360/1360/1360
f 1360/1360/1360 1409/1409/1409 1361/1361/1361
f 1409/1409/1409 1410/1410/1410 1361/1361/1361
f 1361/1361/1361 1410/1410/1410 1362/1362/1362
f 1410/1410/1410 1411/1411/1411 1362/1362/1362
f 1362/1362/1362 1411/1411/1411 1363/1363/1363
f 1411/1411/1411 1412/1412/1412 1363/1363/1363
f 1363/1363/1363 1412/1412/1412 1364/1364/1364
f 1412/1412/1412 1413/1413/1413 1364/1364/1364
f 1364/1364/1364 1413/1413/1413 1365/1365/1365
f 1413/1413/1413 1414/1414/1414 1365/1365/1365
f 1365/1365/1365 1414/1414/1414 1366/1366/1366
f 1414/1414/1414 1415/1415/1415 1366/1366/1366
f 1366/1366/1366 1415/1415/1415 1367/1367/1367
f 1415/1415/1415 1416/1416/1416 1367/1367/1367
f 1367/1367/1367 1416/1416/1416 1368/1368/1368
f 1416/1416/1416 1417/1417/1417 1368/1368/1368
f 1368/1368/1368 1417/1417/1417 1369/1369/1369
f 1417/1417/1417 1418/1418/1418 1369/1369/1369
f 1369/1369/1369 1418/1418/1418 1370/1370/1370
f 1418/1418/1418 1419/1419/1419 1370/1370/1370
f 1370/1370/1370 1419/1419/1419 1371/1371/1371
f 1419/1419/1419 1420/1420/1420 1371/1371/1371
f 1371/1371/1371 1420/1420/1420 1372/1372/1372
f 1420/1420/1420 1421/1421/1421 1372/1372/1372
f 1373/1373/1373 1422/1422/1422 1374/1374/1374
f 1422/1422/1422 1423/1423/1423 1374/1374/1374
f 1374/1374/1374 1423/1423/1423 1375/1375/1375
f 1423/1423/1423 1424/1424/1424 1375/1375/1375
f 1375/1375/1375 1424/1424/1424 1376/1376/1376
f 1424/1424/1424 1425/1425/1425 1376/1376/1376
f 1376/1376/1376 1425/1425/1425 1377/1377/1377
f 1425/1425/1425 1426/1426/1426 1377/1377/1377
f 1377/1377/1377 1426/1426/1426 1378/1378/1378
f 1426/1426/1426 1427/1427/1427 1378/1378/1378
f 1378/1378/1378 1427/1427/1427 1379/1379/1379
f 1427/1427/1427 1428/1428/1428 1379/1379/1379
f 1379/1379/1379 1428/1428/1428 1380/1380/1380
f 1428/1428/1428 1429/1429/1429 1380/1380/1380
f 1380/1380/1380 1429/1429/1429 1381/1381/1381
f 1429/1429/1429 1430/1430/1430 1381/1381/1381
f 1381/1381/1381 1430/1430/1430 1382/1382/1382
f 1430/1430/1430 1431/1431/1431 1382/1382/1382
f 1382/1382/1382 1431/1431/1431 1383/1383/1383
f 1431/1431/1431 1432/1432/1432 1383/1383/1383
f 1383/1383/1383 1432/1432/1432 1384/1384/1384
f 1432/1432/1432 1433/1433/1433 1384/1384/1384
f 1384/1384/1384 1433/1433/1433 1385/1385/1385
f 1433/1433/1433 1434/1434/1434 1385/1385/1385
f 1385/1385/1385 1434/1434/1434 1386/1386/1386
f 1434/1434/1434 1435/1435/1435 1386/1386/1386
f 1386/1386/1386 1435/1435/1435 1387/1387/1387
f 1435/1435/1435 1436/1436/1436 1387/1387/1387
f 1387/1387/1387 1436/1436/1436 1388/1388/1388
f 1436/1436/1436 1437/1437/1437 1388/1388/1388
f 1388/1388/1388 1437/1437/1437 1389/1389/1389
f 1437/1437/1437 1438/1438/1438 1389/1389/1389
f 1389/1389/1389 1438/1438/1438 1390/1390/1390
f 1438/1438/1438 1439/1439/1439 1390/1390/1390
f 1390/1390/1390 1439/1439/1439 1391/1391/1391
f 1439/1439/1439 1440/1440/1440 1391/1391/1391
f 1391/1391/1391 1440/1440/1440 1392/1392/1392
f 1440/1440/1440 1441/1441/1441 1392/1392/1392
f 1392/1392/1392 1441/1441/1441 1393/1393/1393
f 1441/1441/1441 1442/1442/1442 1393/1393/1393
f 1393/1393/1393 1442/1442/1442 1394/1394/1394
f 1442/1442/1442 1443/1443/1443 1394/1394/1394
f 1394/1394/1394 1443/1443/1443 1395/1395/1395
f 1443/1443/1443 1444/1444/1444 1395/1395/1395
f 1395/1395/1395 1444/1444/1444 1396/1396/1396
f 1444/1444/1444 1445/1445/1445 1396/1396/1396
f 1396/1396/1396 1445/1445/1445 1397/1397/1397
f 1445/1445/1445 1446/1446/1446 1397/1397/1397
f 1397/1397/1397 1446/1446/1446 1398/1398/1398
f 1446/1446/1446 1447/1447/1447 1398/1398/1398
f 1398/1398/1398 1447/1447/1447 1399/1399/1399
f 1447/1447/1447 1448/1448/1448 1399/1399/1399
f 1399/1399/1399 1448/1448/1448 1400/1400/1400
f 1448/1448/1448 1449/1449/1449 1400/1400/1400
f 1400/1400/1400 1449/1449/1449 1401/1401/1401
f 1449/1449/1449 1450/1450/1450 1401/1401/1401
f 1401/1401/1401 1450/1450/1450 1402/1402/1402
f 1450/1450/1450 1451/1451/1451 1402/1402/1402
f 1402/1402/1402 1451/1451/1451 1403/1403/1403
f 1451/1451/1451 1452/1452/1452 1403/1403/1403
f 1403/1403/1403 1452/1452/1452 1404/1404/1404
f 1452/1452/1452 1453/1453/1453 1404/1404/1404
f 1404/1404/1404 1453/1453/1453 1405/1405/1405
f 1453/1453/1453 1454/1454/1454 1405/1405/1405
f 1405/1405/1405 1454/1454/1454 1406/1406/1406
f 1454/1454/1454 1455/1455/1455 1406/1406/1406
f 1406/1406/1406 1455/1455/1455 1407/1407/1407
f 1455/1455/1455 1456/1456/1456 1407/1407/1407
f 1407/1407/1407 1456/1456/1456 1408/1408/1408
f 1456/1456/1456 1457/1457/1457 1408/1408/1408
f 1408/1408/1408 1457/1457/1457 1409/1409/1409
f 1457/1457/1457 1458/1458/1458 1409/1409/1409
f 1409/1409/1409 1458/1458/1458 1410/1410/1410
f 1458/1458/1458 1459/1459/1459 1410/1410/1410
f 1410/1410/1410 1459/1459/1459 1411/1411/1411
f 1459/1459/1459 1460/1460/1460 1411/1411/1411
f 1411/1411/1411 1460/1460/1460 1412/1412/1412
f 1460/1460/1460 1461/1461/1461 1412/1412/1412
f 1412/1412/1412 1461/1461/1461 1413/1413/1413
f 1461/1461/1461 1462/1462/1462 1413/1413/1413
f 1413/1413/1413 1462/1462/1462 1414/1414/1414
f 1462/1462/1462 1463/1463/1463 1414/1414/1414
f 1414/1414/1414 1463/1463/1463 1415/1415/1415
f 1463/1463/1463 1464/1464/1464 1415/1415/1415
f 1415/1415/1415 1464/1464/1464 1416/1416/1416
f 1464/1464/1464 1465/1465/1465 1416/1416/1416
f 1416/1416/1416 1465/1465/1465 1417/1417/1417
f 1465/1465/1465 1466/1466/1466 1417/1417/1417
f 1417/1417/1417 1466/1466/1466 1418/1418/1418
f 1466/1466/1466 1467/1467/1467 1418/1418/1418
f 1418/1418/1418 1467/1467/1467 1419/1419/1419
f 1467/1467/1467 1468/1468/1468 1419/1419/1419
f 1419/1419/1419 1468/1468/1468 1420/1420/1420
f 1468/1468/1468 1469/1469/1469 1420/1420/1420
f 1420/1420/1420 1469/1469/1469 1421/1421/1421
f 1469/1469/1469 1470/1470/1470 1421/1421/1421
f 1422/1422/1422 1471/1471/1471 1423/1423/1423
f 1471/1471/1471 1472/1472/1472 1423/1423/1423
f 1423/1423/1423 1472/1472/1472 1424/1424/1424
f 1472/1472/1472 1473/1473/1473 1424/1424/1424
f 1424/1424/1424 1473/1473/1473 1425/1425/1425
f 1473/1473/1473 1474/1474/1474 1425/1425/1425
f 1425/1425/1425 1474/1474/1474 1426/1426/1426
f 1474/1474/1474 1475/1475/1475 1426/1426/1426
f 1426/1426/1426 1475/1475/1475 1427/1427/1427
f 1475/1475/1475 1476/1476/1476 1427/1427/1427
f 1427/1427/1427 1476/1476/1476 1428/1428/1428
f 1476/1476/1476 1477/1477/1477 1428/1428/1428
f 1428/1428/1428 1477/1477/1477 1429/1429/1429
f 1477/1477/1477 1478/1478/1478 1429/1429/1429
f 1429/1429/1429 1478/1478/1478 1430/1430/1430
f 1478/1478/1478 1479/1479/1479 1430/1430/1430
f 1430/1430/1430 1479/1479/1479 1431/1431/1431
f 1479/1479/1479 1480/1480/1480 1431/1431/1431
f 1431/1431/1431 1480/1480/1480 1432/1432/1432
f 1480/1480/1480 1481/1481/1481 1432/1432/1432
f 1432/1432/1432 1481/1481/1481 1433/1433/1433
f 1481/1481/1481 1482/1482/1482 1433/1433/1433
f 1433/1433/1433 1482/1482/1482 1434/1434/1434
f 1482/1482/1482 1483/1483/1483 1434/1434/1434
f 1434/1434/1434 1483/1483/1483 1435/1435/1435
f 1483/1483/1483 1484/1484/1484 1435/1435/1435
f 1435/1435/1435 1484/1484/1484 1436/1436/1436
f 1484/1484/1484 1485/1485/1485 1436/1436/1436
f 1436/1436/1436 1485/1485/1485 1437/1437/1437
f 1485/1485/1485 1486/1486/1486 1437/1437/1437
f 1437/1437/1437 1486/1486/1486 1438/1438/1438
f 1486/1486/1486 1487/1487/1487 1438/1438/1438
f 1438/1438/1438 1487/1487/1487 1439/1439/1439
f 1487/1487/1487 1488/1488/1488 1439/1439/1439
f 1439/1439/1439 1488/1488/1488 1440/1440/1440
f 1488/1488/1488 1489/1489/1489 1440/1440/1440
f 1440/1440/1440 1489/1489/1489 1441/1441/1441
f 1489/1489/1489 1490/1490/1490 1441/1441/1441
f 1441/1441/1441 1490/1490/1490 1442/1442/1442
f 1490/1490/1490 1491/1491/1491 1442/1442/1442
f 1442/1442/1442 1491/1491/1491 1443/1443/1443
f 1491/1491/1491 1492/1492/1492 1443/1443/1443
f 1443/1443/1443 1492/1492/1492 1444/1444/1444
f 1492/1492/1492 1493/1493/1493 1444/1444/1444
f 1444/1444/1444 1493/1493/1493 1445/1445/1445
f 1493/1493/1493 1494/1494/1494 1445/1445/1445
f 1445/1445/1445 1494/1494/1494 1446/1446/1446
f 1494/1494/1494 1495/1495/1495 1446/1446/1446
f 1446/1446/1446 1495/1495/1495 1447/1447/1447
f 1495/1495/1495 1496/1496/1496 1447/1447/1447
f 1447/1447/1447 1496/1496/1496 1448/1448/1448
f 1496/1496/1496 1497/1497/1497 1448/1448/1448
f 1448/1448/1448 1497/1497/1497 1449/1449/1449
f 1497/1497/1497 1498/1498/1498 1449/1449/1449
f 1449/1449/1449 1498/1498/1498 1450/1450/1450
f 1498/1498/1498 1499/1499/1499 1450/1450/1450
f 1450/1450/1450 1499/1499/1499 1451/1451/1451
f 1499/1499/1499 1500/1500/1500 1451/1451/1451
f 1451/1451/1451 1500/1500/1500 1452/1452/1452
f 1500/1500/1500 1501/1501/1501 1452/1452/1452
f 1452/1452/1452 1501/1501/1501 1453/1453/1453
f 1501/1501/1501 1502/1502/1502 1453/1453/1453
f 1453/1453/1453 1502/1502/1502 1454/1454/1454
f 1502/1502/1502 1503/1503/1503 1454/1454/1454
f 1454/1454/1454 1503/1503/1503 1455/1455/1455
f 1503/1503/1503 1504/1504/1504 1455/1455/1455
f 1455/1455/1455 1504/1504/1504 1456/1456/1456
f 1504/1504/1504 1505/1505/1505 1456/1456/1456
f 1456/1456/1456 1505/1505/1505 1457/1457/1457
f 1505/1505/1505 1506/1506/1506 1457/1457/1457
f 1457/1457/1457 1506/1506/1506 1458/1458/1458
f 1506/1506/1506 1507/1507/1507 1458/1458/1458
f 1458/1458/1458 1507/1507/1507 1459/1459/1459
f 1507/1507/1507 1508/1508/1508 1459/1459/1459
f 1459/1459/1459 1508/1508/1508 1460/1460/1460
f 1508/1508/1508 1509/1509/1509 1460/1460/1460
f 1460/1460/1460 1509/1509/1509 1461/1461/1461
f 1509/1509/1509 1510/1510/1510 1461/1461/1461
f 1461/1461/1461 1510/1510/1510 1462/1462/1462
f 1510/1510/1510 1511/1511/1511 1462/1462/1462
f 1462/1462/1462 1511/1511/1511 1463/1463/1463
f 1511/1511/1511 1512/1512/1512 1463/1463/1463
f 1463/1463/1463 1512/1512/1512 1464/1464/1464
f 1512/1512/1512 1513/1513/1513 1464/1464/1464
f 1464/1464/1464 1513/1513/1513 1465/1465/1465
f 1513/1513/1513 1514/1514/1514 1465/1465/1465
f 1465/1465/1465 1514/1514/1514 1466/1466/1466
f 1514/1514/1514 1515/1515/1515 1466/1466/1466
f 1466/1466/1466 1515/1515/1515 1467/1467/1467
f 1515/1515/1515 1516/1516/1516 1467/1467/1467
f 1467/1467/1467 1516/1516/1516 1468/1468/1468
f 1516/1516/1516 1517/1517/1517 1468/1468/1468
f 1468/1468/1468 1517/1517/1517 1469/1469/1469
f 1517/1517/1517 1518/1518/1518 1469/1469/1469
f 1469/1469/1469 1518/1518/1518 1470/1470/1470
f 1518/1518/1518 1519/1519/1519 1470/1470/1470
f 1471/1471/1471 1520/1520/1520 1472/1472/1472
f 1520/1520/1520 1521/1521/1521 1472/1472/1472
f 1472/1472/1472 1521/1521/1521 1473/1473/1473
f 1521/1521/1521 1522/1522/1522 1473/1473/1473
f 1473/1473/1473 1522/1522/1522 1474/1474/1474
f 1522/1522/1522 1523/1523/1523 1474/1474/1474
f 1474/1474/1474 1523/1523/1523 1475/1475/1475
f 1523/1523/1523 1524/1524/1524 1475/1475/1475
f 1475/1475/1475 1524/1524/1524 1476/1476/1476
f 1524/1524/1524 1525/1525/1525 1476/1476/1476
f 1476/1476/1476 1525/1525/1525 1477/1477/1477
f 1525/1525/1525 1526/1526/1526 1477/1477/1477
f 1477/1477/1477 1526/1526/1526 1478/1478/1478
f 1526/1526/1526 1527/1527/1527 1478/1478/1478
f 1478/1478/1478 1527/1527/1527 1479/1479/1479
f 1527/1527/1527 1528/1528/1528 1479/1479/1479
f 1479/1479/1479 1528/1528/1528 1480/1480/1480
f 1528/1528/1528 1529/1529/1529 1480/1480/1480
f 1480/1480/1480 1529/1529/1529 1481/1481/1481
f 1529/1529/1529 1530/1530/1530 1481/1481/1481
f 1481/1481/1481 1530/1530/1530 1482/1482/1482
f 1530/1530/1530 1531/1531/1531 1482/1482/1482
f 1482/1482/1482 1531/1531/1531 1483/1483/1483
f 1531/1531/1531 1532/1532/1532 1483/1483/1483
f 1483/1483/1483 1532/1532/1532 1484/1484/1484
f 1532/1532/1532 1533/1533/1533 1484/1484/1484
f 1484/1484/1484 1533/1533/1533 1485/1485/1485
f 1533/1533/1533 1534/1534/1534 1485/1485/1485
f 1485/1485/1485 1534/1534/1534 1486/1486/1486
f 1534/1534/1534 1535/1535/1535 1486/1486/1486
f 1486/1486/1486 1535/1535/1535 1487/1487/1487
f 1535/1535/1535 1536/1536/1536 1487/1487/1487
f 1487/1487/1487 1536/1536/1536 1488/1488/1488
f 1536/1536/1536 1537/1537/1537 1488/1488/1488
f 1488/1488/1488 1537/1537/1537 1489/1489/1489
f 1537/1537/1537 1538/1538/1538 1489/1489/1489
f 1489/1489/1489 1538/1538/1538 1490/1490/1490
f 1538/1538/1538 1539/1539/1539 1490/1490/1490
f 1490/1490/1490 1539/1539/1539 1491/1491/1491
f 1539/1539/1539 1540/1540/1540 1491/1491/1491
f 1491/1491/1491 1540/1540/1540 1492/1492/1492
f 1540/1540/1540 1541/1541/1541 1492/1492/1492
f 1492/1492/1492 1541/1541/1541 1493/1493/1493
f 1541/1541/1541 1542/1542/1542 1493/1493/1493
f 1493/1493/1493 1542/1542/1542 1494/1494/1494
f 1542/1542/1542 1543/1543/1543 1494/1494/1494
f 1494/1494/1494 1543/1543/1543 1495/1495/1495
f 1543/1543/1543 1544/1544/1544 1495/1495/1495
f 1495/1495/1495 1544/1544/1544 1496/1496/1496
f 1544/1544/1544 1545/1545/1545 1496/1496/1496
f 1496/1496/1496 1545/1545/1545 1497/1497/1497
f 1545/1545/1545 1546/1546/1546 1497/1497/1497
f 1497/1497/1497 1546/1546/1546 1498/1498/1498
f 1546/1546/1546 1547/1547/1547 1498/1498/1498
f 1498/1498/1498 1547/1547/1547 1499/1499/1499
f 1547/1547/1547 1548/1548/1548 1499/1499/1499
f 1499/1499/1499 1548/1548/1548 1500/1500/1500
f 1548/1548/1548 1549/1549/1549 1500/1500/1500
f 1500/1500/1500 1549/1549/1549 1501/1501/1501
f 1549/1549/1549 1550/1550/1550 1501/1501/1501
f 1501/1501/1501 1550/1550/1550 1502/1502/1502
f 1550/1550/1550 1551/1551/1551 1502/1502/1502
f 1502/1502/1502 1551/1551/1551 1503/1503/1503
f 1551/1551/1551 1552/1552/1552 1503/1503/1503
f 1503/1503/1503 1552/1552/1552 1504/1504/1504
f 1552/1552/1552 1553/1553/1553 1504/1504/1504
f 1504/1504/1504 1553/1553/1553 1505/1505/1505
f 1553/1553/1553 1554/1554/1554 1505/1505/1505
f 1505/1505/1505 1554/1554/1554 1506/1506/1506
f 1554/1554/1554 1555/1555/1555 1506/1506/1506
f 1506/1506/1506 1555/1555/1555 1507/1507/1507
f 1555/1555/1555 1556/1556/1556 1507/1507/1507
f 1507/1507/1507 1556/1556/1556 1508/1508/1508
f 1556/1556/1556 1557/1557/1557 1508/1508/1508
f 1508/1508/1508 1557/1557/1557 1509/1509/1509
f 1557/1557/1557 1558/1558/1558 1509/1509/1509
f 1509/1509/1509 1558/1558/1558 1510/1510/1510
f 1558/1558/1558 1559/1559/1559 1510/1510/1510
f 1510/1510/1510 1559/1559/1559 1511/1511/1511
f 1559/1559/1559 1560/1560/1560 1511/1511/1511
f 1511/1511/1511 1560/1560/1560 1512/1512/1512
f 1560/1560/1560 1561/1561/1561 1512/1512/1512
f 1512/1512/1512 1561/1561/1561 1513/1513/1513
f 1561/1561/1561 1562/1562/1562 1513/1513/1513
f 1513/1513/1513 1562/1562/1562 1514/1514/1514
f 1562/1562/1562 1563/1563/1563 1514/1514/1514
f 1514/1514/1514 1563/1563/1563 1515/1515/1515
f 1563/1563/1563 1564/1564/1564 1515/1515/1515
f 1515/1515/1515 1564/1564/1564 1516/1516/1516
f 1564/1564/1564 1565/1565/1565 1516/1516/1516
f 1516/1516/1516 1565/1565/1565 1517/1517/1517
f 1565/1565/1565 1566/1566/1566 1517/1517/1517
f 1517/1517/1517 1566/1566/1566 1518/1518/1518
f 1566/1566/1566 1567/1567/1567 1518/1518/1518
f 1518/1518/1518 1567/1567/1567 1519/1519/1519
f 1567/1567/1567 1568/1568/1568 1519/1519/1519
f 1520/1520/1520 1569/1569/1569 1521/1521/1521
f 1569/1569/1569 1570/1570/1570 1521/1521/1521
f 1521/1521/1521 1570/1570/1570 1522/1522/1522
f 1570/1570/1570 1571/1571/1571 1522/1522/1522
f 1522/1522/1522 1571/1571/1571 1523/1523/1523
f 1571/1571/1571 1572/1572/1572 1523/1523/1523
f 1523/1523/1523 1572/1572/1572 1524/1524/1524
f 1572/1572/1572 1573/1573/1573 1524/1524/1524
f 1524/1524/1524 1573/1573/1573 1525/1525/1525
f 1573/1573/1573 1574/1574/1574 1525/1525/1525
f 1525/1525/1525 1574/1574/1574 1526/1526/1526
f 1574/1574/1574 1575/1575/1575 1526/1526/1526
f 1526/1526/1526 1575/1575/1575 1527/1527/1527
f 1575/1575/1575 1576/1576/1576 1527/1527/1527
f 1527/1527/1527 1576/1576/1576 1528/1528/1528
f 1576/1576/1576 1577/1577/1577 1528/1528/1528
f 1528/1528/1528 1577/1577/1577 1529/1529/1529
f 1577/1577/1577 1578/1578/1578 1529/1529/1529
f 1529/1529/1529 1578/1578/1578 1530/1530/1530
f 1578/1578/1578 1579/1579/1579 1530/1530/1530
f 1530/1530/1530 1579/1579/1579 1531/1531/1531
f 1579/1579/1579 1580/1580/1580 1531/1531/1531
f 1531/1531/1531 1580/1580/1580 1532/1532/1532
f 1580/1580/1580 1581/1581/1581 1532/1532/1532
f 1532/1532/1532 1581/1581/1581 1533/1533/1533
f 1581/1581/1581 1582/1582/1582 1533/1533/1533
f 1533/1533/1533 1582/1582/1582 1534/1534/1534
f 1582/1582/1582 1583/1583/1583 1534/1534/1534
f 1534/1534/1534 1583/1583/1583 1535/1535/1535
f 1583/1583/1583 1584/1584/1584 1535/1535/1535
f 1535/1535/1535 1584/1584/1584 1536/1536/1536
f 1584/1584/1584 1585/1585/1585 1536/1536/1536
f 1536/1536/1536 1585/1585/1585 1537/1537/1537
f 1585/1585/1585 1586/1586/1586 1537/1537/1537
f 1537/1537/1537 1586/1586/1586 1538/1538/1538
f 1586/1586/1586 1587/1587/1587 1538/1538/1538
f 1538/1538/1538 1587/1587/1587 1539/1539/1539
f 1587/1587/1587 1588/1588/1588 1539/1539/1539
f 1539/1539/1539 1588/1588/1588 1540/1540/1540
f 1588/1588/1588 1589/1589/1589 1540/1540/1540
f 1540/1540/1540 1589/1589/1589 1541/1541/1541
f 1589/1589/1589 1590/1590/1590 1541/1541/1541
f 1541/1541/1541 1590/1590/1590 1542/1542/1542
f 1590/1590/1590 1591/1591/1591 1542/1542/1542
f 1542/1542/1542 1591/1591/1591 1543/1543/1543
f 1591/1591/1591 1592/1592/1592 1543/1543/1543
f 1543/1543/1543 1592/1592/1592 1544/1544/1544
f 1592/1592/1592 1593/1593/1593 1544/1544/1544
f 1544/1544/1544 1593/1593/1593 1545/1545/1545
f 1593/1593/1593 1594/1594/1594 1545/1545/1545
f 1545/1545/1545 1594/1594/1594 1546/1546/1546
f 1594/1594/1594 1595/1595/1595 1546/1546/1546
f 1546/1546/1546 1595/1595/1595 1547/1547/1547
f 1595/1595/1595 1596/1596/1596 1547/1547/1547
f 1547/1547/1547 1596/1596/1596 1548/1548/1548
f 1596/1596/1596 1597/1597/1597 1548/1548/1548
f 1548/1548/1548 1597/1597/1597 1549/1549/1549
f 1597/1597/1597 1598/1598/1598 1549/1549/1549
f 1549/1549/1549 1598/1598/1598 1550/1550/1550
f 1598/1598/1598 1599/1599/1599 1550/1550/1550
f 1550/1550/1550 1599/1599/1599 1551/1551/1551
f 1599/1599/1599 1600/1600/1600 1551/1551/1551
f 1551/1551/1551 1600/1600/1600 1552/1552/1552
f 1600/1600/1600 1601/1601/1601 1552/1552/1552
f 1552/1552/1552 1601/1601/1601 1553/1553/1553
f 1601/1601/1601 1602/1602/1602 1553/1553/1553
f 1553/1553/1553 1602/1602/1602 1554/1554/1554
f 1602/1602/1602 1603/1603/1603 1554/1554/1554
f 1554/1554/1554 1603/1603/1603 1555/1555/1555
f 1603/1603/1603 1604/1604/1604 1555/1555/1555
f 1555/1555/1555 1604/1604/1604 1556/1556/1556
f 1604/1604/1604 1605/1605/1605 1556/1556/1556
f 1556/1556/1556 1605/1605/1605 1557/1557/1557
f 1605/1605/1605 1606/1606/1606 1557/1557/1557
f 1557/1557/1557 1606/1606/1606 1558/1558/1558
f 1606/1606/1606 1607/1607/1607 1558/1558/1558
f 1558/1558/1558 1607/1607/1607 1559/1559/1559
f 1607/1607/1607 1608/1608/1608 1559/1559/1559
f 1559/1559/1559 1608/1608/1608 1560/1560/1560
f 1608/1608/1608 1609/1609/1609 1560/1560/1560
f 1560/1560/1560 1609/1609/1609 1561/1561/1561
f 1609/1609/1609 1610/1610/1610 1561/1561/1561
f 1561/1561/1561 1610/1610/1610 1562/1562/1562
f 1610/1610/1610 1611/1611/1611 1562/1562/1562
f 1562/1562/1562 1611/1611/1611 1563/1563/1563
f 1611/1611/1611 1612/1612/1612 1563/1563/1563
f 1563/1563/1563 1612/1612/1612 1564/1564/1564
f 1612/1612/1612 1613/1613/1613 1564/1564/1564
f 1564/1564/1564 1613/1613/1613 1565/1565/1565
f 1613/1613/1613 1614/1614/1614 1565/1565/1565
f 1565/1565/1565 1614/1614/1614 1566/1566/1566
f 1614/1614/1614 1615/1615/1615 1566/1566/1566
f 1566/1566/1566 1615/1615/1615 1567/1567/1567
f 1615/1615/1615 1616/1616/1616 1567/1567/1567
f 1567/1567/1567 1616/1616/1616 1568/1568/1568
f 1616/1616/1616 1617/1617/1617 1568/1568/1568
f 1569/1569/1569 1618/1618/1618 1570/1570/1570
f 1618/1618/1618 1619/1619/1619 1570/1570/1570
f 1570/1570/1570 1619/1619/1619 1571/1571/1571
f 1619/1619/1619 1620/1620/1620 1571/1571/1571
f 1571/1571/1571 1620/1620/1620 1572/1572/1572
f 1620/1620/1620 1621/1621/1621 1572/1572/1572
f 1572/1572/1572 1621/1621/1621 1573/1573/1573
f 1621/1621/1621 1622/1622/1622 1573/1573/1573
f 1573/1573/1573 1622/1622/1622 1574/1574/1574
f 1622/1622/1622 1623/1623/1623 1574/1574/1574
f 1574/1574/1574 1623/1623/1623 1575/1575/1575
f 1623/1623/1623 1624/1624/1624 1575/1575/1575
f 1575/1575/1575 1624/1624/1624 1576/1576/1576
f 1624/1624/1624 1625/1625/1625 1576/1576/1576
f 1576/1576/1576 1625/1625/1625 1577/1577/1577
f 1625/1625/1625 1626/1626/1626 1577/1577/1577
f 1577/1577/1577 1626/1626/1626 1578/1578/1578
f 1626/1626/1626 1627/1627/1627 1578/1578/1578
f 1578/1578/1578 1627/1627/1627 1579/1579/1579
f 1627/1627/1627 1628/1628/1628 1579/1579/1579
f 1579/1579/1579 1628/1628/1628 1580/1580/1580
f 1628/1628/1628 1629/1629/1629 1580/1580/1580
f 1580/1580/1580 1629/1629/1629 1581/1581/1581
f 1629/1629/1629 1630/1630/1630 1581/1581/1581
f 1581/1581/1581 1630/1630/1630 1582/1582/1582
f 1630/1630/1630 1631/1631/1631 1582/1582/1582
f 1582/1582/1582 1631/1631/1631 1583/1583/1583
f 1631/1631/1631 1632/1632/1632 1583/1583/1583
f 1583/1583/1583 1632/1632/1632 1584/1584/1584
f 1632/1632/1632 1633/1633/1633 1584/1584/1584
f 1584/1584/1584 1633/1633/1633 1585/1585/1585
f 1633/1633/1633 1634/1634/1634 1585/1585/1585
f 1585/1585/1585 1634/1634/1634 1586/1586/1586
f 1634/1634/1634 1635/1635/1635 1586/1586/1586
f 1586/1586/1586 1635/1635/1635 1587/1587/1587
f 1635/1635/1635 1636/1636/1636 1587/1587/1587
f 1587/1587/1587 1636/1636/1636 1588/1588/1588
f 1636/1636/1636 1637/1637/1637 1588/1588/1588
f 1588/1588/1588 1637/1637/1637 1589/1589/1589
f 1637/1637/1637 1638/1638/1638 1589/1589/1589
f 1589/1589/1589 1638/1638/1638 1590/1590/1590
f 1638/1638/1638 1639/1639/1639 1590/1590/1590
f 1590/1590/1590 1639/1639/1639 1591/1591/1591
f 1639/1639/1639 1640/1640/1640 1591/1591/1591
f 1591/1591/1591 1640/1640/1640 1592/1592/1592
f 1640/1640/1640 1641/1641/1641 1592/1592/1592
f 1592/1592/1592 1641/1641/1641 1593/1593/1593
f 1641/1641/1641 1642/1642/1642 1593/1593/1593
f 1593/1593/1593 1642/1642/1642 1594/1594/1594
f 1642/1642/1642 1643/1643/1643 1594/1594/1594
f 1594/1594/1594 1643/1643/1643 1595/1595/1595
f 1643/1643/1643 1644/1644/1644 1595/1595/1595
f 1595/1595/1595 1644/1644/1644 1596/1596/1596
f 1644/1644/1644 1645/1645/1645 1596/1596/1596
f 1596/1596/1596 1645/1645/1645 1597/1597/1597
f 1645/1645/1645 1646/1646/1646 1597/1597/1597
f 1597/1597/1597 1646/1646/1646 1598/1598/1598
f 1646/1646/1646 1647/1647/1647 1598/1598/1598
f 1598/1598/1598 1647/1647/1647 1599/1599/1599
f 1647/1647/1647 1648/1648/1648 1599/1599/1599
f 1599/1599/1599 1648/1648/1648 1600/1600/1600
f 1648/1648/1648 1649/1649/1649 1600/1600/1600
f 1600/1600/1600 1649/1649/1649 1601/1601/1601
f 1649/1649/1649 1650/1650/1650 1601/1601/1601
f 1601/1601/1601 1650/1650/1650 1602/1602/1602
f 1650/1650/1650 1651/1651/1651 1602/1602/1602
f 1602/1602/1602 1651/1651/1651 1603/1603/1603
f 1651/1651/1651 1652/1652/1652 1603/1603/1603
f 1603/1603/1603 1652/1652/1652 1604/1604/1604
f 1652/1652/1652 1653/1653/1653 1604/1604/1604
f 1604/1604/1604 1653/1653/1653 1605/1605/1605
f 1653/1653/1653 1654/1654/1654 1605/1605/1605
f 1605/1605/1605 1654/1654/1654 1606/1606/1606
f 1654/1654/1654 1655/1655/1655 1606/1606/1606
f 1606/1606/1606 1655/1655/1655 1607/1607/1607
f 1655/1655/1655 1656/1656/1656 1607/1607/1607
f 1607/1607/1607 1656/1656/1656 1608/1608/1608
f 1656/1656/1656 1657/1657/1657 1608/1608/1608
f 1608/1608/1608 1657/1657/1657 1609/1609/1609
f 1657/1657/1657 1658/1658/1658 1609/1609/1609
f 1609/1609/1609 1658/1658/1658 1610/1610/1610
f 1658/1658/1658 1659/1659/1659 1610/1610/1610
f 1610/1610/1610 1659/1659/1659 1611/1611/1611
f 1659/1659/1659 1660/1660/1660 1611/1611/1611
f 1611/1611/1611 1660/1660/1660 1612/1612/1612
f 1660/1660/1660 1661/1661/1661 1612/1612/1612
f 1612/1612/1612 1661/1661/1661 1613/1613/1613
f 1661/1661/1661 1662/1662/1662 1613/1613/1613
f 1613/1613/1613 1662/1662/1662 1614/1614/1614
f 1662/1662/1662 1663/1663/1663 1614/1614/1614
f 1614/1614/1614 1663/1663/1663 1615/1615/1615
f 1663/1663/1663 1664/1664/1664 1615/1615/1615
f 1615/1615/1615 1664/1664/1664 1616/1616/1616
f 1664/1664/1664 1665/1665/1665 1616/1616/1616
f 1616/1616/1616 1665/1665/1665 1617/1617/1617
f 1665/1665/1665 1666/1666/1666 1617/1617/1617
f 1618/1618/1618 1667/1667/1667 1619/1619/1619
f 1667/1667/1667 1668/1668/1668 1619/1619/1619
f 1619/1619/1619 1668/1668/1668 1620/1620/1620
f 1668/1668/1668 1669/1669/1669 1620/1620/1620
f 1620/1620/1620 1669/1669/1669 1621/1621/1621
f 1669/1669/1669 1670/1670/1670 1621/1621/1621
f 1621/1621/1621 1670/1670/1670 1622/1622/1622
f 1670/1670/1670 1671/1671/1671 1622/1622/1622
f 1622/1622/1622 1671/1671/1671 1623/1623/1623
f 1671/1671/1671 1672/1672/1672 1623/1623/1623
f 1623/1623/1623 1672/1672/1672 1624/1624/1624
f 1672/1672/1672 1673/1673/1673 1624/1624/1624
f 1624/1624/1624 1673/1673/1673 1625/1625/1625
f 1673/1673/1673 1674/1674/1674 1625/1625/1625
f 1625/1625/1625 1674/1674/1674 1626/1626/1626
f 1674/1674/1674 1675/1675/1675 1626/1626/1626
f 1626/1626/1626 1675/1675/1675 1627/1627/1627
f 1675/1675/1675 1676/1676/1676 1627/1627/1627
f 1627/1627/1627 1676/1676/1676 1628/1628/1628
f 1676/1676/1676 1677/1677/1677 1628/1628/1628
f 1628/1628/1628 1677/1677/1677 1629/1629/1629
f 1677/1677/1677 1678/1678/1678 1629/1629/1629
f 1629/1629/1629 1678/1678/1678 1630/1630/1630
f 1678/1678/1678 1679/1679/1679 1630/1630/1630
f 1630/1630/1630 1679/1679/1679 1631/1631/1631
f 1679/1679/1679 1680/1680/1680 1631/1631/1631
f 1631/1631/1631 1680/1680/1680 1632/1632/1632
f 1680/1680/1680 1681/1681/1681 1632/1632/1632
f 1632/1632/1632 1681/1681/1681 1633/1633/1633
f 1681/1681/1681 1682/1682/1682 1633/1633/1633
f 1633/1633/1633 1682/1682/1682 1634/1634/1634
f 1682/1682/1682 1683/1683/1683 1634/1634/1634
f 1634/1634/1634 1683/1683/1683 1635/1635/1635
f 1683/1683/1683 1684/1684/1684 1635/1635/1635
f 1635/1635/1635 1684/1684/1684 1636/1636/1636
f 1684/1684/1684 1685/1685/1685 1636/1636/1636
f 1636/1636/1636 1685/1685/1685 1637/1637/1637
f 1685/1685/1685 1686/1686/1686 1637/1637/1637
f 1637/1637/1637 1686/1686/1686 1638/1638/1638
f 1686/1686/1686 1687/1687/1687 1638/1638/1638
f 1638/1638/1638 1687/1687/1687 1639/1639/1639
f 1687/1687/1687 1688/1688/1688 1639/1639/1639
f 1639/1639/1639 1688/1688/1688 1640/1640/1640
f 1688/1688/1688 1689/1689/1689 1640/1640/1640
f 1640/1640/1640 1689/1689/1689 1641/1641/1641
f 1689/1689/1689 1690/1690/1690 1641/1641/1641
f 1641/1641/1641 1690/1690/1690 1642/1642/1642
f 1690/1690/1690 1691/1691/1691 1642/1642/1642
f 1642/1642/1642 1691/1691/1691 1643/1643/1643
f 1691/1691/1691 1692/1692/1692 1643/1643/1643
f 1643/1643/1643 1692/1692/1692 1644/1644/1644
f 1692/1692/1692 1693/1693/1693 1644/1644/1644
f 1644/1644/1644 1693/1693/1693 1645/1645/1645
f 1693/1693/1693 1694/1694/1694 1645/1645/1645
f 1645/1645/1645 1694/1694/1694 1646/1646/1646
f 1694/1694/1694 1695/1695/1695 1646/1646/1646
f 1646/1646/1646 1695/1695/1695 1647/1647/1647
f 1695/1695/1695 1696/1696/1696 1647/1647/1647
f 1647/1647/1647 1696/1696/1696 1648/1648/1648
f 1696/1696/1696 1697/1697/1697 1648/1648/1648
f 1648/1648/1648 1697/1697/1697 1649/1649/1649
f 1697/1697/1697 1698/1698/1698 1649/1649/1649
f 1649/1649/1649 1698/1698/1698 1650/1650/1650
f 1698/1698/1698 1699/1699/1699 1650/1650/1650
f 1650/1650/1650 1699/1699/1699 1651/1651/1651
f 1699/1699/1699 1700/1700/1700 1651/1651/1651
f 1651/1651/1651 1700/1700/1700 1652/1652/1652
f 1700/1700/1700 1701/1701/1701 1652/1652/1652
f 1652/1652/1652 1701/1701/1701 1653/1653/1653
f 1701/1701/1701 1702/1702/1702 1653/1653/1653
f 1653/1653/1653 1702/1702/1702 1654/1654/1654
f 1702/1702/1702 1703/1703/1703 1654/1654/1654
f 1654/1654/1654 1703/1703/1703 1655/1655/1655
f 1703/1703/1703 1704/1704/1704 1655/1655/1655
f 1655/1655/1655 1704/1704/1704 1656/1656/1656
f 1704/1704/1704 1705/1705/1705 1656/1656/1656
f 1656/1656/1656 1705/1705/1705 1657/1657/1657
f 1705/1705/1705 1706/1706/1706 1657/1657/1657
f 1657/1657/1657 1706/1706/1706 1658/1658/1658
f 1706/1706/1706 1707/1707/1707 1658/1658/1658
f 1658/1658/1658 1707/1707/1707 1659/1659/1659
f 1707/1707/1707 1708/1708/1708 1659/1659/1659
f 1659/1659/1659 1708/1708/1708 1660/1660/1660
f 1708/1708/1708 1709/1709/1709 1660/1660/1660
f 1660/1660/1660 1709/1709/1709 1661/1661/1661
f 1709/1709/1709 1710/1710/1710 1661/1661/1661
f 1661/1661/1661 1710/1710/1710 1662/1662/1662
f 1710/1710/1710 1711/1711/1711 1662/1662/1662
f 1662/1662/1662 1711/1711/1711 1663/1663/1663
f 1711/1711/1711 1712/1712/1712 1663/1663/1663
f 1663/1663/1663 1712/1712/1712 1664/1664/1664
f 1712/1712/1712 1713/1713/1713 1664/1664/1664
f 1664/1664/1664 1713/1713/1713 1665/1665/1665
f 1713/1713/1713 1714/1714/1714 1665/1665/1665
f 1665/1665/1665 1714/1714/1714 1666/1666/1666
f 1714/1714/1714 1715/1715/1715 1666/1666/1666
f 1667/1667/1667 1716/1716/1716 1668/1668/1668
f 1716/1716/1716 1717/1717/1717 1668/1668/1668
f 1668/1668/1668 1717/1717/1717 1669/1669/1669
f 1717/1717/1717 1718/1718/1718 1669/1669/1669
f 1669/1669/1669 1718/1718/1718 1670/1670/1670
f 1718/1718/1718 1719/1719/1719 1670/1670/1670
f 1670/1670/1670 1719/1719/1719 1671/1671/1671
f 1719/1719/1719 1720/1720/1720 1671/1671/1671
f 1671/1671/1671 1720/1720/1720 1672/1672/1672
f 1720/1720/1720 1721/1721/1721 1672/1672/1672
f 1672/1672/1672 1721/1721/1721 1673/1673/1673
f 1721/1721/1721 1722/1722/1722 1673/1673/1673
f 1673/1673/1673 1722/1722/1722 1674/1674/1674
f 1722/1722/1722 1723/1723/1723 1674/1674/1674
f 1674/1674/1674 1723/1723/1723 1675/1675/1675
f 1723/1723/1723 1724/1724/1724 1675/1675/1675
f 1675/1675/1675 1724/1724/1724 1676/1676/1676
f 1724/1724/1724 1725/1725/1725 1676/1676/1676
f 1676/1676/1676 1725/1725/1725 1677/1677/1677
f 1725/1725/1725 1726/1726/1726 1677/1677/1677
f 1677/1677/1677 1726/1726/1726 1678/1678/1678
f 1726/1726/1726 1727/1727/1727 1678/1678/1678
f 1678/1678/1678 1727/1727/1727 1679/1679/1679
f 1727/1727/1727 1728/1728/1728 1679/1679/1679
f 1679/1679/1679 1728/1728/1728 1680/1680/1680
f 1728/1728/1728 1729/1729/1729 1680/1680/1680
f 1680/1680/1680 1729/1729/1729 1681/1681/1681
f 1729/1729/1729 1730/1730/1730 1681/1681/1681
f 1681/1681/1681 1730/1730/1730 1682/1682/1682
f 1730/1730/1730 1731/1731/1731 1682/1682/1682
f 1682/1682/1682 1731/1731/1731 1683/1683/1683
f 1731/1731/1731 1732/1732/1732 1683/1683/1683
f 1683/1683/1683 1732/1732/1732 1684/1684/1684
f 1732/1732/1732 1733/1733/1733 1684/1684/1684
f 1684/1684/1684 1733/1733/1733 1685/1685/1685
f 1733/1733/1733 1734/1734/1734 1685/1685/1685
f 1685/1685/1685 1734/1734/1734 1686/1686/1686
f 1734/1734/1734 1735/1735/1735 1686/1686/1686
f 1686/1686/1686 1735/1735/1735 1687/1687/1687
f 1735/1735/1735 1736/1736/1736 1687/1687/1687
f 1687/1687/1687 1736/1736/1736 1688/1688/1688
f 1736/1736/1736 1737/1737/1737 1688/1688/1688
f 1688/1688/1688 1737/1737/1737 1689/1689/1689
f 1737/1737/1737 1738/1738/1738 1689/1689/1689
f 1689/1689/1689 1738/1738/1738 1690/1690/1690
f 1738/1738/1738 1739/1739/1739 1690/1690/1690
f 1690/1690/1690 1739/1739/1739 1691/1691/1691
f 1739/1739/1739 1740/1740/1740 1691/1691/1691
f 1691/1691/1691 1740/1740/1740 1692/1692/1692
f 1740/1740/1740 1741/1741/1741 1692/1692/1692
f 1692/1692/1692 1741/1741/1741 1693/1693/1693
f 1741/1741/1741 1742/1742/1742 1693/1693/1693
f 1693/1693/1693 1742/1742/1742 1694/1694/1694
f 1742/1742/1742 1743/1743/1743 1694/1694/1694
f 1694/1694/1694 1743/1743/1743 1695/1695/1695
f 1743/1743/1743 1744/1744/1744 1695/1695/1695
f 1695/1695/1695 1744/1744/1744 1696/1696/1696
f 1744/1744/1744 1745/1745/1745 1696/1696/1696
f 1696/1696/1696 1745/1745/1745 1697/1697/1697
f 1745/1745/1745 1746/1746/1746 1697/1697/1697
f 1697/1697/1697 1746/1746/1746 1698/1698/1698
f 1746/1746/1746 1747/1747/1747 1698/1698/1698
f 1698/1698/1698 1747/1747/1747 1699/1699/1699
f 1747/1747/1747 1748/1748/1748 1699/1699/1699
f 1699/1699/1699 1748/1748/1748 1700/1700/1700
f 1748/1748/1748 1749/1749/1749 1700/1700/1700
f 1700/1700/1700 1749/1749/1749 1701/1701/1701
f 1749/1749/1749 1750/1750/1750 1701/1701/1701
f 1701/1701/1701 1750/1750/1750 1702/1702/1702
f 1750/1750/1750 1751/1751/1751 1702/1702/1702
f 1702/1702/1702 1751/1751/1751 1703/1703/1703
f 1751/1751/1751 1752/1752/1752 1703/1703/1703
f 1703/1703/1703 1752/1752/1752 1704/1704/1704
f 1752/1752/1752 1753/1753/1753 1704/1704/1704
f 1704/1704/1704 1753/1753/1753 1705/1705/1705
f 1753/1753/1753 1754/1754/1754 1705/1705/1705
f 1705/1705/1705 1754/1754/1754 1706/1706/1706
f 1754/1754/1754 1755/1755/1755 1706/1706/1706
f 1706/1706/1706 1755/1755/1755 1707/1707/1707
f 1755/1755/1755 1756/1756/1756 1707/1707/1707
f 1707/1707/1707 1756/1756/1756 1708/1708/1708
f 1756/1756/1756 1757/1757/1757 1708/1708/1708
f 1708/1708/1708 1757/1757/1757 1709/1709/1709
f 1757/1757/1757 1758/1758/1758 1709/1709/1709
f 1709/1709/1709 1758/1758/1758 1710/1710/1710
f 1758/1758/1758 1759/1759/1759 1710/1710/1710
f 1710/1710/1710 1759/1759/1759 1711/1711/1711
f 1759/1759/1759 1760/1760/1760 1711/1711/1711
f 1711/1711/1711 1760/1760/1760 1712/1712/1712
f 1760/1760/1760 1761/1761/1761 1712/1712/1712
f 1712/1712/1712 1761/1761/1761 1713/1713/1713
f 1761/1761/1761 1762/1762/1762 1713/1713/1713
f 1713/1713/1713 1762/1762/1762 1714/1714/1714
f 1762/1762/1762 1763/1763/1763 1714/1714/1714
f 1714/1714/1714 1763/1763/1763 1715/1715/1715
f 1763/1763/1763 1764/1764/1764 1715/1715/1715
f 1716/1716/1716 1765/1765/1765 1717/1717/1717
f 1765/1765/1765 1766/1766/1766 1717/1717/1717
f 1717/1717/1717 1766/1766/1766 1718/1718/1718
f 1766/1766/1766 1767/1767/1767 1718/1718/1718
f 1718/1718/1718 1767/1767/1767 1719/1719/1719
f 1767/1767/1767 1768/1768/1768 1719/1719/1719
f 1719/1719/1719 1768/1768/1768 1720/1720/1720
f 1768/1768/1768 1769/1769/1769 1720/1720/1720
f 1720/1720/1720 1769/1769/1769 1721/1721/1721
f 1769/1769/1769 1770/1770/1770 1721/1721/1721
f 1721/1721/1721 1770/1770/1770 1722/1722/1722
f 1770/1770/1770 1771/1771/1771 1722/1722/1722
f 1722/1722/1722 1771/1771/1771 1723/1723/1723
f 1771/1771/1771 1772/1772/1772 1723/1723/1723
f 1723/1723/1723 1772/1772/1772 1724/1724/1724
f 1772/1772/1772 1773/1773/1773 1724/1724/1724
f 1724/1724/1724 1773/1773/1773 1725/1725/1725
f 1773/1773/1773 1774/1774/1774 1725/1725/1725
f 1725/1725/1725 1774/1774/1774 1726/1726/1726
f 1774/1774/1774 1775/1775/1775 1726/1726/1726
f 1726/1726/1726 1775/1775/1775 1727/1727/1727
f 1775/1775/1775 1776/1776/1776 1727/1727/1727
f 1727/1727/1727 1776/1776/1776 1728/1728/1728
f 1776/1776/1776 1777/1777/1777 1728/1728/1728
f 1728/1728/1728 1777/1777/1777 1729/1729/1729
f 1777/1777/1777 1778/1778/1778 1729/1729/1729
f 1729/1729/1729 1778/1778/1778 1730/1730/1730
f 1778/1778/1778 1779/1779/1779 1730/1730/1730
f 1730/1730/1730 1779/1779/1779 1731/1731/1731
f 1779/1779/1779 1780/1780/1780 1731/1731/1731
f 1731/1731/1731 1780/1780/1780 1732/1732/1732
f 1780/1780/1780 1781/1781/1781 1732/1732/1732
f 1732/1732/1732 1781/1781/1781 1733/1733/1733
f 1781/1781/1781 1782/1782/1782 1733/1733/1733
f 1733/1733/1733 1782/1782/1782 1734/1734/1734
f 1782/1782/1782 1783/1783/1783 1734/1734/1734
f 1734/1734/1734 1783/1783/1783 1735/1735/1735
f 1783/1783/1783 1784/1784/1784 1735/1735/1735
f 1735/1735/1735 1784/1784/1784 1736/1736/1736
f 1784/1784/1784 1785/1785/1785 1736/1736/1736
f 1736/1736/1736 1785/1785/1785 1737/1737/1737
f 1785/1785/1785 1786/1786/1786 1737/1737/1737
f 1737/1737/1737 1786/1786/1786 1738/1738/1738
f 1786/1786/1786 1787/1787/1787 1738/1738/1738
f 1738/1738/1738 1787/1787/1787 1739/1739/1739
f 1787/1787/1787 1788/1788/1788 1739/1739/1739
f 1739/1739/1739 1788/1788/1788 1740/1740/1740
f 1788/1788/1788 1789/1789/1789 1740/1740/1740
f 1740/1740/1740 1789/1789/1789 1741/1741/1741
f 1789/1789/1789 1790/1790/1790 1741/1741/1741
f 1741/1741/1741 1790/1790/1790 1742/1742/1742
f 1790/1790/1790 1791/1791/1791 1742/1742/1742
f 1742/1742/1742 1791/1791/1791 1743/1743/1743
f 1791/1791/1791 1792/1792/1792 1743/1743/1743
f 1743/1743/1743 1792/1792/1792 1744/1744/1744
f 1792/1792/1792 1793/1793/1793 1744/1744/1744
f 1744/1744/1744 1793/1793/1793 1745/1745/1745
f 1793/1793/1793 1794/1794/1794 1745/1745/1745
f 1745/1745/1745 1794/1794/1794 1746/1746/1746
f 1794/1794/1794 1795/1795/1795 1746/1746/1746
f 1746/1746/1746 1795/1795/1795 1747/1747/1747
f 1795/1795/1795 1796/1796/1796 1747/1747/1747
f 1747/1747/1747 1796/1796/1796 1748/1748/1748
f 1796/1796/1796 1797/1797/1797 1748/1748/1748
f 1748/1748/1748 1797/1797/1797 1749/1749/1749
f 1797/1797/1797 1798/1798/1798 1749/1749/1749
f 1749/1749/1749 1798/1798/1798 1750/1750/1750
f 1798/1798/1798 1799/1799/1799 1750/1750/1750
f 1750/1750/1750 1799/1799/1799 1751/1751/1751
f 1799/1799/1799 1800/1800/1800 1751/1751/1751
f 1751/1751/1751 1800/1800/1800 1752/1752/1752
f 1800/1800/1800 1801/1801/1801 1752/1752/1752
f 1752/1752/1752 1801/1801/1801 1753/1753/1753
f 1801/1801/1801 1802/1802/1802 1753/1753/1753
f 1753/1753/1753 1802/1802/1802 1754/1754/1754
f 1802/1802/1802 1803/1803/1803 1754/1754/1754
f 1754/1754/1754 1803/1803/1803 1755/1755/1755
f 1803/1803/1803 1804/1804/1804 1755/1755/1755
f 1755/1755/1755 1804/1804/1804 1756/1756/1756
f 1804/1804/1804 1805/1805/1805 1756/1756/1756
f 1756/1756/1756 1805/1805/1805 1757/1757/1757
f 1805/1805/1805 1806/1806/1806 1757/1757/1757
f 1757/1757/1757 1806/1806/1806 1758/1758/1758
f 1806/1806/1806 1807/1807/1807 1758/1758/1758
f 1758/1758/1758 1807/1807/1807 1759/1759/1759
f 1807/1807/1807 1808/1808/1808 1759/1759/1759
f 1759/1759/1759 1808/1808/1808 1760/1760/1760
f 1808/1808/1808 1809/1809/1809 1760/1760/1760
f 1760/1760/1760 1809/1809/1809 1761/1761/1761
f 1809/1809/1809 1810/1810/1810 1761/1761/1761
f 1761/1761/1761 1810/1810/1810 1762/1762/1762
f 1810/1810/1810 1811/1811/1811 1762/1762/1762
f 1762/1762/1762 1811/1811/1811 1763/1763/1763
f 1811/1811/1811 1812/1812/1812 1763/1763/1763
f 1763/1763/1763 1812/1812/1812 1764/1764/1764
f 1812/1812/1812 1813/1813/1813 1764/1764/1764
f 1765/1765/1765 1814/1814/1814 1766/1766/1766
f 1814/1814/1814 1815/1815/1815 1766/1766/1766
f 1766/1766/1766 1815/1815/1815 1767/1767/1767
f 1815/1815/1815 1816/1816/1816 1767/1767/1767
f 1767/1767/1767 1816/1816/1816 1768/1768/1768
f 1816/1816/1816 1817/1817/1817 1768/1768/1768
f 1768/1768/1768 1817/1817/1817 1769/1769/1769
f 1817/1817/1817 1818/1818/1818 1769/1769/1769
f 1769/1769/1769 1818/1818/1818 1770/1770/1770
f 1818/1818/1818 1819/1819/1819 1770/1770/1770
f 1770/1770/1770 1819/1819/1819 1771/1771/1771
f 1819/1819/1819 1820/1820/1820 1771/1771/1771
f 1771/1771/1771 1820/1820/1820 1772/1772/1772
f 1820/1820/1820 1821/1821/1821 1772/1772/1772
f 1772/1772/1772 1821/1821/1821 1773/1773/1773
f 1821/1821/1821 1822/1822/1822 1773/1773/1773
f 1773/1773/1773 1822/1822/1822 1774/1774/1774
f 1822/1822/1822 1823/1823/1823 1774/1774/1774
f 1774/1774/1774 1823/1823/1823 1775/1775/1775
f 1823/1823/1823 1824/1824/1824 1775/1775/1775
f 1775/1775/1775 1824/1824/1824 1776/1776/1776
f 1824/1824/1824 1825/1825/1825 1776/1776/1776
f 1776/1776/1776 1825/1825/1825 1777/1777/1777
f 1825/1825/1825 1826/1826/1826 1777/1777/1777
f 1777/1777/1777 1826/1826/1826 1778/1778/1778
f 1826/1826/1826 1827/1827/1827 1778/1778/1778
f 1778/1778/1778 1827/1827/1827 1779/1779/1779
f 1827/1827/1827 1828/1828/1828 1779/1779/1779
f 1779/1779/1779 1828/1828/1828 1780/1780/1780
f 1828/1828/1828 1829/1829/1829 1780/1780/1780
f 1780/1780/1780 1829/1829/1829 1781/1781/1781
f 1829/1829/1829 1830/1830/1830 1781/1781/1781
f 1781/1781/1781 1830/1830/1830 1782/1782/1782
f 1830/1830/1830 1831/1831/1831 1782/1782/1782
f 1782/1782/1782 1831/1831/1831 1783/1783/1783
f 1831/1831/1831 1832/1832/1832 1783/1783/1783
f 1783/1783/1783 1832/1832/1832 1784/1784/1784
f 1832/1832/1832 1833/1833/1833 1784/1784/1784
f 1784/1784/1784 1833/1833/1833 1785/1785/1785
f 1833/1833/1833 1834/1834/1834 1785/1785/1785
f 1785/1785/1785 1834/1834/1834 1786/1786/1786
f 1834/1834/1834 1835/1835/1835 1786/1786/1786
f 1786/1786/1786 1835/1835/1835 1787/1787/1787
f 1835/1835/1835 1836/1836/1836 1787/1787/1787
f 1787/1787/1787 1836/1836/1836 1788/1788/1788
f 1836/1836/1836 1837/1837/1837 1788/1788/1788
f 1788/1788/1788 1837/1837/1837 1789/1789/1789
f 1837/1837/1837 1838/1838/1838 1789/1789/1789
f 1789/1789/1789 1838/1838/1838 1790/1790/1790
f 1838/1838/1838 1839/1839/1839 1790/1790/1790
f 1790/1790/1790 1839/1839/1839 1791/1791/1791
f 1839/1839/1839 1840/1840/1840 1791/1791/1791
f 1791/1791/1791 1840/1840/1840 1792/1792/1792
f 1840/1840/1840 1841/1841/1841 1792/1792/1792
f 1792/1792/1792 1841/1841/1841 1793/1793/1793
f 1841/1841/1841 1842/1842/1842 1793/1793/1793
f 1793/1793/1793 1842/1842/1842 1794/1794/1794
f 1842/1842/1842 1843/1843/1843 1794/1794/1794
f 1794/1794/1794 1843/1843/1843 1795/1795/1795
f 1843/1843/1843 1844/1844/1844 1795/1795/1795
f 1795/1795/1795 1844/1844/1844 1796/1796/1796
f 1844/1844/1844 1845/1845/1845 1796/1796/1796
f 1796/1796/1796 1845/1845/1845 1797/1797/1797
f 1845/1845/1845 1846/1846/1846 1797/1797/1797
f 1797/1797/1797 1846/1846/1846 1798/1798/1798
f 1846/1846/1846 1847/1847/1847 1798/1798/1798
f 1798/1798/1798 1847/1847/1847 1799/1799/1799
f 1847/1847/1847 1848/1848/1848 1799/1799/1799
f 1799/1799/1799 1848/1848/1848 1800/1800/1800
f 1848/1848/1848 1849/1849/1849 1800/1800/1800
f 1800/1800/1800 1849/1849/1849 1801/1801/1801
f 1849/1849/1849 1850/1850/1850 1801/1801/1801
f 1801/1801/1801 1850/1850/1850 1802/1802/1802
f 1850/1850/1850 1851/1851/1851 1802/1802/1802
f 1802/1802/1802 1851/1851/1851 1803/1803/1803
f 1851/1851/1851 1852/1852/1852 1803/1803/1803
f 1803/1803/1803 1852/1852/1852 1804/1804/1804
f 1852/1852/1852 1853/1853/1853 1804/1804/1804
f 1804/1804/1804 1853/1853/1853 1805/1805/1805
f 1853/1853/1853 1854/1854/1854 1805/1805/1805
f 1805/1805/1805 1854/1854/1854 1806/1806/1806
f 1854/1854/1854 1855/1855/1855 1806/1806/1806
f 1806/1806/1806 1855/1855/1855 1807/1807/1807
f 1855/1855/1855 1856/1856/1856 1807/1807/1807
f 1807/1807/1807 1856/1856/1856 1808/1808/1808
f 1856/1856/1856 1857/1857/1857 1808/1808/1808
f 1808/1808/1808 1857/1857/1857 1809/1809/1809
f 1857/1857/1857 1858/1858/1858 1809/1809/1809
f 1809/1809/1809 1858/1858/1858 1810/1810/1810
f 1858/1858/1858 1859/1859/1859 1810/1810/1810
f 1810/1810/1810 1859/1859/1859 1811/1811/1811
f 1859/1859/1859 1860/1860/1860 1811/1811/1811
f 1811/1811/1811 1860/1860/1860 1812/1812/1812
f 1860/1860/1860 1861/1861/1861 1812/1812/1812
f 1812/1812/1812 1861/1861/1861 1813/1813/1813
f 1861/1861/1861 1862/1862/1862 1813/1813/1813
f 1814/1814/1814 1863/1863/1863 1815/1815/1815
f 1863/1863/1863 1864/1864/1864 1815/1815/1815
f 1815/1815/1815 1864/1864/1864 1816/1816/1816
f 1864/1864/1864 1865/1865/1865 1816/1816/1816
f 1816/1816/1816 1865/1865/1865 1817/1817/1817
f 1865/1865/1865 1866/1866/1866 1817/1817/1817
f 1817/1817/1817 1866/1866/1866 1818/1818/1818
f 1866/1866/1866 1867/1867/1867 1818/1818/1818
f 1818/1818/1818 1867/1867/1867 1819/1819/1819
f 1867/1867/1867 1868/1868/1868 1819/1819/1819
f 1819/1819/1819 1868/1868/1868 1820/1820/1820
f 1868/1868/1868 1869/1869/1869 1820/1820/1820
f 1820/1820/1820 1869/1869/1869 1821/1821/1821
f 1869/1869/1869 1870/1870/1870 1821/1821/1821
f 1821/1821/1821 1870/1870/1870 1822/1822/1822
f 1870/1870/1870 1871/1871/1871 1822/1822/1822
f 1822/1822/1822 1871/1871/1871 1823/1823/1823
f 1871/1871/1871 1872/1872/1872 1823/1823/1823
f 1823/1823/1823 1872/1872/1872 1824/1824/1824
f 1872/1872/1872 1873/1873/1873 1824/1824/1824
f 1824/1824/1824 1873/1873/1873 1825/1825/1825
f 1873/1873/1873 1874/1874/1874 1825/1825/1825
f 1825/1825/1825 1874/1874/1874 1826/1826/1826
f 1874/1874/1874 1875/1875/1875 1826/1826/1826
f 1826/1826/1826 1875/1875/1875 1827/1827/1827
f 1875/1875/1875 1876/1876/1876 1827/1827/1827
f 1827/1827/1827 1876/1876/1876 1828/1828/1828
f 1876/1876/1876 1877/1877/1877 1828/1828/1828
f 1828/1828/1828 1877/1877/1877 1829/1829/1829
f 1877/1877/1877 1878/1878/1878 1829/1829/1829
f 1829/1829/1829 1878/1878/1878 1830/1830/1830
f 1878/1878/1878 1879/1879/1879 1830/1830/1830
f 1830/1830/1830 1879/1879/1879 1831/1831/1831
f 1879/1879/1879 1880/1880/1880 1831/1831/1831
f 1831/1831/1831 1880/1880/1880 1832/1832/1832
f 1880/1880/1880 1881/1881/1881 1832/1832/1832
f 1832/1832/1832 1881/1881/1881 1833/1833/1833
f 1881/1881/1881 1882/1882/1882 1833/1833/1833
f 1833/1833/1833 1882/1882/1882 1834/1834/1834
f 1882/1882/1882 1883/1883/1883 1834/1834/1834
f 1834/1834/1834 1883/1883/1883 1835/1835/1835
f 1883/1883/1883 1884/1884/1884 1835/1835/1835
f 1835/1835/1835 1884/1884/1884 1836/1836/1836
f 1884/1884/1884 1885/1885/1885 1836/1836/1836
f 1836/1836/1836 1885/1885/1885 1837/1837/1837
f 1885/1885/1885 1886/1886/1886 1837/1837/1837
f 1837/1837/1837 1886/1886/1886 1838/1838/1838
f 1886/1886/1886 1887/1887/1887 1838/1838/1838
f 1838/1838/1838 1887/1887/1887 1839/1839/1839
f 1887/1887/1887 1888/1888/1888 1839/1839/1839
f 1839/1839/1839 1888/1888/1888 1840/1840/1840
f 1888/1888/1888 1889/1889/1889 1840/1840/1840
f 1840/1840/1840 1889/1889/1889 1841/1841/1841
f 1889/1889/1889 1890/1890/1890 1841/1841/1841
f 1841/1841/1841 1890/1890/1890 1842/1842/1842
f 1890/1890/1890 1891/1891/1891 1842/1842/1842
f 1842/1842/1842 1891/1891/1891 1843/1843/1843
f 1891/1891/1891 1892/1892/1892 1843/1843/1843
f 1843/1843/1843 1892/1892/1892 1844/1844/1844
f 1892/1892/1892 1893/1893/1893 1844/1844/1844
f 1844/1844/1844 1893/1893/1893 1845/1845/1845
f 1893/1893/1893 1894/1894/1894 1845/1845/1845
f 1845/1845/1845 1894/1894/1894 1846/1846/1846
f 1894/1894/1894 1895/1895/1895 1846/1846/1846
f 1846/1846/1846 1895/1895/1895 1847/1847/1847
f 1895/1895/1895 1896/1896/1896 1847/1847/1847
f 1847/1847/1847 1896/1896/1896 1848/1848/1848
f 1896/1896/1896 1897/1897/1897 1848/1848/1848
f 1848/1848/1848 1897/1897/1897 1849/1849/1849
f 1897/1897/1897 1898/1898/1898 1849/1849/1849
f 1849/1849/1849 1898/1898/1898 1850/1850/1850
f 1898/1898/1898 1899/1899/1899 1850/1850/1850
f 1850/1850/1850 1899/1899/1899 1851/1851/1851
f 1899/1899/1899 1900/1900/1900 1851/1851/1851
f 1851/1851/1851 1900/1900/1900 1852/1852/1852
f 1900/1900/1900 1901/1901/1901 1852/1852/1852
f 1852/1852/1852 1901/1901/1901 1853/1853/1853
f 1901/1901/1901 1902/1902/1902 1853/1853/1853
f 1853/1853/1853 1902/1902/1902 1854/1854/1854
f 1902/1902/1902 1903/1903/1903 1854/1854/1854
f 1854/1854/1854 1903/1903/1903 1855/1855/1855
f 1903/1903/1903 1904/1904/1904 1855/1855/1855
f 1855/1855/1855 1904/1904/1904 1856/1856/1856
f 1904/1904/1904 1905/1905/1905 1856/1856/1856
f 1856/1856/1856 1905/1905/1905 1857/1857/1857
f 1905/1905/1905 1906/1906/1906 1857/1857/1857
f 1857/1857/1857 1906/1906/1906 1858/1858/1858
f 1906/1906/1906 1907/1907/1907 1858/1858/1858
f 1858/1858/1858 1907/1907/1907 1859/1859/1859
f 1907/1907/1907 1908/1908/1908 1859/1859/1859
f 1859/1859/1859 1908/1908/1908 1860/1860/1860
f 1908/1908/1908 1909/1909/1909 1860/1860/1860
f 1860/1860/1860 1909/1909/1909 1861/1861/1861
f 1909/1909/1909 1910/1910/1910 1861/1861/1861
f 1861/1861/1861 1910/1910/1910 1862/1862/1862
f 1910/1910/1910 1911/1911/1911 1862/1862/1862
f 1863/1863/1863 1912/1912/1912 1864/1864/1864
f 1912/1912/1912 1913/1913/1913 1864/1864/1864
f 1864/1864/1864 1913/1913/1913 1865/1865/1865
f 1913/1913/1913 1914/1914/1914 1865/1865/1865
f 1865/1865/1865 1914/1914/1914 1866/1866/1866
f 1914/1914/1914 1915/1915/1915 1866/1866/1866
f 1866/1866/1866 1915/1915/1915 1867/1867/1867
f 1915/1915/1915 1916/1916/1916 1867/1867/1867
f 1867/1867/1867 1916/1916/1916 1868/1868/1868
f 1916/1916/1916 1917/1917/1917 1868/1868/1868
f 1868/1868/1868 1917/1917/1917 1869/1869/1869
f 1917/1917/1917 1918/1918/1918 1869/1869/1869
f 1869/1869/1869 1918/1918/1918 1870/1870/1870
f 1918/1918/1918 1919/1919/1919 1870/1870/1870
f 1870/1870/1870 1919/1919/1919 1871/1871/1871
f 1919/1919/1919 1920/1920/1920 1871/1871/1871
f 1871/1871/1871 1920/1920/1920 1872/1872/1872
f 1920/1920/1920 1921/1921/1921 1872/1872/1872
f 1872/1872/1872 1921/1921/1921 1873/1873/1873
f 1921/1921/1921 1922/1922/1922 1873/1873/1873
f 1873/1873/1873 1922/1922/1922 1874/1874/1874
f 1922/1922/1922 1923/1923/1923 1874/1874/1874
f 1874/1874/1874 1923/1923/1923 1875/1875/1875
f 1923/1923/1923 1924/1924/1924 1875/1875/1875
f 1875/1875/1875 1924/1924/1924 1876/1876/1876
f 1924/1924/1924 1925/1925/1925 1876/1876/1876
f 1876/1876/1876 1925/1925/1925 1877/1877/1877
f 1925/1925/1925 1926/1926/1926 1877/1877/1877
f 1877/1877/1877 1926/1926/1926 1878/1878/1878
f 1926/1926/1926 1927/1927/1927 1878/1878/1878
f 1878/1878/1878 1927/1927/1927 1879/1879/1879
f 1927/1927/1927 1928/1928/1928 1879/1879/1879
f 1879/1879/1879 1928/1928/1928 1880/1880/1880
f 1928/1928/1928 1929/1929/1929 1880/1880/1880
f 1880/1880/1880 1929/1929/1929 1881/1881/1881
f 1929/1929/1929 1930/1930/1930 1881/1881/1881
f 1881/1881/1881 1930/1930/1930 1882/1882/1882
f 1930/1930/1930 1931/1931/1931 1882/1882/1882
f 1882/1882/1882 1931/1931/1931 1883/1883/1883
f 1931/1931/1931 1932/1932/1932 1883/1883/1883
f 1883/1883/1883 1932/1932/1932 1884/1884/1884
f 1932/1932/1932 1933/1933/1933 1884/1884/1884
f 1884/1884/1884 1933/1933/1933 1885/1885/1885
f 1933/1933/1933 1934/1934/1934 1885/1885/1885
f 1885/1885/1885 1934/1934/1934 1886/1886/1886
f 1934/1934/1934 1935/1935/1935 1886/1886/1886
f 1886/1886/1886 1935/1935/1935 1887/1887/1887
f 1935/1935/1935 1936/1936/1936 1887/1887/1887
f 1887/1887/1887 1936/1936/1936 1888/1888/1888
f 1936/1936/1936 1937/1937/1937 1888/1888/1888
f 1888/1888/1888 1937/1937/1937 1889/1889/1889
f 1937/1937/1937 1938/1938/1938 1889/1889/1889
f 1889/1889/1889 1938/1938/1938 1890/1890/1890
f 1938/1938/1938 1939/1939/1939 1890/1890/1890
f 1890/1890/1890 1939/1939/1939 1891/1891/1891
f 1939/1939/1939 1940/1940/1940 1891/1891/1891
f 1891/1891/1891 1940/1940/1940 1892/1892/1892
f 1940/1940/1940 1941/1941/1941 1892/1892/1892
f 1892/1892/1892 1941/1941/1941 1893/1893/1893
f 1941/1941/1941 1942/1942/1942 1893/1893/1893
f 1893/1893/1893 1942/1942/1942 1894/1894/1894
f 1942/1942/1942 1943/1943/1943 1894/1894/1894
f 1894/1894/1894 1943/1943/1943 1895/1895/1895
f 1943/1943/1943 1944/1944/1944 1895/1895/1895
f 1895/1895/1895 1944/1944/1944 1896/1896/1896
f 1944/1944/1944 1945/1945/1945 1896/1896/1896
f 1896/1896/1896 1945/1945/1945 1897/1897/1897
f 1945/1945/1945 1946/1946/1946 1897/1897/1897
f 1897/1897/1897 1946/1946/1946 1898/1898/1898
f 1946/1946/1946 1947/1947/1947 1898/1898/1898
f 1898/1898/1898 1947/1947/1947 1899/1899/1899
f 1947/1947/1947 1948/1948/1948 1899/1899/1899
f 1899/1899/1899 1948/1948/1948 1900/1900/1900
f 1948/1948/1948 1949/1949/1949 1900/1900/1900
f 1900/1900/1900 1949/1949/1949 1901/1901/1901
f 1949/1949/1949 1950/1950/1950 1901/1901/1901
f 1901/1901/1901 1950/1950/1950 1902/1902/1902
f 1950/1950/1950 1951/1951/1951 1902/1902/1902
f 1902/1902/1902 1951/1951/1951 1903/1903/1903
f 1951/1951/1951 1952/1952/1952 1903/1903/1903
f 1903/1903/1903 1952/1952/1952 1904/1904/1904
f 1952/1952/1952 1953/1953/1953 1904/1904/1904
f 1904/1904/1904 1953/1953/1953 1905/1905/1905
f 1953/1953/1953 1954/1954/1954 1905/1905/1905
f 1905/1905/1905 1954/1954/1954 1906/1906/1906
f 1954/1954/1954 1955/1955/1955 1906/1906/1906
f 1906/1906/1906 1955/1955/1955 1907/1907/1907
f 1955/1955/1955 1956/1956/1956 1907/1907/1907
f 1907/1907/1907 1956/1956/1956 1908/1908/1908
f 1956/1956/1956 1957/1957/1957 1908/1908/1908
f 1908/1908/1908 1957/1957/1957 1909/1909/1909
f 1957/1957/1957 1958/1958/1958 1909/1909/1909
f 1909/1909/1909 1958/1958/1958 1910/1910/1910
f 1958/1958/1958 1959/1959/1959 1910/1910/1910
f 1910/1910/1910 1959/1959/1959 1911/1911/1911
f 1959/1959/1959 1960/1960/1960 1911/1911/1911
f 1912/1912/1912 1961/1961/1961 1913/1913/1913
f 1961/1961/1961 1962/1962/1962 1913/1913/1913
f 1913/1913/1913 1962/1962/1962 1914/1914/1914
f 1962/1962/1962 1963/1963/1963 1914/1914/1914
f 1914/1914/1914 1963/1963/1963 1915/1915/1915
f 1963/1963/1963 1964/1964/1964 1915/1915/1915
f 1915/1915/1915 1964/1964/1964 1916/1916/1916
f 1964/1964/1964 1965/1965/1965 1916/1916/1916
f 1916/1916/1916 1965/1965/1965 1917/1917/1917
f 1965/1965/1965 1966/1966/1966 1917/1917/1917
f 1917/1917/1917 1966/1966/1966 1918/1918/1918
f 1966/1966/1966 1967/1967/1967 1918/1918/1918
f 1918/1918/1918 1967/1967/1967 1919/1919/1919
f 1967/1967/1967 1968/1968/1968 1919/1919/1919
f 1919/1919/1919 1968/1968/1968 1920/1920/1920
f 1968/1968/1968 1969/1969/1969 1920/1920/1920
f 1920/1920/1920 1969/1969/1969 1921/1921/1921
f 1969/1969/1969 1970/1970/1970 1921/1921/1921
f 1921/1921/1921 1970/1970/1970 1922/1922/1922
f 1970/1970/1970 1971/1971/1971 1922/1922/1922
f 1922/1922/1922 1971/1971/1971 1923/1923/1923
f 1971/1971/1971 1972/1972/1972 1923/1923/1923
f 1923/1923/1923 1972/1972/1972 1924/1924/1924
f 1972/1972/1972 1973/1973/1973 1924/1924/1924
f 1924/1924/1924 1973/1973/1973 1925/1925/1925
f 1973/1973/1973 1974/1974/1974 1925/1925/1925
f 1925/1925/1925 1974/1974/1974 1926/1926/1926
f 1974/1974/1974 1975/1975/1975 1926/1926/1926
f 1926/1926/1926 1975/1975/1975 1927/1927/1927
f 1975/1975/1975 1976/1976/1976 1927/1927/1927
f 1927/1927/1927 1976/1976/1976 1928/1928/1928
f 1976/1976/1976 1977/1977/1977 1928/1928/1928
f 1928/1928/1928 1977/1977/1977 1929/1929/1929
f 1977/1977/1977 1978/1978/1978 1929/1929/1929
f 1929/1929/1929 1978/1978/1978 1930/1930/1930
f 1978/1978/1978 1979/1979/1979 1930/1930/1930
f 1930/1930/1930 1979/1979/1979 1931/1931/1931
f 1979/1979/1979 1980/1980/1980 1931/1931/1931
f 1931/1931/1931 1980/1980/1980 1932/1932/1932
f 1980/1980/1980 1981/1981/1981 1932/1932/1932
f 1932/1932/1932 1981/1981/1981 1933/1933/1933
f 1981/1981/1981 1982/1982/1982 1933/1933/1933
f 1933/1933/1933 1982/1982/1982 1934/1934/1934
f 1982/1982/1982 1983/1983/1983 1934/1934/1934
f 1934/1934/1934 1983/1983/1983 1935/1935/1935
f 1983/1983/1983 1984/1984/1984 1935/1935/1935
f 1935/1935/1935 1984/1984/1984 1936/1936/1936
f 1984/1984/1984 1985/1985/1985 1936/1936/1936
f 1936/1936/1936 1985/1985/1985 1937/1937/1937
f 1985/1985/1985 1986/1986/1986 1937/1937/1937
f 1937/1937/1937 1986/1986/1986 1938/1938/1938
f 1986/1986/1986 1987/1987/1987 1938/1938/1938
f 1938/1938/1938 1987/1987/1987 1939/1939/1939
f 1987/1987/1987 1988/1988/1988 1939/1939/1939
f 1939/1939/1939 1988/1988/1988 1940/1940/1940
f 1988/1988/1988 1989/1989/1989 1940/1940/1940
f 1940/1940/1940 1989/1989/1989 1941/1941/1941
f 1989/1989/1989 1990/1990/1990 1941/1941/1941
f 1941/1941/1941 1990/1990/1990 1942/1942/1942
f 1990/1990/1990 1991/1991/1991 1942/1942/1942
f 1942/1942/1942 1991/1991/1991 1943/1943/1943
f 1991/1991/1991 1992/1992/1992 1943/1943/1943
f 1943/1943/1943 1992/1992/1992 1944/1944/1944
f 1992/1992/1992 1993/1993/1993 1944/1944/1944
f 1944/1944/1944 1993/1993/1993 1945/1945/1945
f 1993/1993/1993 1994/1994/1994 1945/1945/1945
f 1945/1945/1945 1994/1994/1994 1946/1946/1946
f 1994/1994/1994 1995/1995/1995 1946/1946/1946
f 1946/1946/1946 1995/1995/1995 1947/1947/1947
f 1995/1995/1995 1996/1996/1996 1947/1947/1947
f 1947/1947/1947 1996/1996/1996 1948/1948/1948
f 1996/1996/1996 1997/1997/1997 1948/1948/1948
f 1948/1948/1948 1997/1997/1997 1949/1949/1949
f 1997/1997/1997 1998/1998/1998 1949/1949/1949
f 1949/1949/1949 1998/1998/1998 1950/1950/1950
f 1998/1998/1998 1999/1999/1999 1950/1950/1950
f 1950/1950/1950 1999/1999/1999 1951/1951/1951
f 1999/1999/1999 2000/2000/2000 1951/1951/1951
f 1951/1951/1951 2000/2000/2000 1952/1952/1952
f 2000/2000/2000 2001/2001/2001 1952/1952/1952
f 1952/1952/1952 2001/2001/2001 1953/1953/1953
f 2001/2001/2001 2002/2002/2002 1953/1953/1953
f 1953/1953/1953 2002/2002/2002 1954/1954/1954
f 2002/2002/2002 2003/2003/2003 1954/1954/1954
f 1954/1954/1954 2003/2003/2003 1955/1955/1955
f 2003/2003/2003 2004/2004/2004 1955/1955/1955
f 1955/1955/1955 2004/2004/2004 1956/1956/1956
f 2004/2004/2004 2005/2005/2005 1956/1956/1956
f 1956/1956/1956 2005/2005/2005 1957/1957/1957
f 2005/2005/2005 2006/2006/2006 1957/1957/1957
f 1957/1957/1957 2006/2006/2006 1958/1958/1958
f 2006/2006/2006 2007/2007/2007 1958/1958/1958
f 1958/1958/1958 2007/2007/2007 1959/1959/1959
f 2007/2007/2007 2008/2008/2008 1959/1959/1959
f 1959/1959/1959 2008/2008/2008 1960/1960/1960
f 2008/2008/2008 2009/2009/2009 1960/1960/1960
f 1961/1961/1961 2010/2010/2010 1962/1962/1962
f 2010/2010/2010 2011/2011/2011 1962/1962/1962
f 1962/1962/1962 2011/2011/2011 1963/1963/1963
f 2011/2011/2011 2012/2012/2012 1963/1963/1963
f 1963/1963/1963 2012/2012/2012 1964/1964/1964
f 2012/2012/2012 2013/2013/2013 1964/1964/1964
f 1964/1964/1964 2013/2013/2013 1965/1965/1965
f 2013/2013/2013 2014/2014/2014 1965/1965/1965
f 1965/1965/1965 2014/2014/2014 1966/1966/1966
f 2014/2014/2014 2015/2015/2015 1966/1966/1966
f 1966/1966/1966 2015/2015/2015 1967/1967/1967
f 2015/2015/2015 2016/2016/2016 1967/1967/1967
f 1967/1967/1967 2016/2016/2016 1968/1968/1968
f 2016/2016/2016 2017/2017/2017 1968/1968/1968
f 1968/1968/1968 2017/2017/2017 1969/1969/1969
f 2017/2017/2017 2018/2018/2018 1969/1969/1969
f 1969/1969/1969 2018/2018/2018 1970/1970/1970
f 2018/2018/2018 2019/2019/2019 1970/1970/1970
f 1970/1970/1970 2019/2019/2019 1971/1971/1971
f 2019/2019/2019 2020/2020/2020 1971/1971/1971
f 1971/1971/1971 2020/2020/2020 1972/1972/1972
f 2020/2020/2020 2021/2021/2021 1972/1972/1972
f 1972/1972/1972 2021/2021/2021 1973/1973/1973
f 2021/2021/2021 2022/2022/2022 1973/1973/1973
f 1973/1973/1973 2022/2022/2022 1974/1974/1974
f 2022/2022/2022 2023/2023/2023 1974/1974/1974
f 1974/1974/1974 2023/2023/2023 1975/1975/1975
f 2023/2023/2023 2024/2024/2024 1975/1975/1975
f 1975/1975/1975 2024/2024/2024 1976/1976/1976
f 2024/2024/2024 2025/2025/2025 1976/1976/1976
f 1976/1976/1976 2025/2025/2025 1977/1977/1977
f 2025/2025/2025 2026/2026/2026 1977/1977/1977
f 1977/1977/1977 2026/2026/2026 1978/1978/1978
f 2026/2026/2026 2027/2027/2027 1978/1978/1978
f 1978/1978/1978 2027/2027/2027 1979/1979/1979
f 2027/2027/2027 2028/2028/2028 1979/1979/1979
f 1979/1979/1979 2028/2028/2028 1980/1980/1980
f 2028/2028/2028 2029/2029/2029 1980/1980/1980
f 1980/1980/1980 2029/2029/2029 1981/1981/1981
f 2029/2029/2029 2030/2030/2030 1981/1981/1981
f 1981/1981/1981 2030/2030/2030 1982/1982/1982
f 2030/2030/2030 2031/2031/2031 1982/1982/1982
f 1982/1982/1982 2031/2031/2031 1983/1983/1983
f 2031/2031/2031 2032/2032/2032 1983/1983/1983
f 1983/1983/1983 2032/2032/2032 1984/1984/1984
f 2032/2032/2032 2033/2033/2033 1984/1984/1984
f 1984/1984/1984 2033/2033/2033 1985/1985/1985
f 2033/2033/2033 2034/2034/2034 1985/1985/1985
f 1985/1985/1985 2034/2034/2034 1986/1986/1986
f 2034/2034/2034 2035/2035/2035 1986/1986/1986
f 1986/1986/1986 2035/2035/2035 1987/1987/1987
f 2035/2035/2035 2036/2036/2036 1987/1987/1987
f 1987/1987/1987 2036/2036/2036 1988/1988/1988
f 2036/2036/2036 2037/2037/2037 1988/1988/1988
f 1988/1988/1988 2037/2037/2037 1989/1989/1989
f 2037/2037/2037 2038/2038/2038 1989/1989/1989
f 1989/1989/1989 2038/2038/2038 1990/1990/1990
f 2038/2038/2038 2039/2039/2039 1990/1990/1990
f 1990/1990/1990 2039/2039/2039 1991/1991/1991
f 2039/2039/2039 2040/2040/2040 1991/1991/1991
f 1991/1991/1991 2040/2040/2040 1992/1992/1992
f 2040/2040/2040 2041/2041/2041 1992/1992/1992
f 1992/1992/1992 2041/2041/2041 1993/1993/1993
f 2041/2041/2041 2042/2042/2042 1993/1993/1993
f 1993/1993/1993 2042/2042/2042 1994/1994/1994
f 2042/2042/2042 2043/2043/2043 1994/1994/1994
f 1994/1994/1994 2043/2043/2043 1995/1995/1995
f 2043/2043/2043 2044/2044/2044 1995/1995/1995
f 1995/1995/1995 2044/2044/2044 1996/1996/1996
f 2044/2044/2044 2045/2045/2045 1996/1996/1996
f 1996/1996/1996 2045/2045/2045 1997/1997/1997
f 2045/2045/2045 2046/2046/2046 1997/1997/1997
f 1997/1997/1997 2046/2046/2046 1998/1998/1998
f 2046/2046/2046 2047/2047/2047 1998/1998/1998
f 1998/1998/1998 2047/2047/2047 1999/1999/1999
f 2047/2047/2047 2048/2048/2048 1999/1999/1999
f 1999/1999/1999 2048/2048/2048 2000/2000/2000
f 2048/2048/2048 2049/2049/2049 2000/2000/2000
f 2000/2000/2000 2049/2049/2049 2001/2001/2001
f 2049/2049/2049 2050/2050/2050 2001/2001/2001
f 2001/2001/2001 2050/2050/2050 2002/2002/2002
f 2050/2050/2050 2051/2051/2051 2002/2002/2002
f 2002/2002/2002 2051/2051/2051 2003/2003/2003
f 2051/2051/2051 2052/2052/2052 2003/2003/2003
f 2003/2003/2003 2052/2052/2052 2004/2004/2004
f 2052/2052/2052 2053/2053/2053 2004/2004/2004
f 2004/2004/2004 2053/2053/2053 2005/2005/2005
f 2053/2053/2053 2054/2054/2054 2005/2005/2005
f 2005/2005/2005 2054/2054/2054 2006/2006/2006
f 2054/2054/2054 2055/2055/2055 2006/2006/2006
f 2006/2006/2006 2055/2055/2055 2007/2007/2007
f 2055/2055/2055 2056/2056/2056 2007/2007/2007
f 2007/2007/2007 2056/2056/2056 2008/2008/2008
f 2056/2056/2056 2057/2057/2057 2008/2008/2008
f 2008/2008/2008 2057/2057/2057 2009/2009/2009
f 2057/2057/2057 2058/2058/2058 2009/2009/2009
f 2010/2010/2010 2059/2059/2059 2011/2011/2011
f 2059/2059/2059 2060/2060/2060 2011/2011/2011
f 2011/2011/2011 2060/2060/2060 2012/2012/2012
f 2060/2060/2060 2061/2061/2061 2012/2012/2012
f 2012/2012/2012 2061/2061/2061 2013/2013/2013
f 2061/2061/2061 2062/2062/2062 2013/2013/2013
f 2013/2013/2013 2062/2062/2062 2014/2014/2014
f 2062/2062/2062 2063/2063/2063 2014/2014/2014
f 2014/2014/2014 2063/2063/2063 2015/2015/2015
f 2063/2063/2063 2064/2064/2064 2015/2015/2015
f 2015/2015/2015 2064/2064/2064 2016/2016/2016
f 2064/2064/2064 2065/2065/2065 2016/2016/2016
f 2016/2016/2016 2065/2065/2065 2017/2017/2017
f 2065/2065/2065 2066/2066/2066 2017/2017/2017
f 2017/2017/2017 2066/2066/2066 2018/2018/2018
f 2066/2066/2066 2067/2067/2067 2018/2018/2018
f 2018/2018/2018 2067/2067/2067 2019/2019/2019
f 2067/2067/2067 2068/2068/2068 2019/2019/2019
f 2019/2019/2019 2068/2068/2068 2020/2020/2020
f 2068/2068/2068 2069/2069/2069 2020/2020/2020
f 2020/2020/2020 2069/2069/2069 2021/2021/2021
f 2069/2069/2069 2070/2070/2070 2021/2021/2021
f 2021/2021/2021 2070/2070/2070 2022/2022/2022
f 2070/2070/2070 2071/2071/2071 2022/2022/2022
f 2022/2022/2022 2071/2071/2071 2023/2023/2023
f 2071/2071/2071 2072/2072/2072 2023/2023/2023
f 2023/2023/2023 2072/2072/2072 2024/2024/2024
f 2072/2072/2072 2073/2073/2073 2024/2024/2024
f 2024/2024/2024 2073/2073/2073 2025/2025/2025
f 2073/2073/2073 2074/2074/2074 2025/2025/2025
f 2025/2025/2025 2074/2074/2074 2026/2026/2026
f 2074/2074/2074 2075/2075/2075 2026/2026/2026
f 2026/2026/2026 2075/2075/2075 2027/2027/2027
f 2075/2075/2075 2076/2076/2076 2027/2027/2027
f 2027/2027/2027 2076/2076/2076 2028/2028/2028
f 2076/2076/2076 2077/2077/2077 2028/2028/2028
f 2028/2028/2028 2077/2077/2077 2029/2029/2029
f 2077/2077/2077 2078/2078/2078 2029/2029/2029
f 2029/2029/2029 2078/2078/2078 2030/2030/2030
f 2078/2078/2078 2079/2079/2079 2030/2030/2030
f 2030/2030/2030 2079/2079/2079 2031/2031/2031
f 2079/2079/2079 2080/2080/2080 2031/2031/2031
f 2031/2031/2031 2080/2080/2080 2032/2032/2032
f 2080/2080/2080 2081/2081/2081 2032/2032/2032
f 2032/2032/2032 2081/2081/2081 2033/2033/2033
f 2081/2081/2081 2082/2082/2082 2033/2033/2033
f 2033/2033/2033 2082/2082/2082 2034/2034/2034
f 2082/2082/2082 2083/2083/2083 2034/2034/2034
f 2034/2034/2034 2083/2083/2083 2035/2035/2035
f 2083/2083/2083 2084/2084/2084 2035/2035/2035
f 2035/2035/2035 2084/2084/2084 2036/2036/2036
f 2084/2084/2084 2085/2085/2085 2036/2036/2036
f 2036/2036/2036 2085/2085/2085 2037/2037/2037
f 2085/2085/2085 2086/2086/2086 2037/2037/2037
f 2037/2037/2037 2086/2086/2086 2038/2038/2038
f 2086/2086/2086 2087/2087/2087 2038/2038/2038
f 2038/2038/2038 2087/2087/2087 2039/2039/2039
f 2087/2087/2087 2088/2088/2088 2039/2039/2039
f 2039/2039/2039 2088/2088/2088 2040/2040/2040
f 2088/2088/2088 2089/2089/2089 2040/2040/2040
f 2040/2040/2040 2089/2089/2089 2041/2041/2041
f 2089/2089/2089 2090/2090/2090 2041/2041/2041
f 2041/2041/2041 2090/2090/2090 2042/2042/2042
f 2090/2090/2090 2091/2091/2091 2042/2042/2042
f 2042/2042/2042 2091/2091/2091 2043/2043/2043
f 2091/2091/2091 2092/2092/2092 2043/2043/2043
f 2043/2043/2043 2092/2092/2092 2044/2044/2044
f 2092/2092/2092 2093/2093/2093 2044/2044/2044
f 2044/2044/2044 2093/2093/2093 2045/2045/2045
f 2093/2093/2093 2094/2094/2094 2045/2045/2045
f 2045/2045/2045 2094/2094/2094 2046/2046/2046
f 2094/2094/2094 2095/2095/2095 2046/2046/2046
f 2046/2046/2046 2095/2095/2095 2047/2047/2047
f 2095/2095/2095 2096/2096/2096 2047/2047/2047
f 2047/2047/2047 2096/2096/2096 2048/2048/2048
f 2096/2096/2096 2097/2097/2097 2048/2048/2048
f 2048/2048/2048 2097/2097/2097 2049/2049/2049
f 2097/2097/2097 2098/2098/2098 2049/2049/2049
f 2049/2049/2049 2098/2098/2098 2050/2050/2050
f 2098/2098/2098 2099/2099/2099 2050/2050/2050
f 2050/2050/2050 2099/2099/2099 2051/2051/2051
f 2099/2099/2099 2100/2100/2100 2051/2051/2051
f 2051/2051/2051 2100/2100/2100 2052/2052/2052
f 2100/2100/2100 2101/2101/2101 2052/2052/2052
f 2052/2052/2052 2101/2101/2101 2053/2053/2053
f 2101/2101/2101 2102/2102/2102 2053/2053/2053
f 2053/2053/2053 2102/2102/2102 2054/2054/2054
f 2102/2102/2102 2103/2103/2103 2054/2054/2054
f 2054/2054/2054 2103/2103/2103 2055/2055/2055
f 2103/2103/2103 2104/2104/2104 2055/2055/2055
f 2055/2055/2055 2104/2104/2104 2056/2056/2056
f 2104/2104/2104 2105/2105/2105 2056/2056/2056
f 2056/2056/2056 2105/2105/2105 2057/2057/2057
f 2105/2105/2105 2106/2106/2106 2057/2057/2057
f 2057/2057/2057 2106/2106/2106 2058/2058/2058
f 2106/2106/2106 2107/2107/2107 2058/2058/2058
f 2059/2059/2059 2108/2108/2108 2060/2060/2060
f 2108/2108/2108 2109/2109/2109 2060/2060/2060
f 2060/2060/2060 2109/2109/2109 2061/2061/2061
f 2109/2109/2109 2110/2110/2110 2061/2061/2061
f 2061/2061/2061 2110/2110/2110 2062/2062/2062
f 2110/2110/2110 2111/2111/2111 2062/2062/2062
f 2062/2062/2062 2111/2111/2111 2063/2063/2063
f 2111/2111/2111 2112/2112/2112 2063/2063/2063
f 2063/2063/2063 2112/2112/2112 2064/2064/2064
f 2112/2112/2112 2113/2113/2113 2064/2064/2064
f 2064/2064/2064 2113/2113/2113 2065/2065/2065
f 2113/2113/2113 2114/2114/2114 2065/2065/2065
f 2065/2065/2065 2114/2114/2114 2066/2066/2066
f 2114/2114/2114 2115/2115/2115 2066/2066/2066
f 2066/2066/2066 2115/2115/2115 2067/2067/2067
f 2115/2115/2115 2116/2116/2116 2067/2067/2067
f 2067/2067/2067 2116/2116/2116 2068/2068/2068
f 2116/2116/2116 2117/2117/2117 2068/2068/2068
f 2068/2068/2068 2117/2117/2117 2069/2069/2069
f 2117/2117/2117 2118/2118/2118 2069/2069/2069
f 2069/2069/2069 2118/2118/2118 2070/2070/2070
f 2118/2118/2118 2119/2119/2119 2070/2070/2070
f 2070/2070/2070 2119/2119/2119 2071/2071/2071
f 2119/2119/2119 2120/2120/2120 2071/2071/2071
f 2071/2071/2071 2120/2120/2120 2072/2072/2072
f 2120/2120/2120 2121/2121/2121 2072/2072/2072
f 2072/2072/2072 2121/2121/2121 2073/2073/2073
f 2121/2121/2121 2122/2122/2122 2073/2073/2073
f 2073/2073/2073 2122/2122/2122 2074/2074/2074
f 2122/2122/2122 2123/2123/2123 2074/2074/2074
f 2074/2074/2074 2123/2123/2123 2075/2075/2075
f 2123/2123/2123 2124/2124/2124 2075/2075/2075
f 2075/2075/2075 2124/2124/2124 2076/2076/2076
f 2124/2124/2124 2125/2125/2125 2076/2076/2076
f 2076/2076/2076 2125/2125/2125 2077/2077/2077
f 2125/2125/2125 2126/2126/2126 2077/2077/2077
f 2077/2077/2077 2126/2126/2126 2078/2078/2078
f 2126/2126/2126 2127/2127/2127 2078/2078/2078
f 2078/2078/2078 2127/2127/2127 2079/2079/2079
f 2127/2127/2127 2128/2128/2128 2079/2079/2079
f 2079/2079/2079 2128/2128/2128 2080/2080/2080
f 2128/2128/2128 2129/2129/2129 2080/2080/2080
f 2080/2080/2080 2129/2129/2129 2081/2081/2081
f 2129/2129/2129 2130/2130/2130 2081/2081/2081
f 2081/2081/2081 2130/2130/2130 2082/2082/2082
f 2130/2130/2130 2131/2131/2131 2082/2082/2082
f 2082/2082/2082 2131/2131/2131 2083/2083/2083
f 2131/2131/2131 2132/2132/2132 2083/2083/2083
f 2083/2083/2083 2132/2132/2132 2084/2084/2084
f 2132/2132/2132 2133/2133/2133 2084/2084/2084
f 2084/2084/2084 2133/2133/2133 2085/2085/2085
f 2133/2133/2133 2134/2134/2134 2085/2085/2085
f 2085/2085/2085 2134/2134/2134 2086/2086/2086
f 2134/2134/2134 2135/2135/2135 2086/2086/2086
f 2086/2086/2086 2135/2135/2135 2087/2087/2087
f 2135/2135/2135 2136/2136/2136 2087/2087/2087
f 2087/2087/2087 2136/2136/2136 2088/2088/2088
f 2136/2136/2136 2137/2137/2137 2088/2088/2088
f 2088/2088/2088 2137/2137/2137 2089/2089/2089
f 2137/2137/2137 2138/2138/2138 2089/2089/2089
f 2089/2089/2089 2138/2138/2138 2090/2090/2090
f 2138/2138/2138 2139/2139/2139 2090/2090/2090
f 2090/2090/2090 2139/2139/2139 2091/2091/2091
f 2139/2139/2139 2140/2140/2140 2091/2091/2091
f 2091/2091/2091 2140/2140/2140 2092/2092/2092
f 2140/2140/2140 2141/2141/2141 2092/2092/2092
f 2092/2092/2092 2141/2141/2141 2093/2093/2093
f 2141/2141/2141 2142/2142/2142 2093/2093/2093
f 2093/2093/2093 2142/2142/2142 2094/2094/2094
f 2142/2142/2142 2143/2143/2143 2094/2094/2094
f 2094/2094/2094 2143/2143/2143 2095/2095/2095
f 2143/2143/2143 2144/2144/2144 2095/2095/2095
f 2095/2095/2095 2144/2144/2144 2096/2096/2096
f 2144/2144/2144 2145/2145/2145 2096/2096/2096
f 2096/2096/2096 2145/2145/2145 2097/2097/2097
f 2145/2145/2145 2146/2146/2146 2097/2097/2097
f 2097/2097/2097 2146/2146/2146 2098/2098/2098
f 2146/2146/2146 2147/2147/2147 2098/2098/2098
f 2098/2098/2098 2147/2147/2147 2099/2099/2099
f 2147/2147/2147 2148/2148/2148 2099/2099/2099
f 2099/2099/2099 2148/2148/2148 2100/2100/2100
f 2148/2148/2148 2149/2149/2149 2100/2100/2100
f 2100/2100/2100 2149/2149/2149 2101/2101/2101
f 2149/2149/2149 2150/2150/2150 2101/2101/2101
f 2101/2101/2101 2150/2150/2150 2102/2102/2102
f 2150/2150/2150 2151/2151/2151 2102/2102/2102
f 2102/2102/2102 2151/2151/2151 2103/2103/2103
f 2151/2151/2151 2152/2152/2152 2103/2103/2103
f 2103/2103/2103 2152/2152/2152 2104/2104/2104
f 2152/2152/2152 2153/2153/2153 2104/2104/2104
f 2104/2104/2104 2153/2153/2153 2105/2105/2105
f 2153/2153/2153 2154/2154/2154 2105/2105/2105
f 2105/2105/2105 2154/2154/2154 2106/2106/2106
f 2154/2154/2154 2155/2155/2155 2106/2106/2106
f 2106/2106/2106 2155/2155/2155 2107/2107/2107
f 2155/2155/2155 2156/2156/2156 2107/2107/2107
f 2108/2108/2108 2157/2157/2157 2109/2109/2109
f 2157/2157/2157 2158/2158/2158 2109/2109/2109
f 2109/2109/2109 2158/2158/2158 2110/2110/2110
f 2158/2158/2158 2159/2159/2159 2110/2110/2110
f 2110/2110/2110 2159/2159/2159 2111/2111/2111
f 2159/2159/2159 2160/2160/2160 2111/2111/2111
f 2111/2111/2111 2160/2160/2160 2112/2112/2112
f 2160/2160/2160 2161/2161/2161 2112/2112/2112
f 2112/2112/2112 2161/2161/2161 2113/2113/2113
f 2161/2161/2161 2162/2162/2162 2113/2113/2113
f 2113/2113/2113 2162/2162/2162 2114/2114/2114
f 2162/2162/2162 2163/2163/2163 2114/2114/2114
f 2114/2114/2114 2163/2163/2163 2115/2115/2115
f 2163/2163/2163 2164/2164/2164 2115/2115/2115
f 2115/2115/2115 2164/2164/2164 2116/2116/2116
f 2164/2164/2164 2165/2165/2165 2116/2116/2116
f 2116/2116/2116 2165/2165/2165 2117/2117/2117
f 2165/2165/2165 2166/2166/2166 2117/2117/2117
f 2117/2117/2117 2166/2166/2166 2118/2118/2118
f 2166/2166/2166 2167/2167/2167 2118/2118/2118
f 2118/2118/2118 2167/2167/2167 2119/2119/2119
f 2167/2167/2167 2168/2168/2168 2119/2119/2119
f 2119/2119/2119 2168/2168/2168 2120/2120/2120
f 2168/2168/2168 2169/2169/2169 2120/2120/2120
f 2120/2120/2120 2169/2169/2169 2121/2121/2121
f 2169/2169/2169 2170/2170/2170 2121/2121/2121
f 2121/2121/2121 2170/2170/2170 2122/2122/2122
f 2170/2170/2170 2171/2171/2171 2122/2122/2122
f 2122/2122/2122 2171/2171/2171 2123/2123/2123
f 2171/2171/2171 2172/2172/2172 2123/2123/2123
f 2123/2123/2123 2172/2172/2172 2124/2124/2124
f 2172/2172/2172 2173/2173/2173 2124/2124/2124
f 2124/2124/2124 2173/2173/2173 2125/2125/2125
f 2173/2173/2173 2174/2174/2174 2125/2125/2125
f 2125/2125/2125 2174/2174/2174 2126/2126/2126
f 2174/2174/2174 2175/2175/2175 2126/2126/2126
f 2126/2126/2126 2175/2175/2175 2127/2127/2127
f 2175/2175/2175 2176/2176/2176 2127/2127/2127
f 2127/2127/2127 2176/2176/2176 2128/2128/2128
f 2176/2176/2176 2177/2177/2177 2128/2128/2128
f 2128/2128/2128 2177/2177/2177 2129/2129/2129
f 2177/2177/2177 2178/2178/2178 2129/2129/2129
f 2129/2129/2129 2178/2178/2178 2130/2130/2130
f 2178/2178/2178 2179/2179/2179 2130/2130/2130
f 2130/2130/2130 2179/2179/2179 2131/2131/2131
f 2179/2179/2179 2180/2180/2180 2131/2131/2131
f 2131/2131/2131 2180/2180/2180 2132/2132/2132
f 2180/2180/2180 2181/2181/2181 2132/2132/2132
f 2132/2132/2132 2181/2181/2181 2133/2133/2133
f 2181/2181/2181 2182/2182/2182 2133/2133/2133
f 2133/2133/2133 2182/2182/2182 2134/2134/2134
f 2182/2182/2182 2183/2183/2183 2134/2134/2134
f 2134/2134/2134 2183/2183/2183 2135/2135/2135
f 2183/2183/2183 2184/2184/2184 2135/2135/2135
f 2135/2135/2135 2184/2184/2184 2136/2136/2136
f 2184/2184/2184 2185/2185/2185 2136/2136/2136
f 2136/2136/2136 2185/2185/2185 2137/2137/2137
f 2185/2185/2185 2186/2186/2186 2137/2137/2137
f 2137/2137/2137 2186/2186/2186 2138/2138/2138
f 2186/2186/2186 2187/2187/2187 2138/2138/2138
f 2138/2138/2138 2187/2187/2187 2139/2139/2139
f 2187/2187/2187 2188/2188/2188 2139/2139/2139
f 2139/2139/2139 2188/2188/2188 2140/2140/2140
f 2188/2188/2188 2189/2189/2189 2140/2140/2140
f 2140/2140/2140 2189/2189/2189 2141/2141/2141
f 2189/2189/2189 2190/2190/2190 2141/2141/2141
f 2141/2141/2141 2190/2190/2190 2142/2142/2142
f 2190/2190/2190 2191/2191/2191 2142/2142/2142
f 2142/2142/2142 2191/2191/2191 2143/2143/2143
f 2191/2191/2191 2192/2192/2192 2143/2143/2143
f 2143/2143/2143 2192/2192/2192 2144/2144/2144
f 2192/2192/2192 2193/2193/2193 2144/2144/2144
f 2144/2144/2144 2193/2193/2193 2145/2145/2145
f 2193/2193/2193 2194/2194/2194 2145/2145/2145
f 2145/2145/2145 2194/2194/2194 2146/2146/2146
f 2194/2194/2194 2195/2195/2195 2146/2146/2146
f 2146/2146/2146 2195/2195/2195 2147/2147/2147
f 2195/2195/2195 2196/2196/2196 2147/2147/2147
f 2147/2147/2147 2196/2196/2196 2148/2148/2148
f 2196/2196/2196 2197/2197/2197 2148/2148/2148
f 2148/2148/2148 2197/2197/2197 2149/2149/2149
f 2197/2197/2197 2198/2198/2198 2149/2149/2149
f 2149/2149/2149 2198/2198/2198 2150/2150/2150
f 2198/2198/2198 2199/2199/2199 2150/2150/2150
f 2150/2150/2150 2199/2199/2199 2151/2151/2151
f 2199/2199/2199 2200/2200/2200 2151/2151/2151
f 2151/2151/2151 2200/2200/2200 2152/2152/2152
f 2200/2200/2200 2201/2201/2201 2152/2152/2152
f 2152/2152/2152 2201/2201/2201 2153/2153/2153
f 2201/2201/2201 2202/2202/2202 2153/2153/2153
f 2153/2153/2153 2202/2202/2202 2154/2154/2154
f 2202/2202/2202 2203/2203/2203 2154/2154/2154
f 2154/2154/2154 2203/2203/2203 2155/2155/2155
f 2203/2203/2203 2204/2204/2204 2155/2155/2155
f 2155/2155/2155 2204/2204/2204 2156/2156/2156
f 2204/2204/2204 2205/2205/2205 2156/2156/2156
f 2157/2157/2157 2206/2206/2206 2158/2158/2158
f 2206/2206/2206 2207/2207/2207 2158/2158/2158
f 2158/2158/2158 2207/2207/2207 2159/2159/2159
f 2207/2207/2207 2208/2208/2208 2159/2159/2159
f 2159/2159/2159 2208/2208/2208 2160/2160/2160
f 2208/2208/2208 2209/2209/2209 2160/2160/2160
f 2160/2160/2160 2209/2209/2209 2161/2161/2161
f 2209/2209/2209 2210/2210/2210 2161/2161/2161
f 2161/2161/2161 2210/2210/2210 2162/2162/2162
f 2210/2210/2210 2211/2211/2211 2162/2162/2162
f 2162/2162/2162 2211/2211/2211 2163/2163/2163
f 2211/2211/2211 2212/2212/2212 2163/2163/2163
f 2163/2163/2163 2212/2212/2212 2164/2164/2164
f 2212/2212/2212 2213/2213/2213 2164/2164/2164
f 2164/2164/2164 2213/2213/2213 2165/2165/2165
f 2213/2213/2213 2214/2214/2214 2165/2165/2165
f 2165/2165/2165 2214/2214/2214 2166/2166/2166
f 2214/2214/2214 2215/2215/2215 2166/2166/2166
f 2166/2166/2166 2215/2215/2215 2167/2167/2167
f 2215/2215/2215 2216/2216/2216 2167/2167/2167
f 2167/2167/2167 2216/2216/2216 2168/2168/2168
f 2216/2216/2216 2217/2217/2217 2168/2168/2168
f 2168/2168/2168 2217/2217/2217 2169/2169/2169
f 2217/2217/2217 2218/2218/2218 2169/2169/2169
f 2169/2169/2169 2218/2218/2218 2170/2170/2170
f 2218/2218/2218 2219/2219/2219 2170/2170/2170
f 2170/2170/2170 2219/2219/2219 2171/2171/2171
f 2219/2219/2219 2220/2220/2220 2171/2171/2171
f 2171/2171/2171 2220/2220/2220 2172/2172/2172
f 2220/2220/2220 2221/2221/2221 2172/2172/2172
f 2172/2172/2172 2221/2221/2221 2173/2173/2173
f 2221/2221/2221 2222/2222/2222 2173/2173/2173
f 2173/2173/2173 2222/2222/2222 2174/2174/2174
f 2222/2222/2222 2223/2223/2223 2174/2174/2174
f 2174/2174/2174 2223/2223/2223 2175/2175/2175
f 2223/2223/2223 2224/2224/2224 2175/2175/2175
f 2175/2175/2175 2224/2224/2224 2176/2176/2176
f 2224/2224/2224 2225/2225/2225 2176/2176/2176
f 2176/2176/2176 2225/2225/2225 2177/2177/2177
f 2225/2225/2225 2226/2226/2226 2177/2177/2177
f 2177/2177/2177 2226/2226/2226 2178/2178/2178
f 2226/2226/2226 2227/2227/2227 2178/2178/2178
f 2178/2178/2178 2227/2227/2227 2179/2179/2179
f 2227/2227/2227 2228/2228/2228 2179/2179/2179
f 2179/2179/2179 2228/2228/2228 2180/2180/2180
f 2228/2228/2228 2229/2229/2229 2180/2180/2180
f 2180/2180/2180 2229/2229/2229 2181/2181/2181
f 2229/2229/2229 2230/2230/2230 2181/2181/2181
f 2181/2181/2181 2230/2230/2230 2182/2182/2182
f 2230/2230/2230 2231/2231/2231 2182/2182/2182
f 2182/2182/2182 2231/2231/2231 2183/2183/2183
f 2231/2231/2231 2232/2232/2232 2183/2183/2183
f 2183/2183/2183 2232/2232/2232 2184/2184/2184
f 2232/2232/2232 2233/2233/2233 2184/2184/2184
f 2184/2184/2184 2233/2233/2233 2185/2185/2185
f 2233/2233/2233 2234/2234/2234 2185/2185/2185
f 2185/2185/2185 2234/2234/2234 2186/2186/2186
f 2234/2234/2234 2235/2235/2235 2186/2186/2186
f 2186/2186/2186 2235/2235/2235 2187/2187/2187
f 2235/2235/2235 2236/2236/2236 2187/2187/2187
f 2187/2187/2187 2236/2236/2236 2188/2188/2188
f 2236/2236/2236 2237/2237/2237 2188/2188/2188
f 2188/2188/2188 2237/2237/2237 2189/2189/2189
f 2237/2237/2237 2238/2238/2238 2189/2189/2189
f 2189/2189/2189 2238/2238/2238 2190/2190/2190
f 2238/2238/2238 2239/2239/2239 2190/2190/2190
f 2190/2190/2190 2239/2239/2239 2191/2191/2191
f 2239/2239/2239 2240/2240/2240 2191/2191/2191
f 2191/2191/2191 2240/2240/2240 2192/2192/2192
f 2240/2240/2240 2241/2241/2241 2192/2192/2192
f 2192/2192/2192 2241/2241/2241 2193/2193/2193
f 2241/2241/2241 2242/2242/2242 2193/2193/2193
f 2193/2193/2193 2242/2242/2242 2194/2194/2194
f 2242/2242/2242 2243/2243/2243 2194/2194/2194
f 2194/2194/2194 2243/2243/2243 2195/2195/2195
f 2243/2243/2243 2244/2244/2244 2195/2195/2195
f 2195/2195/2195 2244/2244/2244 2196/2196/2196
f 2244/2244/2244 2245/2245/2245 2196/2196/2196
f 2196/2196/2196 2245/2245/2245 2197/2197/2197
f 2245/2245/2245 2246/2246/2246 2197/2197/2197
f 2197/2197/2197 2246/2246/2246 2198/2198/2198
f 2246/2246/2246 2247/2247/2247 2198/2198/2198
f 2198/2198/2198 2247/2247/2247 2199/2199/2199
f 2247/2247/2247 2248/2248/2248 2199/2199/2199
f 2199/2199/2199 2248/2248/2248 2200/2200/2200
f 2248/2248/2248 2249/2249/2249 2200/2200/2200
f 2200/2200/2200 2249/2249/2249 2201/2201/2201
f 2249/2249/2249 2250/2250/2250 2201/2201/2201
f 2201/2201/2201 2250/2250/2250 2202/2202/2202
f 2250/2250/2250 2251/2251/2251 2202/2202/2202
f 2202/2202/2202 2251/2251/2251 2203/2203/2203
f 2251/2251/2251 2252/2252/2252 2203/2203/2203
f 2203/2203/2203 2252/2252/2252 2204/2204/2204
f 2252/2252/2252 2253/2253/2253 2204/2204/2204
f 2204/2204/2204 2253/2253/2253 2205/2205/2205
f 2253/2253/2253 2254/2254/2254 2205/2205/2205
f 2206/2206/2206 2255/2255/2255 2207/2207/2207
f 2255/2255/2255 2256/2256/2256 2207/2207/2207
f 2207/2207/2207 2256/2256/2256 2208/2208/2208
f 2256/2256/2256 2257/2257/2257 2208/2208/2208
f 2208/2208/2208 2257/2257/2257 2209/2209/2209
f 2257/2257/2257 2258/2258/2258 2209/2209/2209
f 2209/2209/2209 2258/2258/2258 2210/2210/2210
f 2258/2258/2258 2259/2259/2259 2210/2210/2210
f 2210/2210/2210 2259/2259/2259 2211/2211/2211
f 2259/2259/2259 2260/2260/2260 2211/2211/2211
f 2211/2211/2211 2260/2260/2260 2212/2212/2212
f 2260/2260/2260 2261/2261/2261 2212/2212/2212
f 2212/2212/2212 2261/2261/2261 2213/2213/2213
f 2261/2261/2261 2262/2262/2262 2213/2213/2213
f 2213/2213/2213 2262/2262/2262 2214/2214/2214
f 2262/2262/2262 2263/2263/2263 2214/2214/2214
f 2214/2214/2214 2263/2263/2263 2215/2215/2215
f 2263/2263/2263 2264/2264/2264 2215/2215/2215
f 2215/2215/2215 2264/2264/2264 2216/2216/2216
f 2264/2264/2264 2265/2265/2265 2216/2216/2216
f 2216/2216/2216 2265/2265/2265 2217/2217/2217
f 2265/2265/2265 2266/2266/2266 2217/2217/2217
f 2217/2217/2217 2266/2266/2266 2218/2218/2218
f 2266/2266/2266 2267/2267/2267 2218/2218/2218
f 2218/2218/2218 2267/2267/2267 2219/2219/2219
f 2267/2267/2267 2268/2268/2268 2219/2219/2219
f 2219/2219/2219 2268/2268/2268 2220/2220/2220
f 2268/2268/2268 2269/2269/2269 2220/2220/2220
f 2220/2220/2220 2269/2269/2269 2221/2221/2221
f 2269/2269/2269 2270/2270/2270 2221/2221/2221
f 2221/2221/2221 2270/2270/2270 2222/2222/2222
f 2270/2270/2270 2271/2271/2271 2222/2222/2222
f 2222/2222/2222 2271/2271/2271 2223/2223/2223
f 2271/2271/2271 2272/2272/2272 2223/2223/2223
f 2223/2223/2223 2272/2272/2272 2224/2224/2224
f 2272/2272/2272 2273/2273/2273 2224/2224/2224
f 2224/2224/2224 2273/2273/2273 2225/2225/2225
f 2273/2273/2273 2274/2274/2274 2225/2225/2225
f 2225/2225/2225 2274/2274/2274 2226/2226/2226
f 2274/2274/2274 2275/2275/2275 2226/2226/2226
f 2226/2226/2226 2275/2275/2275 2227/2227/2227
f 2275/2275/2275 2276/2276/2276 2227/2227/2227
f 2227/2227/2227 2276/2276/2276 2228/2228/2228
f 2276/2276/2276 2277/2277/2277 2228/2228/2228
f 2228/2228/2228 2277/2277/2277 2229/2229/2229
f 2277/2277/2277 2278/2278/2278 2229/2229/2229
f 2229/2229/2229 2278/2278/2278 2230/2230/2230
f 2278/2278/2278 2279/2279/2279 2230/2230/2230
f 2230/2230/2230 2279/2279/2279 2231/2231/2231
f 2279/2279/2279 2280/2280/2280 2231/2231/2231
f 2231/2231/2231 2280/2280/2280 2232/2232/2232
f 2280/2280/2280 2281/2281/2281 2232/2232/2232
f 2232/2232/2232 2281/2281/2281 2233/2233/2233
f 2281/2281/2281 2282/2282/2282 2233/2233/2233
f 2233/2233/2233 2282/2282/2282 2234/2234/2234
f 2282/2282/2282 2283/2283/2283 2234/2234/2234
f 2234/2234/2234 2283/2283/2283 2235/2235/2235
f 2283/2283/2283 2284/2284/2284 2235/2235/2235
f 2235/2235/2235 2284/2284/2284 2236/2236/2236
f 2284/2284/2284 2285/2285/2285 2236/2236/2236
f 2236/2236/2236 2285/2285/2285 2237/2237/2237
f 2285/2285/2285 2286/2286/2286 2237/2237/2237
f 2237/2237/2237 2286/2286/2286 2238/2238/2238
f 2286/2286/2286 2287/2287/2287 2238/2238/2238
f 2238/2238/2238 2287/2287/2287 2239/2239/2239
f 2287/2287/2287 2288/2288/2288 2239/2239/2239
f 2239/2239/2239 2288/2288/2288 2240/2240/2240
f 2288/2288/2288 2289/2289/2289 2240/2240/2240
f 2240/2240/2240 2289/2289/2289 2241/2241/2241
f 2289/2289/2289 2290/2290/2290 2241/2241/2241
f 2241/2241/2241 2290/2290/2290 2242/2242/2242
f 2290/2290/2290 2291/2291/2291 2242/2242/2242
f 2242/2242/2242 2291/2291/2291 2243/2243/2243
f 2291/2291/2291 2292/2292/2292 2243/2243/2243
f 2243/2243/2243 2292/2292/2292 2244/2244/2244
f 2292/2292/2292 2293/2293/2293 2244/2244/2244
f 2244/2244/2244 2293/2293/2293 2245/2245/2245
f 2293/2293/2293 2294/2294/2294 2245/2245/2245
f 2245/2245/2245 2294/2294/2294 2246/2246/2246
f 2294/2294/2294 2295/2295/2295 2246/2246/2246
f 2246/2246/2246 2295/2295/2295 2247/2247/2247
f 2295/2295/2295 2296/2296/2296 2247/2247/2247
f 2247/2247/2247 2296/2296/2296 2248/2248/2248
f 2296/2296/2296 2297/2297/2297 2248/2248/2248
f 2248/2248/2248 2297/2297/2297 2249/2249/2249
f 2297/2297/2297 2298/2298/2298 2249/2249/2249
f 2249/2249/2249 2298/2298/2298 2250/2250/2250
f 2298/2298/2298 2299/2299/2299 2250/2250/2250
f 2250/2250/2250 2299/2299/2299 2251/2251/2251
f 2299/2299/2299 2300/2300/2300 2251/2251/2251
f 2251/2251/2251 2300/2300/2300 2252/2252/2252
f 2300/2300/2300 2301/2301/2301 2252/2252/2252
f 2252/2252/2252 2301/2301/2301 2253/2253/2253
f 2301/2301/2301 2302/2302/2302 2253/2253/2253
f 2253/2253/2253 2302/2302/2302 2254/2254/2254
f 2302/2302/2302 2303/2303/2303 2254/2254/2254
f 2255/2255/2255 2304/2304/2304 2256/2256/2256
f 2304/2304/2304 2305/2305/2305 2256/2256/2256
f 2256/2256/2256 2305/2305/2305 2257/2257/2257
f 2305/2305/2305 2306/2306/2306 2257/2257/2257
f 2257/2257/2257 2306/2306/2306 2258/2258/2258
f 2306/2306/2306 2307/2307/2307 2258/2258/2258
f 2258/2258/2258 2307/2307/2307 2259/2259/2259
f 2307/2307/2307 2308/2308/2308 2259/2259/2259
f 2259/2259/2259 2308/2308/2308 2260/2260/2260
f 2308/2308/2308 2309/2309/2309 2260/2260/2260
f 2260/2260/2260 2309/2309/2309 2261/2261/2261
f 2309/2309/2309 2310/2310/2310 2261/2261/2261
f 2261/2261/2261 2310/2310/2310 2262/2262/2262
f 2310/2310/2310 2311/2311/2311 2262/2262/2262
f 2262/2262/2262 2311/2311/2311 2263/2263/2263
f 2311/2311/2311 2312/2312/2312 2263/2263/2263
f 2263/2263/2263 2312/2312/2312 2264/2264/2264
f 2312/2312/2312 2313/2313/2313 2264/2264/2264
f 2264/2264/2264 2313/2313/2313 2265/2265/2265
f 2313/2313/2313 2314/2314/2314 2265/2265/2265
f 2265/2265/2265 2314/2314/2314 2266/2266/2266
f 2314/2314/2314 2315/2315/2315 2266/2266/2266
f 2266/2266/2266 2315/2315/2315 2267/2267/2267
f 2315/2315/2315 2316/2316/2316 2267/2267/2267
f 2267/2267/2267 2316/2316/2316 2268/2268/2268
f 2316/2316/2316 2317/2317/2317 2268/2268/2268
f 2268/2268/2268 2317/2317/2317 2269/2269/2269
f 2317/2317/2317 2318/2318/2318 2269/2269/2269
f 2269/2269/2269 2318/2318/2318 2270/2270/2270
f 2318/2318/2318 2319/2319/2319 2270/2270/2270
f 2270/2270/2270 2319/2319/2319 2271/2271/2271
f 2319/2319/2319 2320/2320/2320 2271/2271/2271
f 2271/2271/2271 2320/2320/2320 2272/2272/2272
f 2320/2320/2320 2321/2321/2321 2272/2272/2272
f 2272/2272/2272 2321/2321/2321 2273/2273/2273
f 2321/2321/2321 2322/2322/2322 2273/2273/2273
f 2273/2273/2273 2322/2322/2322 2274/2274/2274
f 2322/2322/2322 2323/2323/2323 2274/2274/2274
f 2274/2274/2274 2323/2323/2323 2275/2275/2275
f 2323/2323/2323 2324/2324/2324 2275/2275/2275
f 2275/2275/2275 2324/2324/2324 2276/2276/2276
f 2324/2324/2324 2325/2325/2325 2276/2276/2276
f 2276/2276/2276 2325/2325/2325 2277/2277/2277
f 2325/2325/2325 2326/2326/2326 2277/2277/2277
f 2277/2277/2277 2326/2326/2326 2278/2278/2278
f 2326/2326/2326 2327/2327/2327 2278/2278/2278
f 2278/2278/2278 2327/2327/2327 2279/2279/2279
f 2327/2327/2327 2328/2328/2328 2279/2279/2279
f 2279/2279/2279 2328/2328/2328 2280/2280/2280
f 2328/2328/2328 2329/2329/2329 2280/2280/2280
f 2280/2280/2280 2329/2329/2329 2281/2281/2281
f 2329/2329/2329 2330/2330/2330 2281/2281/2281
f 2281/2281/2281 2330/2330/2330 2282/2282/2282
f 2330/2330/2330 2331/2331/2331 2282/2282/2282
f 2282/2282/2282 2331/2331/2331 2283/2283/2283
f 2331/2331/2331 2332/2332/2332 2283/2283/2283
f 2283/2283/2283 2332/2332/2332 2284/2284/2284
f 2332/2332/2332 2333/2333/2333 2284/2284/2284
f 2284/2284/2284 2333/2333/2333 2285/2285/2285
f 2333/2333/2333 2334/2334/2334 2285/2285/2285
f 2285/2285/2285 2334/2334/2334 2286/2286/2286
f 2334/2334/2334 2335/2335/2335 2286/2286/2286
f 2286/2286/2286 2335/2335/2335 2287/2287/2287
f 2335/2335/2335 2336/2336/2336 2287/2287/2287
f 2287/2287/2287 2336/2336/2336 2288/2288/2288
f 2336/2336/2336 2337/2337/2337 2288/2288/2288
f 2288/2288/2288 2337/2337/2337 2289/2289/2289
f 2337/2337/2337 2338/2338/2338 2289/2289/2289
f 2289/2289/2289 2338/2338/2338 2290/2290/2290
f 2338/2338/2338 2339/2339/2339 2290/2290/2290
f 2290/2290/2290 2339/2339/2339 2291/2291/2291
f 2339/2339/2339 2340/2340/2340 2291/2291/2291
f 2291/2291/2291 2340/2340/2340 2292/2292/2292
f 2340/2340/2340 2341/2341/2341 2292/2292/2292
f 2292/2292/2292 2341/2341/2341 2293/2293/2293
f 2341/2341/2341 2342/2342/2342 2293/2293/2293
f 2293/2293/2293 2342/2342/2342 2294/2294/2294
f 2342/2342/2342 2343/2343/2343 2294/2294/2294
f 2294/2294/2294 2343/2343/2343 2295/2295/2295
f 2343/2343/2343 2344/2344/2344 2295/2295/2295
f 2295/2295/2295 2344/2344/2344 2296/2296/2296
f 2344/2344/2344 2345/2345/2345 2296/2296/2296
f 2296/2296/2296 2345/2345/2345 2297/2297/2297
f 2345/2345/2345 2346/2346/2346 2297/2297/2297
f 2297/2297/2297 2346/2346/2346 2298/2298/2298
f 2346/2346/2346 2347/2347/2347 2298/2298/2298
f 2298/2298/2298 2347/2347/2347 2299/2299/2299
f 2347/2347/2347 2348/2348/2348 2299/2299/2299
f 2299/2299/2299 2348/2348/2348 2300/2300/2300
f 2348/2348/2348 2349/2349/2349 2300/2300/2300
f 2300/2300/2300 2349/2349/2349 2301/2301/2301
f 2349/2349/2349 2350/2350/2350 2301/2301/2301
f 2301/2301/2301 2350/2350/2350 2302/2302/2302
f 2350/2350/2350 2351/2351/2351 2302/2302/2302
f 2302/2302/2302 2351/2351/2351 2303/2303/2303
f 2351/2351/2351 2352/2352/2352 2303/2303/2303
# Vertices: 2352, normals: 2352, texture coordinates: 2352, faces: 4512

