# File generated by ImageToStl.com - Free Image and 3D model conversion tools

mtllib Ground.mtl

o obj1
v -826.44946289 237.08940125 -206.61236572
v -826.44946289 237.25775146 -165.28988647
v -785.12701416 236.56677246 -206.61236572
v -785.12701416 236.79646301 -165.28988647
v -743.80450439 236.66748047 -206.61236572
v -743.80450439 236.94264221 -165.28988647
v -702.48205566 236.61094666 -206.61236572
v -702.48205566 237.2401886 -165.28988647
v -661.1595459 236.62744141 -206.61236572
v -661.1595459 237.15548706 -165.28988647
v -619.83709717 237.18972778 -206.61236572
v -619.83709717 237.42851257 -165.28988647
v -578.51464844 237.30076599 -206.61236572
v -578.51464844 237.24868774 -165.28988647
v -537.19213867 237.23010254 -206.61236572
v -537.19213867 237.383255 -165.28988647
v -495.86968994 237.09005737 -206.61236572
v -495.86968994 237.20033264 -165.28988647
v -454.54721069 237.65447998 -206.61236572
v -454.54721069 237.06111145 -165.28988647
v -413.22473145 235.36407471 -206.61236572
v -413.22473145 237.45071411 -165.28988647
v -371.9022522 231.72163391 -206.61236572
v -371.9022522 235.98049927 -165.28988647
v -330.57977295 231.08354187 -206.61236572
v -330.57977295 232.57107544 -165.28988647
v -289.25732422 231.46688843 -206.61236572
v -289.25732422 231.19869995 -165.28988647
v -247.93484497 235.01501465 -206.61236572
v -247.93484497 231.77792358 -165.28988647
v -206.61236572 237.37268066 -206.61236572
v -206.61236572 234.3530426 -165.28988647
v -165.28988647 236.96109009 -206.61236572
v -165.28988647 236.0896759 -165.28988647
v -123.96742249 237.27804565 -206.61236572
v -123.96742249 237.1736908 -165.28988647
v -82.64494324 237.56057739 -206.61236572
v -82.64494324 237.8510437 -165.28988647
v -41.32247162 237.92524719 -206.61236572
v -41.32247162 238.39202881 -165.28988647
v 0 238.3321991 -206.61236572
v 0 238.72227478 -165.28988647
v 41.32247162 238.22302246 -206.61236572
v 41.32247162 238.72200012 -165.28988647
v 82.64494324 238.21009827 -206.61236572
v 82.64494324 238.56288147 -165.28988647
v 123.96742249 238.19113159 -206.61236572
v 123.96742249 238.27464294 -165.28988647
v -826.44946289 237.14744568 -123.96742249
v -785.12701416 237.20811462 -123.96742249
v -743.80450439 237.31681824 -123.96742249
v -702.48205566 237.52119446 -123.96742249
v -661.1595459 237.75331116 -123.96742249
v -619.83709717 237.57569885 -123.96742249
v -578.51464844 237.24990845 -123.96742249
v -537.19213867 237.28395081 -123.96742249
v -495.86968994 237.47579956 -123.96742249
v -454.54721069 237.46284485 -123.96742249
v -413.22473145 237.46958923 -123.96742249
v -371.9022522 238.21948242 -123.96742249
v -330.57977295 237.48080444 -123.96742249
v -289.25732422 234.12901306 -123.96742249
v -247.93484497 231.7341156 -123.96742249
v -206.61236572 231.28520203 -123.96742249
v -165.28988647 232.25204468 -123.96742249
v -123.96742249 234.98776245 -123.96742249
v -82.64494324 237.38290405 -123.96742249
v -41.32247162 238.3458252 -123.96742249
v 0 238.70471191 -123.96742249
v 41.32247162 238.74108887 -123.96742249
v 82.64494324 238.56968689 -123.96742249
v 123.96742249 238.30331421 -123.96742249
v -826.44946289 237.29548645 -82.64494324
v -785.12701416 237.24952698 -82.64494324
v -743.80450439 237.24700928 -82.64494324
v -702.48205566 237.39579773 -82.64494324
v -661.1595459 237.49128723 -82.64494324
v -619.83709717 237.48016357 -82.64494324
v -578.51464844 237.51760864 -82.64494324
v -537.19213867 237.13586426 -82.64494324
v -495.86968994 237.41656494 -82.64494324
v -454.54721069 237.76478577 -82.64494324
v -413.22473145 237.88751221 -82.64494324
v -371.9022522 238.23455811 -82.64494324
v -330.57977295 238.40895081 -82.64494324
v -289.25732422 238.16751099 -82.64494324
v -247.93484497 236.69297791 -82.64494324
v -206.61236572 233.65263367 -82.64494324
v -165.28988647 231.95906067 -82.64494324
v -123.96742249 231.56442261 -82.64494324
v -82.64494324 233.32286072 -82.64494324
v -41.32247162 236.27145386 -82.64494324
v 0 238.7414093 -82.64494324
v 41.32247162 238.621521 -82.64494324
v 82.64494324 238.50270081 -82.64494324
v 123.96742249 238.04154968 -82.64494324
v -826.44946289 236.94174194 -41.32247162
v -785.12701416 236.82495117 -41.32247162
v -743.80450439 236.85717773 -41.32247162
v -702.48205566 237.04833984 -41.32247162
v -661.1595459 237.17529297 -41.32247162
v -619.83709717 237.24868774 -41.32247162
v -578.51464844 237.22782898 -41.32247162
v -537.19213867 237.10787964 -41.32247162
v -495.86968994 237.26403809 -41.32247162
v -454.54721069 237.5221405 -41.32247162
v -413.22473145 237.87507629 -41.32247162
v -371.9022522 238.29071045 -41.32247162
v -330.57977295 238.32168579 -41.32247162
v -289.25732422 238.24028015 -41.32247162
v -247.93484497 238.62269592 -41.32247162
v -206.61236572 238.1502533 -41.32247162
v -165.28988647 236.41864014 -41.32247162
v -123.96742249 233.73126221 -41.32247162
v -82.64494324 231.78617859 -41.32247162
v -41.32247162 231.76907349 -41.32247162
v 0 234.1153717 -41.32247162
v 41.32247162 236.19854736 -41.32247162
v 82.64494324 237.18365479 -41.32247162
v 123.96742249 237.17288208 -41.32247162
v -826.44946289 236.62319946 0
v -785.12701416 236.66941833 0
v -743.80450439 236.7701416 0
v -702.48205566 236.90779114 0
v -661.1595459 237.05661011 0
v -619.83709717 237.06575012 0
v -578.51464844 237.04881287 0
v -537.19213867 237.15922546 0
v -495.86968994 237.43002319 0
v -454.54721069 237.69320679 0
v -413.22473145 238.17604065 0
v -371.9022522 237.69358826 0
v -330.57977295 237.16149902 0
v -289.25732422 236.97557068 0
v -247.93484497 237.14326477 0
v -206.61236572 237.27435303 0
v -165.28988647 237.23886108 0
v -123.96742249 237.28630066 0
v -82.64494324 236.28295898 0
v -41.32247162 234.34991455 0
v 0 231.89677429 0
v 41.32247162 231.71366882 0
v 82.64494324 233.61694336 0
v 123.96742249 235.98565674 0
v -826.44946289 235.3059082 41.32247162
v -785.12701416 236.52339172 41.32247162
v -743.80450439 236.88102722 41.32247162
v -702.48205566 236.96311951 41.32247162
v -661.1595459 237.0466156 41.32247162
v -619.83709717 237.01329041 41.32247162
v -578.51464844 237.13591003 41.32247162
v -537.19213867 237.55903625 41.32247162
v -495.86968994 237.83779907 41.32247162
v -454.54721069 237.84580994 41.32247162
v -413.22473145 237.30822754 41.32247162
v -371.9022522 237.37664795 41.32247162
v -330.57977295 238.25250244 41.32247162
v -289.25732422 235.5014801 41.32247162
v -247.93484497 237.91757202 41.32247162
v -206.61236572 238.77947998 41.32247162
v -165.28988647 238.21224976 41.32247162
v -123.96742249 237.27520752 41.32247162
v -82.64494324 237.85568237 41.32247162
v -41.32247162 238.8556366 41.32247162
v 0 236.89750671 41.32247162
v 41.32247162 232.92604065 41.32247162
v 82.64494324 231.26573181 41.32247162
v 123.96742249 232.06304932 41.32247162
v -826.44946289 234.48774719 82.64494324
v -785.12701416 235.47384644 82.64494324
v -743.80450439 236.5680542 82.64494324
v -702.48205566 236.96640015 82.64494324
v -661.1595459 237.25180054 82.64494324
v -619.83709717 237.41452026 82.64494324
v -578.51464844 237.57382202 82.64494324
v -537.19213867 238.22865295 82.64494324
v -495.86968994 238.27674866 82.64494324
v -454.54721069 237.83898926 82.64494324
v -413.22473145 237.50210571 82.64494324
v -371.9022522 238.25198364 82.64494324
v -330.57977295 237.42790222 82.64494324
v -289.25732422 233.83108521 82.64494324
v -247.93484497 237.43487549 82.64494324
v -206.61236572 238.08836365 82.64494324
v -165.28988647 238.32513428 82.64494324
v -123.96742249 238.33119202 82.64494324
v -82.64494324 238.4732666 82.64494324
v -41.32247162 238.85409546 82.64494324
v 0 238.79748535 82.64494324
v 41.32247162 238.04519653 82.64494324
v 82.64494324 234.70292664 82.64494324
v 123.96742249 231.66104126 82.64494324
v -826.44946289 235.94444275 123.96742249
v -785.12701416 234.73529053 123.96742249
v -743.80450439 235.49159241 123.96742249
v -702.48205566 236.4546814 123.96742249
v -661.1595459 236.97161865 123.96742249
v -619.83709717 237.34132385 123.96742249
v -578.51464844 237.6318512 123.96742249
v -537.19213867 237.62364197 123.96742249
v -495.86968994 237.652771 123.96742249
v -454.54721069 238.2464447 123.96742249
v -413.22473145 237.99186707 123.96742249
v -371.9022522 237.73193359 123.96742249
v -330.57977295 237.12162781 123.96742249
v -289.25732422 236.76019287 123.96742249
v -247.93484497 237.41271973 123.96742249
v -206.61236572 237.52610779 123.96742249
v -165.28988647 237.96334839 123.96742249
v -123.96742249 238.69372559 123.96742249
v -82.64494324 238.91737366 123.96742249
v -41.32247162 238.41294861 123.96742249
v 0 237.99058533 123.96742249
v 41.32247162 238.09117126 123.96742249
v 82.64494324 238.62794495 123.96742249
v 123.96742249 236.94332886 123.96742249
v -826.44946289 237.56040955 165.28988647
v -785.12701416 235.7960968 165.28988647
v -743.80450439 234.65519714 165.28988647
v -702.48205566 235.46192932 165.28988647
v -661.1595459 236.83148193 165.28988647
v -619.83709717 237.48957825 165.28988647
v -578.51464844 237.55326843 165.28988647
v -537.19213867 237.42124939 165.28988647
v -495.86968994 238.36558533 165.28988647
v -454.54721069 238.04481506 165.28988647
v -413.22473145 237.87145996 165.28988647
v -371.9022522 237.52294922 165.28988647
v -330.57977295 237.00572205 165.28988647
v -289.25732422 237.03230286 165.28988647
v -247.93484497 237.13600159 165.28988647
v -206.61236572 237.42927551 165.28988647
v -165.28988647 237.88961792 165.28988647
v -123.96742249 238.39268494 165.28988647
v -82.64494324 238.73188782 165.28988647
v -41.32247162 238.47808838 165.28988647
v 0 237.93412781 165.28988647
v 41.32247162 237.99987793 165.28988647
v 82.64494324 238.24604797 165.28988647
v 123.96742249 239.80039978 165.28988647
v -826.44946289 238.32522583 206.61236572
v -785.12701416 236.80712891 206.61236572
v -743.80450439 235.77935791 206.61236572
v -702.48205566 234.67211914 206.61236572
v -661.1595459 235.30439758 206.61236572
v -619.83709717 236.96580505 206.61236572
v -578.51464844 237.22441101 206.61236572
v -537.19213867 238.00408936 206.61236572
v -495.86968994 237.91111755 206.61236572
v -454.54721069 237.59767151 206.61236572
v -413.22473145 237.49873352 206.61236572
v -371.9022522 237.33404541 206.61236572
v -330.57977295 237.30270386 206.61236572
v -289.25732422 237.68531799 206.61236572
v -247.93484497 238.44628906 206.61236572
v -206.61236572 238.45573425 206.61236572
v -165.28988647 238.46612549 206.61236572
v -123.96742249 238.36317444 206.61236572
v -82.64494324 238.42927551 206.61236572
v -41.32247162 238.34713745 206.61236572
v 0 238.00097656 206.61236572
v 41.32247162 238.12251282 206.61236572
v 82.64494324 238.88891602 206.61236572
v 123.96742249 239.85731506 206.61236572
v -826.44946289 247.65534973 247.93484497
v -785.12701416 239.49737549 247.93484497
v -743.80450439 236.93202209 247.93484497
v -702.48205566 236.12640381 247.93484497
v -661.1595459 235.06161499 247.93484497
v -619.83709717 234.89390564 247.93484497
v -578.51464844 236.05459595 247.93484497
v -537.19213867 237.14408875 247.93484497
v -495.86968994 237.53422546 247.93484497
v -454.54721069 237.78424072 247.93484497
v -413.22473145 237.35662842 247.93484497
v -371.9022522 237.32165527 247.93484497
v -330.57977295 238.0743866 247.93484497
v -289.25732422 238.45263672 247.93484497
v -247.93484497 238.98490906 247.93484497
v -206.61236572 238.93180847 247.93484497
v -165.28988647 238.67893982 247.93484497
v -123.96742249 238.36073303 247.93484497
v -82.64494324 237.88690186 247.93484497
v -41.32247162 237.78637695 247.93484497
v 0 237.93353271 247.93484497
v 41.32247162 238.05262756 247.93484497
v 82.64494324 238.7361908 247.93484497
v 123.96742249 239.74298096 247.93484497
v -826.44946289 261.09832764 289.25732422
v -785.12701416 248.07069397 289.25732422
v -743.80450439 238.70883179 289.25732422
v -702.48205566 237.35588074 289.25732422
v -661.1595459 237.1809845 289.25732422
v -619.83709717 235.96833801 289.25732422
v -578.51464844 234.97756958 289.25732422
v -537.19213867 235.29058838 289.25732422
v -495.86968994 236.25192261 289.25732422
v -454.54721069 236.89945984 289.25732422
v -413.22473145 237.19140625 289.25732422
v -371.9022522 236.99455261 289.25732422
v -330.57977295 237.89506531 289.25732422
v -289.25732422 238.55357361 289.25732422
v -247.93484497 238.92195129 289.25732422
v -206.61236572 238.93856812 289.25732422
v -165.28988647 238.80532837 289.25732422
v -123.96742249 238.34735107 289.25732422
v -82.64494324 237.76878357 289.25732422
v -41.32247162 237.49552917 289.25732422
v 0 237.78938293 289.25732422
v 41.32247162 238.134552 289.25732422
v 82.64494324 238.75878906 289.25732422
v 123.96742249 239.39753723 289.25732422
v -826.44946289 265.03079224 330.57977295
v -785.12701416 256.79724121 330.57977295
v -743.80450439 243.79295349 330.57977295
v -702.48205566 238.52279663 330.57977295
v -661.1595459 237.8690033 330.57977295
v -619.83709717 237.34463501 330.57977295
v -578.51464844 236.9347229 330.57977295
v -537.19213867 235.77490234 330.57977295
v -495.86968994 234.80500793 330.57977295
v -454.54721069 235.04270935 330.57977295
v -413.22473145 236.09942627 330.57977295
v -371.9022522 236.66679382 330.57977295
v -330.57977295 237.2830658 330.57977295
v -289.25732422 238.5990448 330.57977295
v -247.93484497 239.01446533 330.57977295
v -206.61236572 238.85107422 330.57977295
v -165.28988647 239.07038879 330.57977295
v -123.96742249 238.55604553 330.57977295
v -82.64494324 238.2474823 330.57977295
v -41.32247162 238.09239197 330.57977295
v 0 237.95588684 330.57977295
v 41.32247162 238.14968872 330.57977295
v 82.64494324 238.46920776 330.57977295
v 123.96742249 239.06550598 330.57977295
v -826.44946289 259.2527771 371.9022522
v -785.12701416 253.68939209 371.9022522
v -743.80450439 246.55934143 371.9022522
v -702.48205566 240.80528259 371.9022522
v -661.1595459 238.95924377 371.9022522
v -619.83709717 238.43196106 371.9022522
v -578.51464844 237.92745972 371.9022522
v -537.19213867 237.22450256 371.9022522
v -495.86968994 236.34060669 371.9022522
v -454.54721069 235.07972717 371.9022522
v -413.22473145 234.67909241 371.9022522
v -371.9022522 235.57707214 371.9022522
v -330.57977295 236.7361145 371.9022522
v -289.25732422 238.23854065 371.9022522
v -247.93484497 238.58926392 371.9022522
v -206.61236572 238.81959534 371.9022522
v -165.28988647 239.48497009 371.9022522
v -123.96742249 239.44306946 371.9022522
v -82.64494324 238.91575623 371.9022522
v -41.32247162 238.54940796 371.9022522
v 0 238.33856201 371.9022522
v 41.32247162 238.0864563 371.9022522
v 82.64494324 238.27198792 371.9022522
v 123.96742249 238.72845459 371.9022522
v -826.44946289 253.72387695 413.22473145
v -785.12701416 251.86526489 413.22473145
v -743.80450439 249.65997314 413.22473145
v -702.48205566 246.66650391 413.22473145
v -661.1595459 242.67660522 413.22473145
v -619.83709717 239.65133667 413.22473145
v -578.51464844 238.61352539 413.22473145
v -537.19213867 237.95231628 413.22473145
v -495.86968994 237.63973999 413.22473145
v -454.54721069 237.01574707 413.22473145
v -413.22473145 235.52537537 413.22473145
v -371.9022522 234.57652283 413.22473145
v -330.57977295 235.51470947 413.22473145
v -289.25732422 237.46063232 413.22473145
v -247.93484497 238.23800659 413.22473145
v -206.61236572 238.96089172 413.22473145
v -165.28988647 239.50437927 413.22473145
v -123.96742249 239.4443512 413.22473145
v -82.64494324 239.08110046 413.22473145
v -41.32247162 238.64335632 413.22473145
v 0 238.29956055 413.22473145
v 41.32247162 237.81515503 413.22473145
v 82.64494324 238.19010925 413.22473145
v 123.96742249 238.22099304 413.22473145
v -826.44946289 257.39474487 454.54721069
v -785.12701416 257.49633789 454.54721069
v -743.80450439 257.09515381 454.54721069
v -702.48205566 256.25982666 454.54721069
v -661.1595459 252.48760986 454.54721069
v -619.83709717 243.79205322 454.54721069
v -578.51464844 239.82669067 454.54721069
v -537.19213867 239.03970337 454.54721069
v -495.86968994 238.33598328 454.54721069
v -454.54721069 238.09655762 454.54721069
v -413.22473145 237.87954712 454.54721069
v -371.9022522 235.76556396 454.54721069
v -330.57977295 234.63519287 454.54721069
v -289.25732422 236.22671509 454.54721069
v -247.93484497 238.54768372 454.54721069
v -206.61236572 238.9543457 454.54721069
v -165.28988647 239.00242615 454.54721069
v -123.96742249 239.15341187 454.54721069
v -82.64494324 238.98713684 454.54721069
v -41.32247162 238.48086548 454.54721069
v 0 238.02862549 454.54721069
v 41.32247162 237.62065125 454.54721069
v 82.64494324 237.99163818 454.54721069
v 123.96742249 238.0814209 454.54721069
v -826.44946289 264.41665649 495.86968994
v -785.12701416 262.80438232 495.86968994
v -743.80450439 260.36495972 495.86968994
v -702.48205566 259.1975708 495.86968994
v -661.1595459 257.96640015 495.86968994
v -619.83709717 253.400177 495.86968994
v -578.51464844 245.96354675 495.86968994
v -537.19213867 240.95065308 495.86968994
v -495.86968994 239.27496338 495.86968994
v -454.54721069 239.09144592 495.86968994
v -413.22473145 239.05697632 495.86968994
v -371.9022522 237.87521362 495.86968994
v -330.57977295 235.30441284 495.86968994
v -289.25732422 235.06634521 495.86968994
v -247.93484497 237.15571594 495.86968994
v -206.61236572 237.25881958 495.86968994
v -165.28988647 237.61911011 495.86968994
v -123.96742249 238.181427 495.86968994
v -82.64494324 238.35150146 495.86968994
v -41.32247162 238.29336548 495.86968994
v 0 238.19720459 495.86968994
v 41.32247162 238.05331421 495.86968994
v 82.64494324 238.26234436 495.86968994
v 123.96742249 238.48748779 495.86968994
v -826.44946289 266.07681274 537.19213867
v -785.12701416 264.73236084 537.19213867
v -743.80450439 263.11233521 537.19213867
v -702.48205566 261.26525879 537.19213867
v -661.1595459 259.03765869 537.19213867
v -619.83709717 256.493927 537.19213867
v -578.51464844 253.50418091 537.19213867
v -537.19213867 247.53353882 537.19213867
v -495.86968994 242.17089844 537.19213867
v -454.54721069 240.62120056 537.19213867
v -413.22473145 239.90185547 537.19213867
v -371.9022522 239.2842865 537.19213867
v -330.57977295 236.65278625 537.19213867
v -289.25732422 235.35021973 537.19213867
v -247.93484497 236.76132202 537.19213867
v -206.61236572 236.46559143 537.19213867
v -165.28988647 236.15159607 537.19213867
v -123.96742249 236.91995239 537.19213867
v -82.64494324 237.84892273 537.19213867
v -41.32247162 238.27293396 537.19213867
v 0 238.18286133 537.19213867
v 41.32247162 238.27659607 537.19213867
v 82.64494324 238.34188843 537.19213867
v 123.96742249 238.4790802 537.19213867
v -826.44946289 267.56472778 578.51464844
v -785.12701416 266.24639893 578.51464844
v -743.80450439 263.87442017 578.51464844
v -702.48205566 261.90716553 578.51464844
v -661.1595459 260.00952148 578.51464844
v -619.83709717 257.80941772 578.51464844
v -578.51464844 255.86801147 578.51464844
v -537.19213867 252.62356567 578.51464844
v -495.86968994 246.44921875 578.51464844
v -454.54721069 242.23161316 578.51464844
v -413.22473145 240.67726135 578.51464844
v -371.9022522 239.4979248 578.51464844
v -330.57977295 237.52732849 578.51464844
v -289.25732422 235.64086914 578.51464844
v -247.93484497 237.48556519 578.51464844
v -206.61236572 237.92648315 578.51464844
v -165.28988647 237.2217865 578.51464844
v -123.96742249 236.32913208 578.51464844
v -82.64494324 237.96798706 578.51464844
v -41.32247162 238.47166443 578.51464844
v 0 238.57287598 578.51464844
v 41.32247162 238.00921631 578.51464844
v 82.64494324 238.09089661 578.51464844
v 123.96742249 238.31065369 578.51464844
v -826.44946289 266.66540527 619.83709717
v -785.12701416 265.61312866 619.83709717
v -743.80450439 263.79614258 619.83709717
v -702.48205566 261.97821045 619.83709717
v -661.1595459 260.11480713 619.83709717
v -619.83709717 258.59307861 619.83709717
v -578.51464844 256.63757324 619.83709717
v -537.19213867 253.18383789 619.83709717
v -495.86968994 248.6328125 619.83709717
v -454.54721069 242.74989319 619.83709717
v -413.22473145 240.9889679 619.83709717
v -371.9022522 240.19821167 619.83709717
v -330.57977295 239.43522644 619.83709717
v -289.25732422 236.39256287 619.83709717
v -247.93484497 236.81958008 619.83709717
v -206.61236572 237.88400269 619.83709717
v -165.28988647 237.60955811 619.83709717
v -123.96742249 236.22688293 619.83709717
v -82.64494324 237.88320923 619.83709717
v -41.32247162 238.71150208 619.83709717
v 0 238.63162231 619.83709717
v 41.32247162 238.12055969 619.83709717
v 82.64494324 237.98670959 619.83709717
v 123.96742249 238.08906555 619.83709717
v -826.44946289 262.31539917 661.1595459
v -785.12701416 262.28543091 661.1595459
v -743.80450439 261.02383423 661.1595459
v -702.48205566 259.26342773 661.1595459
v -661.1595459 257.48999023 661.1595459
v -619.83709717 255.10855103 661.1595459
v -578.51464844 251.54762268 661.1595459
v -537.19213867 247.63812256 661.1595459
v -495.86968994 244.42080688 661.1595459
v -454.54721069 242.79103088 661.1595459
v -413.22473145 241.9997406 661.1595459
v -371.9022522 241.23646545 661.1595459
v -330.57977295 240.12492371 661.1595459
v -289.25732422 237.1958313 661.1595459
v -247.93484497 237.06233215 661.1595459
v -206.61236572 237.73623657 661.1595459
v -165.28988647 237.66923523 661.1595459
v -123.96742249 236.27786255 661.1595459
v -82.64494324 237.53512573 661.1595459
v -41.32247162 238.55801392 661.1595459
v 0 238.60385132 661.1595459
v 41.32247162 238.35594177 661.1595459
v 82.64494324 238.11775208 661.1595459
v 123.96742249 238.00946045 661.1595459
v -826.44946289 253.84034729 702.48205566
v -785.12701416 253.48597717 702.48205566
v -743.80450439 253.17831421 702.48205566
v -702.48205566 251.70655823 702.48205566
v -661.1595459 249.72596741 702.48205566
v -619.83709717 249.40284729 702.48205566
v -578.51464844 247.39100647 702.48205566
v -537.19213867 245.57041931 702.48205566
v -495.86968994 245.91099548 702.48205566
v -454.54721069 245.56207275 702.48205566
v -413.22473145 243.57733154 702.48205566
v -371.9022522 242.10792542 702.48205566
v -330.57977295 240.25973511 702.48205566
v -289.25732422 237.50920105 702.48205566
v -247.93484497 236.58032227 702.48205566
v -206.61236572 237.65710449 702.48205566
v -165.28988647 237.77825928 702.48205566
v -123.96742249 236.9017334 702.48205566
v -82.64494324 236.87138367 702.48205566
v -41.32247162 238.23068237 702.48205566
v 0 238.47393799 702.48205566
v 41.32247162 238.35267639 702.48205566
v 82.64494324 238.13493347 702.48205566
v 123.96742249 237.9324646 702.48205566
v -826.44946289 250.95870972 743.80450439
v -785.12701416 249.73019409 743.80450439
v -743.80450439 249.00306702 743.80450439
v -702.48205566 248.00379944 743.80450439
v -661.1595459 247.57130432 743.80450439
v -619.83709717 248.85664368 743.80450439
v -578.51464844 250.01142883 743.80450439
v -537.19213867 249.69996643 743.80450439
v -495.86968994 251.49430847 743.80450439
v -454.54721069 248.87586975 743.80450439
v -413.22473145 245.14840698 743.80450439
v -371.9022522 244.00016785 743.80450439
v -330.57977295 241.88285828 743.80450439
v -289.25732422 238.76803589 743.80450439
v -247.93484497 236.85865784 743.80450439
v -206.61236572 237.45423889 743.80450439
v -165.28988647 237.88432312 743.80450439
v -123.96742249 237.31291199 743.80450439
v -82.64494324 236.33938599 743.80450439
v -41.32247162 238.18156433 743.80450439
v 0 238.38563538 743.80450439
v 41.32247162 238.50770569 743.80450439
v 82.64494324 238.1026001 743.80450439
v 123.96742249 237.78196716 743.80450439
v -826.44946289 251.03407288 785.12701416
v -785.12701416 250.7845459 785.12701416
v -743.80450439 250.83036804 785.12701416
v -702.48205566 251.03636169 785.12701416
v -661.1595459 254.46772766 785.12701416
v -619.83709717 257.45193481 785.12701416
v -578.51464844 256.21878052 785.12701416
v -537.19213867 254.66737366 785.12701416
v -495.86968994 253.63233948 785.12701416
v -454.54721069 248.52476501 785.12701416
v -413.22473145 248.21682739 785.12701416
v -371.9022522 250.28669739 785.12701416
v -330.57977295 245.65406799 785.12701416
v -289.25732422 241.28411865 785.12701416
v -247.93484497 238.68147278 785.12701416
v -206.61236572 238.02210999 785.12701416
v -165.28988647 238.0786438 785.12701416
v -123.96742249 237.44114685 785.12701416
v -82.64494324 236.05004883 785.12701416
v -41.32247162 237.85443115 785.12701416
v 0 238.41101074 785.12701416
v 41.32247162 238.49925232 785.12701416
v 82.64494324 237.76570129 785.12701416
v 123.96742249 237.8624115 785.12701416
v -826.44946289 253.43049622 826.44946289
v -785.12701416 256.97634888 826.44946289
v -743.80450439 259.69656372 826.44946289
v -702.48205566 261.57183838 826.44946289
v -661.1595459 262.37176514 826.44946289
v -619.83709717 261.034729 826.44946289
v -578.51464844 258.28347778 826.44946289
v -537.19213867 255.39620972 826.44946289
v -495.86968994 252.34977722 826.44946289
v -454.54721069 249.75154114 826.44946289
v -413.22473145 251.49856567 826.44946289
v -371.9022522 256.21057129 826.44946289
v -330.57977295 254.43353271 826.44946289
v -289.25732422 246.74649048 826.44946289
v -247.93484497 241.23023987 826.44946289
v -206.61236572 238.37362671 826.44946289
v -165.28988647 238.14337158 826.44946289
v -123.96742249 237.55804443 826.44946289
v -82.64494324 236.30255127 826.44946289
v -41.32247162 237.2134552 826.44946289
v 0 238.3842926 826.44946289
v 41.32247162 238.18301392 826.44946289
v 82.64494324 238.06652832 826.44946289
v 123.96742249 238.2736969 826.44946289
v -826.44946289 254.9511261 867.77191162
v -785.12701416 260.09631348 867.77191162
v -743.80450439 263.5045166 867.77191162
v -702.48205566 266.4069519 867.77191162
v -661.1595459 266.33813477 867.77191162
v -619.83709717 263.86380005 867.77191162
v -578.51464844 262.53097534 867.77191162
v -537.19213867 260.75592041 867.77191162
v -495.86968994 255.40315247 867.77191162
v -454.54721069 250.49813843 867.77191162
v -413.22473145 252.67254639 867.77191162
v -371.9022522 257.49459839 867.77191162
v -330.57977295 258.97628784 867.77191162
v -289.25732422 255.53285217 867.77191162
v -247.93484497 248.6418457 867.77191162
v -206.61236572 240.7233429 867.77191162
v -165.28988647 238.03001404 867.77191162
v -123.96742249 237.80763245 867.77191162
v -82.64494324 237.30543518 867.77191162
v -41.32247162 236.10095215 867.77191162
v 0 237.69641113 867.77191162
v 41.32247162 238.1446228 867.77191162
v 82.64494324 238.20993042 867.77191162
v 123.96742249 238.29122925 867.77191162
v -826.44946289 254.47888184 909.09442139
v -785.12701416 259.9982605 909.09442139
v -743.80450439 265.83856201 909.09442139
v -702.48205566 268.97979736 909.09442139
v -661.1595459 268.98431396 909.09442139
v -619.83709717 268.22113037 909.09442139
v -578.51464844 268.12466431 909.09442139
v -537.19213867 266.87625122 909.09442139
v -495.86968994 259.50097656 909.09442139
v -454.54721069 252.71542358 909.09442139
v -413.22473145 251.74761963 909.09442139
v -371.9022522 256.2197876 909.09442139
v -330.57977295 259.65957642 909.09442139
v -289.25732422 259.55285645 909.09442139
v -247.93484497 256.71350098 909.09442139
v -206.61236572 248.02407837 909.09442139
v -165.28988647 239.53712463 909.09442139
v -123.96742249 238.03045654 909.09442139
v -82.64494324 238.62252808 909.09442139
v -41.32247162 237.0151825 909.09442139
v 0 237.03591919 909.09442139
v 41.32247162 237.55406189 909.09442139
v 82.64494324 238.30703735 909.09442139
v 123.96742249 238.29321289 909.09442139
v -826.44946289 254.8818512 950.41687012
v -785.12701416 259.69827271 950.41687012
v -743.80450439 270.60723877 950.41687012
v -702.48205566 273.63909912 950.41687012
v -661.1595459 271.91741943 950.41687012
v -619.83709717 271.73022461 950.41687012
v -578.51464844 271.98294067 950.41687012
v -537.19213867 269.73175049 950.41687012
v -495.86968994 263.81314087 950.41687012
v -454.54721069 256.45059204 950.41687012
v -413.22473145 253.07270813 950.41687012
v -371.9022522 253.32035828 950.41687012
v -330.57977295 258.3119812 950.41687012
v -289.25732422 261.39447021 950.41687012
v -247.93484497 261.02392578 950.41687012
v -206.61236572 257.75042725 950.41687012
v -165.28988647 245.89450073 950.41687012
v -123.96742249 239.08815002 950.41687012
v -82.64494324 238.14170837 950.41687012
v -41.32247162 236.67945862 950.41687012
v 0 236.86460876 950.41687012
v 41.32247162 238.47039795 950.41687012
v 82.64494324 238.54141235 950.41687012
v 123.96742249 238.18557739 950.41687012
v -826.44946289 256.01800537 991.73937988
v -785.12701416 262.54153442 991.73937988
v -743.80450439 273.84643555 991.73937988
v -702.48205566 276.8052063 991.73937988
v -661.1595459 274.6206665 991.73937988
v -619.83709717 273.86853027 991.73937988
v -578.51464844 274.54013062 991.73937988
v -537.19213867 272.58996582 991.73937988
v -495.86968994 267.56274414 991.73937988
v -454.54721069 262.72189331 991.73937988
v -413.22473145 259.44158936 991.73937988
v -371.9022522 255.60644531 991.73937988
v -330.57977295 256.87045288 991.73937988
v -289.25732422 262.17837524 991.73937988
v -247.93484497 262.88131714 991.73937988
v -206.61236572 260.49578857 991.73937988
v -165.28988647 255.59028625 991.73937988
v -123.96742249 248.60958862 991.73937988
v -82.64494324 239.6761322 991.73937988
v -41.32247162 237.23750305 991.73937988
v 0 236.91603088 991.73937988
v 41.32247162 239.05012512 991.73937988
v 82.64494324 238.64445496 991.73937988
v 123.96742249 237.78559875 991.73937988
v -826.44946289 260.27172852 1033.06188965
v -785.12701416 270.44464111 1033.06188965
v -743.80450439 278.22714233 1033.06188965
v -702.48205566 279.63330078 1033.06188965
v -661.1595459 277.462677 1033.06188965
v -619.83709717 275.91018677 1033.06188965
v -578.51464844 276.97741699 1033.06188965
v -537.19213867 275.71878052 1033.06188965
v -495.86968994 272.39755249 1033.06188965
v -454.54721069 268.80145264 1033.06188965
v -413.22473145 263.96481323 1033.06188965
v -371.9022522 259.28118896 1033.06188965
v -330.57977295 259.09454346 1033.06188965
v -289.25732422 262.40411377 1033.06188965
v -247.93484497 264.24328613 1033.06188965
v -206.61236572 264.76449585 1033.06188965
v -165.28988647 265.44491577 1033.06188965
v -123.96742249 260.37210083 1033.06188965
v -82.64494324 249.42976379 1033.06188965
v -41.32247162 239.95445251 1033.06188965
v 0 237.5453186 1033.06188965
v 41.32247162 237.77197266 1033.06188965
v 82.64494324 238.18530273 1033.06188965
v 123.96742249 237.56695557 1033.06188965
v -826.44946289 270.36154175 1074.38427734
v -785.12701416 279.63677979 1074.38427734
v -743.80450439 282.84536743 1074.38427734
v -702.48205566 281.80419922 1074.38427734
v -661.1595459 279.97113037 1074.38427734
v -619.83709717 277.98614502 1074.38427734
v -578.51464844 278.92269897 1074.38427734
v -537.19213867 278.36514282 1074.38427734
v -495.86968994 275.9246521 1074.38427734
v -454.54721069 271.79000854 1074.38427734
v -413.22473145 264.48760986 1074.38427734
v -371.9022522 260.22650146 1074.38427734
v -330.57977295 261.41497803 1074.38427734
v -289.25732422 264.55410767 1074.38427734
v -247.93484497 266.93899536 1074.38427734
v -206.61236572 268.81588745 1074.38427734
v -165.28988647 269.48907471 1074.38427734
v -123.96742249 267.72979736 1074.38427734
v -82.64494324 262.28311157 1074.38427734
v -41.32247162 250.30218506 1074.38427734
v 0 239.56521606 1074.38427734
v 41.32247162 237.53514099 1074.38427734
v 82.64494324 237.55174255 1074.38427734
v 123.96742249 238.07388306 1074.38427734
v -826.44946289 275.75082397 1115.70678711
v -785.12701416 281.86099243 1115.70678711
v -743.80450439 283.43920898 1115.70678711
v -702.48205566 282.47052002 1115.70678711
v -661.1595459 281.79467773 1115.70678711
v -619.83709717 280.05432129 1115.70678711
v -578.51464844 280.26809692 1115.70678711
v -537.19213867 280.81842041 1115.70678711
v -495.86968994 278.30770874 1115.70678711
v -454.54721069 272.04244995 1115.70678711
v -413.22473145 262.9005127 1115.70678711
v -371.9022522 261.44619751 1115.70678711
v -330.57977295 264.21975708 1115.70678711
v -289.25732422 267.54602051 1115.70678711
v -247.93484497 271.42596436 1115.70678711
v -206.61236572 272.97677612 1115.70678711
v -165.28988647 272.43551636 1115.70678711
v -123.96742249 270.38760376 1115.70678711
v -82.64494324 267.97857666 1115.70678711
v -41.32247162 260.32312012 1115.70678711
v 0 247.44754028 1115.70678711
v 41.32247162 238.53112793 1115.70678711
v 82.64494324 237.56968689 1115.70678711
v 123.96742249 237.7203064 1115.70678711
v -826.44946289 270.68624878 1157.02929688
v -785.12701416 275.22268677 1157.02929688
v -743.80450439 279.06274414 1157.02929688
v -702.48205566 281.12210083 1157.02929688
v -661.1595459 283.00384521 1157.02929688
v -619.83709717 282.53463745 1157.02929688
v -578.51464844 281.84655762 1157.02929688
v -537.19213867 282.62072754 1157.02929688
v -495.86968994 279.5213623 1157.02929688
v -454.54721069 272.42626953 1157.02929688
v -413.22473145 263.57321167 1157.02929688
v -371.9022522 264.62203979 1157.02929688
v -330.57977295 267.62011719 1157.02929688
v -289.25732422 272.32952881 1157.02929688
v -247.93484497 276.39419556 1157.02929688
v -206.61236572 277.16287231 1157.02929688
v -165.28988647 276.40228271 1157.02929688
v -123.96742249 274.72116089 1157.02929688
v -82.64494324 270.75827026 1157.02929688
v -41.32247162 266.60800171 1157.02929688
v 0 257.29803467 1157.02929688
v 41.32247162 243.84529114 1157.02929688
v 82.64494324 238.00282288 1157.02929688
v 123.96742249 238.12606812 1157.02929688
v -826.44946289 267.50238037 1198.35168457
v -785.12701416 272.59024048 1198.35168457
v -743.80450439 277.59106445 1198.35168457
v -702.48205566 282.06808472 1198.35168457
v -661.1595459 285.48886108 1198.35168457
v -619.83709717 285.13668823 1198.35168457
v -578.51464844 284.39855957 1198.35168457
v -537.19213867 283.68753052 1198.35168457
v -495.86968994 278.06137085 1198.35168457
v -454.54721069 270.06115723 1198.35168457
v -413.22473145 264.39013672 1198.35168457
v -371.9022522 267.04873657 1198.35168457
v -330.57977295 270.81576538 1198.35168457
v -289.25732422 278.01223755 1198.35168457
v -247.93484497 280.7354126 1198.35168457
v -206.61236572 280.6423645 1198.35168457
v -165.28988647 279.13699341 1198.35168457
v -123.96742249 276.8352356 1198.35168457
v -82.64494324 273.7315979 1198.35168457
v -41.32247162 267.17749023 1198.35168457
v 0 259.09451294 1198.35168457
v 41.32247162 248.24502563 1198.35168457
v 82.64494324 240.55056763 1198.35168457
v 123.96742249 238.17869568 1198.35168457
v -826.44946289 266.67935181 1239.67419434
v -785.12701416 271.31106567 1239.67419434
v -743.80450439 277.25869751 1239.67419434
v -702.48205566 284.41247559 1239.67419434
v -661.1595459 287.76116943 1239.67419434
v -619.83709717 288.48254395 1239.67419434
v -578.51464844 287.03399658 1239.67419434
v -537.19213867 281.66744995 1239.67419434
v -495.86968994 272.47467041 1239.67419434
v -454.54721069 265.87063599 1239.67419434
v -413.22473145 268.28610229 1239.67419434
v -371.9022522 272.21630859 1239.67419434
v -330.57977295 275.56741333 1239.67419434
v -289.25732422 282.86380005 1239.67419434
v -247.93484497 284.18161011 1239.67419434
v -206.61236572 283.13314819 1239.67419434
v -165.28988647 281.26217651 1239.67419434
v -123.96742249 278.28381348 1239.67419434
v -82.64494324 272.22143555 1239.67419434
v -41.32247162 262.16098022 1239.67419434
v 0 253.03250122 1239.67419434
v 41.32247162 247.69854736 1239.67419434
v 82.64494324 250.04110718 1239.67419434
v 123.96742249 244.23539734 1239.67419434
v -826.44946289 264.93548584 1280.9967041
v -785.12701416 267.97442627 1280.9967041
v -743.80450439 275.91537476 1280.9967041
v -702.48205566 285.92324829 1280.9967041
v -661.1595459 288.4413147 1280.9967041
v -619.83709717 289.80441284 1280.9967041
v -578.51464844 286.56286621 1280.9967041
v -537.19213867 277.23046875 1280.9967041
v -495.86968994 267.74365234 1280.9967041
v -454.54721069 266.13433838 1280.9967041
v -413.22473145 271.6242981 1280.9967041
v -371.9022522 278.56469727 1280.9967041
v -330.57977295 282.04766846 1280.9967041
v -289.25732422 286.03378296 1280.9967041
v -247.93484497 286.3482666 1280.9967041
v -206.61236572 284.89224243 1280.9967041
v -165.28988647 281.99703979 1280.9967041
v -123.96742249 277.13580322 1280.9967041
v -82.64494324 268.97711182 1280.9967041
v -41.32247162 257.41986084 1280.9967041
v 0 251.75149536 1280.9967041
v 41.32247162 255.50149536 1280.9967041
v 82.64494324 260.33294678 1280.9967041
v 123.96742249 256.7772522 1280.9967041
v -826.44946289 266.63650513 1322.3190918
v -785.12701416 267.25836182 1322.3190918
v -743.80450439 273.37866211 1322.3190918
v -702.48205566 283.11624146 1322.3190918
v -661.1595459 287.33798218 1322.3190918
v -619.83709717 288.12057495 1322.3190918
v -578.51464844 283.80020142 1322.3190918
v -537.19213867 274.31976318 1322.3190918
v -495.86968994 267.33230591 1322.3190918
v -454.54721069 270.31893921 1322.3190918
v -413.22473145 277.30096436 1322.3190918
v -371.9022522 283.45346069 1322.3190918
v -330.57977295 285.33493042 1322.3190918
v -289.25732422 286.5378418 1322.3190918
v -247.93484497 286.16992187 1322.3190918
v -206.61236572 283.72241211 1322.3190918
v -165.28988647 278.95120239 1322.3190918
v -123.96742249 272.17617798 1322.3190918
v -82.64494324 263.48724365 1322.3190918
v -41.32247162 255.8735199 1322.3190918
v 0 259.27770996 1322.3190918
v 41.32247162 265.54272461 1322.3190918
v 82.64494324 268.26498413 1322.3190918
v 123.96742249 266.19558716 1322.3190918
v -826.44946289 269.48666382 1363.64160156
v -785.12701416 268.8913269 1363.64160156
v -743.80450439 271.87490845 1363.64160156
v -702.48205566 280.53878784 1363.64160156
v -661.1595459 286.95477295 1363.64160156
v -619.83709717 287.52758789 1363.64160156
v -578.51464844 283.63867187 1363.64160156
v -537.19213867 275.1048584 1363.64160156
v -495.86968994 268.56567383 1363.64160156
v -454.54721069 270.04312134 1363.64160156
v -413.22473145 278.50698853 1363.64160156
v -371.9022522 285.44927979 1363.64160156
v -330.57977295 286.78720093 1363.64160156
v -289.25732422 286.04196167 1363.64160156
v -247.93484497 283.82125854 1363.64160156
v -206.61236572 279.22470093 1363.64160156
v -165.28988647 272.65817261 1363.64160156
v -123.96742249 265.0954895 1363.64160156
v -82.64494324 258.6340332 1363.64160156
v -41.32247162 260.8269043 1363.64160156
v 0 269.84823608 1363.64160156
v 41.32247162 275.49832153 1363.64160156
v 82.64494324 274.77706909 1363.64160156
v 123.96742249 271.79510498 1363.64160156
v -826.44946289 269.88952637 1404.96411133
v -785.12701416 270.22598267 1404.96411133
v -743.80450439 272.35644531 1404.96411133
v -702.48205566 279.07058716 1404.96411133
v -661.1595459 286.24234009 1404.96411133
v -619.83709717 288.09820557 1404.96411133
v -578.51464844 286.03741455 1404.96411133
v -537.19213867 279.00015259 1404.96411133
v -495.86968994 271.99581909 1404.96411133
v -454.54721069 272.26223755 1404.96411133
v -413.22473145 281.45703125 1404.96411133
v -371.9022522 287.465271 1404.96411133
v -330.57977295 287.47424316 1404.96411133
v -289.25732422 285.60397339 1404.96411133
v -247.93484497 281.82595825 1404.96411133
v -206.61236572 276.52972412 1404.96411133
v -165.28988647 268.14041138 1404.96411133
v -123.96742249 261.99243164 1404.96411133
v -82.64494324 261.71963501 1404.96411133
v -41.32247162 268.79159546 1404.96411133
v 0 277.23458862 1404.96411133
v 41.32247162 280.35461426 1404.96411133
v 82.64494324 279.4571228 1404.96411133
v 123.96742249 276.56341553 1404.96411133
v -826.44946289 272.20227051 1446.28662109
v -785.12701416 273.58883667 1446.28662109
v -743.80450439 272.1583252 1446.28662109
v -702.48205566 276.70230103 1446.28662109
v -661.1595459 284.61437988 1446.28662109
v -619.83709717 288.69311523 1446.28662109
v -578.51464844 287.87554932 1446.28662109
v -537.19213867 283.45202637 1446.28662109
v -495.86968994 276.23806763 1446.28662109
v -454.54721069 276.36880493 1446.28662109
v -413.22473145 285.84393311 1446.28662109
v -371.9022522 289.18554687 1446.28662109
v -330.57977295 288.16647339 1446.28662109
v -289.25732422 285.82836914 1446.28662109
v -247.93484497 281.3493042 1446.28662109
v -206.61236572 276.71237183 1446.28662109
v -165.28988647 270.6986084 1446.28662109
v -123.96742249 265.60623169 1446.28662109
v -82.64494324 266.85089111 1446.28662109
v -41.32247162 274.17251587 1446.28662109
v 0 280.72262573 1446.28662109
v 41.32247162 282.59979248 1446.28662109
v 82.64494324 281.22869873 1446.28662109
v 123.96742249 277.41653442 1446.28662109
v -826.44946289 278.57446289 1487.60900879
v -785.12701416 280.68530273 1487.60900879
v -743.80450439 274.76922607 1487.60900879
v -702.48205566 274.72644043 1487.60900879
v -661.1595459 281.97463989 1487.60900879
v -619.83709717 288.44918823 1487.60900879
v -578.51464844 289.26538086 1487.60900879
v -537.19213867 288.06317139 1487.60900879
v -495.86968994 280.29440308 1487.60900879
v -454.54721069 277.60696411 1487.60900879
v -413.22473145 286.32336426 1487.60900879
v -371.9022522 290.44696045 1487.60900879
v -330.57977295 289.43862915 1487.60900879
v -289.25732422 286.98904419 1487.60900879
v -247.93484497 282.72528076 1487.60900879
v -206.61236572 276.60263062 1487.60900879
v -165.28988647 272.67996216 1487.60900879
v -123.96742249 271.98010254 1487.60900879
v -82.64494324 271.20950317 1487.60900879
v -41.32247162 277.72802734 1487.60900879
v 0 283.64257812 1487.60900879
v 41.32247162 284.01608276 1487.60900879
v 82.64494324 280.03530884 1487.60900879
v 123.96742249 272.41784668 1487.60900879
v -826.44946289 286.57748413 1528.93151855
v -785.12701416 287.51544189 1528.93151855
v -743.80450439 280.69482422 1528.93151855
v -702.48205566 275.74472046 1528.93151855
v -661.1595459 278.02618408 1528.93151855
v -619.83709717 286.91912842 1528.93151855
v -578.51464844 289.68487549 1528.93151855
v -537.19213867 288.98846436 1528.93151855
v -495.86968994 282.45214844 1528.93151855
v -454.54721069 279.73016357 1528.93151855
v -413.22473145 286.38522339 1528.93151855
v -371.9022522 290.94781494 1528.93151855
v -330.57977295 290.78686523 1528.93151855
v -289.25732422 289.5824585 1528.93151855
v -247.93484497 285.43023682 1528.93151855
v -206.61236572 277.41052246 1528.93151855
v -165.28988647 275.01260376 1528.93151855
v -123.96742249 278.63665771 1528.93151855
v -82.64494324 277.45458984 1528.93151855
v -41.32247162 280.88369751 1528.93151855
v 0 285.40460205 1528.93151855
v 41.32247162 283.81735229 1528.93151855
v 82.64494324 277.00506592 1528.93151855
v 123.96742249 268.14801025 1528.93151855
v -826.44946289 286.93429565 1570.25402832
v -785.12701416 289.61291504 1570.25402832
v -743.80450439 286.89318848 1570.25402832
v -702.48205566 281.77975464 1570.25402832
v -661.1595459 277.36300659 1570.25402832
v -619.83709717 284.0007019 1570.25402832
v -578.51464844 288.83450317 1570.25402832
v -537.19213867 287.78985596 1570.25402832
v -495.86968994 282.26812744 1570.25402832
v -454.54721069 282.4079895 1570.25402832
v -413.22473145 286.54260254 1570.25402832
v -371.9022522 291.11801147 1570.25402832
v -330.57977295 291.71453857 1570.25402832
v -289.25732422 290.86871338 1570.25402832
v -247.93484497 287.37438965 1570.25402832
v -206.61236572 281.07800293 1570.25402832
v -165.28988647 280.10586548 1570.25402832
v -123.96742249 283.50588989 1570.25402832
v -82.64494324 284.34146118 1570.25402832
v -41.32247162 285.43515015 1570.25402832
v 0 286.36367798 1570.25402832
v 41.32247162 282.85287476 1570.25402832
v 82.64494324 275.46655273 1570.25402832
v 123.96742249 270.27038574 1570.25402832
v -826.44946289 282.83911133 1611.57641602
v -785.12701416 289.99850464 1611.57641602
v -743.80450439 291.81484985 1611.57641602
v -702.48205566 286.96856689 1611.57641602
v -661.1595459 279.11083984 1611.57641602
v -619.83709717 282.76022339 1611.57641602
v -578.51464844 287.99163818 1611.57641602
v -537.19213867 288.11120605 1611.57641602
v -495.86968994 284.65625 1611.57641602
v -454.54721069 285.109375 1611.57641602
v -413.22473145 287.14181519 1611.57641602
v -371.9022522 291.24346924 1611.57641602
v -330.57977295 292.43991089 1611.57641602
v -289.25732422 291.97399902 1611.57641602
v -247.93484497 289.72991943 1611.57641602
v -206.61236572 284.60144043 1611.57641602
v -165.28988647 285.31530762 1611.57641602
v -123.96742249 286.38821411 1611.57641602
v -82.64494324 287.81402588 1611.57641602
v -41.32247162 288.26013184 1611.57641602
v 0 287.45394897 1611.57641602
v 41.32247162 284.02807617 1611.57641602
v 82.64494324 279.16989136 1611.57641602
v 123.96742249 276.73883057 1611.57641602
v -826.44946289 284.02697754 1652.89892578
v -785.12701416 291.20788574 1652.89892578
v -743.80450439 293.28262329 1652.89892578
v -702.48205566 286.99810791 1652.89892578
v -661.1595459 280.96170044 1652.89892578
v -619.83709717 283.95495605 1652.89892578
v -578.51464844 288.39450073 1652.89892578
v -537.19213867 288.84957886 1652.89892578
v -495.86968994 286.21798706 1652.89892578
v -454.54721069 287.31616211 1652.89892578
v -413.22473145 289.13977051 1652.89892578
v -371.9022522 291.61514282 1652.89892578
v -330.57977295 293.30178833 1652.89892578
v -289.25732422 293.83676147 1652.89892578
v -247.93484497 291.99716187 1652.89892578
v -206.61236572 288.09103394 1652.89892578
v -165.28988647 289.92645264 1652.89892578
v -123.96742249 290.34182739 1652.89892578
v -82.64494324 289.79718018 1652.89892578
v -41.32247162 289.57516479 1652.89892578
v 0 288.984375 1652.89892578
v 41.32247162 287.55224609 1652.89892578
v 82.64494324 285.17477417 1652.89892578
v 123.96742249 282.66241455 1652.89892578
v -826.44946289 291.23501587 1694.22143555
v -785.12701416 294.20761108 1694.22143555
v -743.80450439 292.07592773 1694.22143555
v -702.48205566 284.98388672 1694.22143555
v -661.1595459 284.39016724 1694.22143555
v -619.83709717 287.06680298 1694.22143555
v -578.51464844 290.30889893 1694.22143555
v -537.19213867 289.58566284 1694.22143555
v -495.86968994 286.98144531 1694.22143555
v -454.54721069 289.28588867 1694.22143555
v -413.22473145 291.40988159 1694.22143555
v -371.9022522 292.9302063 1694.22143555
v -330.57977295 295.23968506 1694.22143555
v -289.25732422 296.48391724 1694.22143555
v -247.93484497 295.02151489 1694.22143555
v -206.61236572 292.01272583 1694.22143555
v -165.28988647 291.94119263 1694.22143555
v -123.96742249 292.19644165 1694.22143555
v -82.64494324 290.79641724 1694.22143555
v -41.32247162 289.14022827 1694.22143555
v 0 287.63439941 1694.22143555
v 41.32247162 286.53674316 1694.22143555
v 82.64494324 284.73330688 1694.22143555
v 123.96742249 281.67153931 1694.22143555
v -826.44946289 296.3923645 1735.54382324
v -785.12701416 296.66772461 1735.54382324
v -743.80450439 292.03488159 1735.54382324
v -702.48205566 285.71362305 1735.54382324
v -661.1595459 289.97497559 1735.54382324
v -619.83709717 293.85055542 1735.54382324
v -578.51464844 293.31344604 1735.54382324
v -537.19213867 291.21615601 1735.54382324
v -495.86968994 288.97375488 1735.54382324
v -454.54721069 291.86474609 1735.54382324
v -413.22473145 294.53411865 1735.54382324
v -371.9022522 296.59649658 1735.54382324
v -330.57977295 298.83023071 1735.54382324
v -289.25732422 298.78265381 1735.54382324
v -247.93484497 297.06729126 1735.54382324
v -206.61236572 294.44506836 1735.54382324
v -165.28988647 293.855896 1735.54382324
v -123.96742249 293.27056885 1735.54382324
v -82.64494324 291.28640747 1735.54382324
v -41.32247162 287.93252563 1735.54382324
v 0 284.7119751 1735.54382324
v 41.32247162 281.79354858 1735.54382324
v 82.64494324 278.45489502 1735.54382324
v 123.96742249 274.6083374 1735.54382324
v -826.44946289 296.90072632 1776.86633301
v -785.12701416 297.6022644 1776.86633301
v -743.80450439 293.17977905 1776.86633301
v -702.48205566 287.12347412 1776.86633301
v -661.1595459 290.98983765 1776.86633301
v -619.83709717 295.99993896 1776.86633301
v -578.51464844 295.06402588 1776.86633301
v -537.19213867 293.12011719 1776.86633301
v -495.86968994 291.97018433 1776.86633301
v -454.54721069 293.60119629 1776.86633301
v -413.22473145 296.10559082 1776.86633301
v -371.9022522 299.32647705 1776.86633301
v -330.57977295 302.21875 1776.86633301
v -289.25732422 301.5161438 1776.86633301
v -247.93484497 298.29382324 1776.86633301
v -206.61236572 296.46704102 1776.86633301
v -165.28988647 296.10852051 1776.86633301
v -123.96742249 294.64205933 1776.86633301
v -82.64494324 292.30886841 1776.86633301
v -41.32247162 289.45422363 1776.86633301
v 0 287.24316406 1776.86633301
v 41.32247162 284.89157104 1776.86633301
v 82.64494324 281.25576782 1776.86633301
v 123.96742249 277.06484985 1776.86633301
vn 0.01265 0.00407 0.99991
vn 0.01166 0.00232 0.99993
vn 0.00712 0.00506 0.99996
vn 0.00189 0.00584 0.99998
vn -0.00154 0.00629 0.99998
vn -0.00379 0.00944 0.99995
vn -0.00208 0.01237 0.99992
vn -0.00261 0.01098 0.99994
vn -0.00399 0.01359 0.9999
vn -0.00472 0.01118 0.99993
vn -0.00763 0.00811 0.99994
vn -0.00048 0.00531 0.99999
vn 0.00112 0.00109 1
vn 0.00196 0.0008 1
vn 0.00061 0.00205 1
vn 0.00082 0.00088 1
vn -0.00195 0.00301 0.99999
vn -0.00045 0.00032 1
vn 0.01504 -0.00868 0.99985
vn 0.00727 0.00798 0.99994
vn 0.04465 0.02884 0.99859
vn 0.02336 0.03575 0.99909
vn 0.04617 0.08514 0.9953
vn 0.03882 0.05835 0.99754
vn 0.02949 0.05823 0.99787
vn 0.0399 0.0594 0.99744
vn -0.02064 0.00767 0.99976
vn 0.0056 0.02821 0.99959
vn -0.05216 -0.05423 0.99716
vn -0.02528 -0.02681 0.99932
vn -0.03635 -0.07457 0.99655
vn -0.03125 -0.0527 0.99812
vn -0.01323 -0.03839 0.99918
vn -0.02788 -0.0507 0.99832
vn -0.01358 -0.00871 0.99987
vn -0.02636 -0.03275 0.99912
vn -0.01068 0.00384 0.99994
vn -0.02095 -0.00836 0.99975
vn -0.01059 0.00987 0.9999
vn -0.01255 0.00308 0.99992
vn -0.00507 0.01006 0.99994
vn -0.00367 0.00483 0.99998
vn 0.00099 0.0112 0.99994
vn 0.00119 0.00553 0.99998
vn 0.00154 0.00972 0.99995
vn 0.00438 0.00331 0.99998
vn 0.00372 0.00528 0.99998
vn 0.0068 0.00096 0.99998
vn 0.00274 0.00363 0.99999
vn -0.00177 0.00576 0.99998
vn -0.00372 0.00376 0.99999
vn -0.00378 0.00338 0.99999
vn -0.00193 0.0028 0.99999
vn 0.00483 -0.00064 0.99999
vn 0.00166 0.00138 1
vn 0.00046 0.0002 1
vn -0.00201 0.00277 0.99999
vn -0.00293 0.00551 0.99998
vn -0.00067 0.01377 0.9999
vn 0.01225 0.03964 0.99914
vn 0.03774 0.05883 0.99755
vn 0.04487 0.05962 0.99721
vn 0.01848 0.04351 0.99888
vn 0.00108 -0.00113 1
vn -0.02738 -0.03256 0.99909
vn -0.04244 -0.04822 0.99793
vn -0.03629 -0.05042 0.99807
vn -0.02387 -0.03352 0.99915
vn -0.01315 -0.00813 0.99988
vn 0.00221 -0.00064 1
vn 0.00517 -0.00085 0.99999
vn 0.00802 -0.00242 0.99996
vn 0.00025 -0.00133 1
vn 0.00042 -0.0048 0.99999
vn -0.00213 -0.00593 0.99998
vn -0.00368 -0.00644 0.99997
vn -0.00048 -0.00645 0.99998
vn 0.00081 -0.00283 1
vn 0.00272 -0.00171 0.99999
vn 0.00053 -0.00283 1
vn -0.00565 -0.0006 0.99998
vn -0.00487 0.00155 0.99999
vn -0.00824 0.00235 0.99996
vn -0.0029 0.00427 0.99999
vn 0.01393 0.02329 0.99963
vn 0.02379 0.05272 0.99833
vn 0.03659 0.06523 0.9972
vn 0.0361 0.06182 0.99743
vn 0.01278 0.03791 0.9992
vn -0.00982 -0.00852 0.99992
vn -0.03395 -0.0447 0.99842
vn -0.04496 -0.05894 0.99725
vn -0.02851 -0.05555 0.99805
vn -0.00578 -0.03941 0.99921
vn 0.00178 -0.022 0.99976
vn 0.00753 -0.01975 0.99978
vn 0.00225 -0.00885 0.99996
vn 0.00051 -0.00754 0.99997
vn -0.00281 -0.00588 0.99998
vn -0.00351 -0.00556 0.99998
vn -0.00217 -0.00501 0.99999
vn -0.00061 -0.00499 0.99999
vn 0.00274 -0.00463 0.99999
vn -0.00187 -0.00115 1
vn -0.00584 -0.00066 0.99998
vn -0.00649 4E-05 0.99998
vn -0.00955 0.00324 0.99995
vn -0.00236 -0.0035 0.99999
vn 0.00353 -0.01218 0.99992
vn 0.00427 -0.00651 0.99997
vn 0.01231 0.01667 0.99979
vn 0.02405 0.04119 0.99886
vn 0.03731 0.04771 0.99816
vn 0.03004 0.04321 0.99861
vn 0.00798 0.02005 0.99977
vn -0.02095 -0.01602 0.99965
vn -0.02531 -0.05448 0.99819
vn -0.02347 -0.0698 0.99728
vn -0.01365 -0.06089 0.99805
vn -0.01891 -0.0453 0.99879
vn 0.0002 -0.01445 0.9999
vn -0.00623 -0.0081 0.99995
vn -0.00414 -0.00096 0.99999
vn -0.00315 -0.00072 0.99999
vn -0.00191 -0.00155 1
vn 0.00028 -0.00266 1
vn -0.00076 -0.00075 1
vn -0.00541 0.00466 0.99997
vn -0.00647 0.00693 0.99996
vn -0.00747 0.00547 0.99996
vn 0.00049 -0.00637 0.99998
vn 0.00778 -0.01555 0.99985
vn 0.00259 -0.00694 0.99997
vn 0.0097 -0.02365 0.99967
vn -0.01025 -0.01516 0.99983
vn 0.00274 0.01151 0.99993
vn 0.01302 0.03485 0.99931
vn 0.01931 0.05058 0.99853
vn 0.02137 0.05921 0.99802
vn 0.02185 0.05447 0.99828
vn 0.02075 0.02252 0.99953
vn -0.00183 -0.02061 0.99979
vn -0.02768 -0.04756 0.99848
vn -0.04452 -0.06002 0.9972
vn -0.02001 -0.0184 0.99963
vn -0.01709 -0.01249 0.99978
vn -0.00852 -0.00564 0.99995
vn -0.00354 -0.00083 0.99999
vn -0.00159 0.00138 1
vn -0.00131 0.00399 0.99999
vn -0.00549 0.00747 0.99996
vn -0.00939 0.01204 0.99988
vn -0.00357 0.01015 0.99994
vn 0.00409 -0.00055 0.99999
vn 0.00709 -0.00674 0.99995
vn -0.00849 0.00969 0.99992
vn 0.0192 -0.00027 0.99982
vn 0.01652 -0.02556 0.99954
vn -0.04147 0.00168 0.99914
vn -0.00487 0.00855 0.99995
vn 0.01099 0.00593 0.99992
vn 0.0069 0.01523 0.99986
vn -0.00552 0.04007 0.99918
vn 0.01606 0.05888 0.99814
vn 0.04865 0.06037 0.99699
vn 0.0407 0.04915 0.99796
vn 0.01089 0.01358 0.99985
vn 0.01167 -0.00716 0.99991
vn -0.02572 -0.00331 0.99966
vn -0.01334 -0.00981 0.99986
vn -0.01542 -0.01417 0.99978
vn -0.00974 -0.00761 0.99992
vn -0.00557 -0.00105 0.99998
vn -0.00458 0.00328 0.99998
vn -0.00945 0.00641 0.99993
vn -0.00676 0.00253 0.99997
vn 0.00299 -0.00396 0.99999
vn 0.00602 0.0015 0.99998
vn -0.00258 0.01069 0.99994
vn -0.00189 0.00152 1
vn 0.04915 -0.01793 0.99863
vn -0.00834 0.00697 0.99994
vn -0.04042 0.00495 0.99917
vn -0.00535 -0.00974 0.99994
vn 6E-05 -2E-05 1
vn -0.00648 0.01247 0.9999
vn -0.00915 0.01002 0.99991
vn 0.00732 0.00588 0.99996
vn 0.02423 0.02767 0.99932
vn 0.03924 0.05216 0.99787
vn 0.04599 0.05779 0.99727
vn 0.06239 0.07071 0.99554
vn 0.01155 0.01882 0.99976
vn 0.00636 0.00478 0.99997
vn -0.01087 -0.01321 0.99985
vn -0.01634 -0.01664 0.99973
vn -0.01333 -0.00769 0.99988
vn -0.00862 0.00027 0.99996
vn -0.00518 -0.00201 0.99998
vn 0.00017 -0.00935 0.99996
vn -0.00707 0.00154 0.99997
vn -8E-05 0.00651 0.99998
vn 0.00183 7E-05 1
vn 0.01175 -0.0076 0.9999
vn 0.02442 0.00756 0.99967
vn -0.01698 0.02525 0.99954
vn -0.00923 -0.00358 0.99995
vn -0.00658 -0.00789 0.99995
vn -0.0113 -0.00244 0.99993
vn -0.0103 0.00199 0.99994
vn -0.00064 -0.00091 1
vn 0.00873 -0.00704 0.99994
vn 0.00782 -0.00652 0.99995
vn 0.00807 0.01524 0.99985
vn 0.02051 0.04945 0.99857
vn 0.01461 0.06245 0.99794
vn 0.03818 0.02773 0.99889
vn 0.02649 0.01642 0.99951
vn 0.00296 0.0024 0.99999
vn -0.01517 -0.01041 0.99983
vn -0.02039 -0.01603 0.99966
vn -0.01369 -0.0095 0.99986
vn -0.00046 -0.00622 0.99998
vn -0.00981 0.00462 0.99994
vn -0.00705 0.00362 0.99997
vn 0.00628 -0.00755 0.99995
vn 0.00566 -0.00662 0.99996
vn 0.01011 -0.00518 0.99994
vn 0.00554 0.0018 0.99998
vn -0.00523 0.00754 0.99996
vn -0.00673 0.01058 0.99992
vn -0.00788 0.01249 0.99989
vn -0.01076 0.00698 0.99992
vn -0.00728 -0.00109 0.99997
vn 0.00108 -0.00379 0.99999
vn 0.00847 -0.00198 0.99996
vn 0.00485 -0.00081 0.99999
vn -0.00517 -0.00102 0.99999
vn -0.01082 0.01412 0.99984
vn -0.03286 0.02866 0.99905
vn 0.03854 0.08916 0.99527
vn 0.0578 0.07172 0.99575
vn 0.0243 0.02601 0.99937
vn 0.00156 0.00385 0.99999
vn -0.01686 -0.01052 0.9998
vn -0.01506 -0.02324 0.99962
vn -0.01252 -0.01809 0.99976
vn -0.01374 -0.00879 0.99987
vn 0.003 -0.01198 0.99992
vn 0.00302 -0.00513 0.99998
vn 0.00526 -0.00416 0.99998
vn 0.00381 -0.001 0.99999
vn -0.00598 0.0112 0.99992
vn -0.01117 0.01985 0.99974
vn -0.00954 0.02214 0.99971
vn -0.0018 0.01662 0.99986
vn -0.00026 0.00817 0.99997
vn 0.00021 -0.00062 1
vn 0.00306 -0.00735 0.99997
vn 0.00605 -0.0075 0.99995
vn 0.00095 -0.00177 1
vn -0.00864 0.00275 0.99996
vn -0.02301 0.0039 0.99973
vn -0.02374 -0.00169 0.99972
vn 0.13954 0.19923 0.96997
vn 0.14021 0.14661 0.97921
vn 0.06911 0.06379 0.99557
vn 0.01798 0.02782 0.99945
vn 0.00395 0.01174 0.99992
vn -0.00416 -0.00422 0.99998
vn -0.01729 -0.01725 0.9997
vn -0.01282 -0.02774 0.99953
vn -0.00778 -0.0201 0.99977
vn -0.00078 -0.01138 0.99993
vn 0.00322 -0.0061 0.99998
vn -0.00487 -0.00029 0.99999
vn -0.0143 0.00655 0.99988
vn -0.01307 0.00845 0.99988
vn -0.00539 0.00616 0.99997
vn 0.00236 0.0045 0.99999
vn 0.00556 0.00275 0.99998
vn 0.00797 -0.00181 0.99997
vn 0.0073 -0.00764 0.99994
vn 0.00212 -0.00762 0.99997
vn -0.00382 -0.00316 0.99999
vn -0.01096 -0.0011 0.99994
vn -0.02006 -0.00118 0.9998
vn -0.02139 -0.00353 0.99976
vn 0.26078 0.19779 0.94492
vn 0.21603 0.15668 0.96373
vn 0.14009 0.09413 0.98565
vn 0.0378 0.04829 0.99812
vn 0.0145 0.03167 0.99939
vn 0.0152 0.0182 0.99972
vn 0.00273 0.00517 0.99998
vn -0.00717 -0.00832 0.99994
vn -0.01007 -0.02362 0.99967
vn -0.00681 -0.0286 0.99957
vn -0.00489 -0.01895 0.99981
vn -0.011 -0.01041 0.99989
vn -0.01658 -0.0073 0.99984
vn -0.01574 -0.00154 0.99988
vn -0.00457 0.00045 0.99999
vn 0.00262 0.00023 1
vn 0.00517 0.00275 0.99998
vn 0.01235 0.00217 0.99992
vn 0.00852 0.00258 0.99996
vn -0.00013 0.00382 0.99999
vn -0.00508 0.00292 0.99998
vn -0.01136 0.00155 0.99993
vn -0.01554 -0.00349 0.99987
vn -0.01511 -0.0078 0.99986
vn 0.23113 0.05392 0.97143
vn 0.22536 0.04139 0.9734
vn 0.17844 0.05452 0.98244
vn 0.07145 0.04161 0.99658
vn 0.02183 0.02908 0.99934
vn 0.01365 0.03214 0.99939
vn 0.01343 0.03012 0.99946
vn 0.01613 0.01377 0.99978
vn 0.00686 -0.00093 0.99998
vn -0.00653 -0.01289 0.9999
vn -0.01069 -0.02143 0.99971
vn -0.0168 -0.01962 0.99967
vn -0.02291 -0.01356 0.99965
vn -0.02151 -0.00437 0.99976
vn -0.00351 -0.00449 0.99998
vn -0.00084 -0.00161 1
vn 0.00154 0.0062 0.99998
vn 0.00914 0.01244 0.99988
vn 0.00697 0.01524 0.99986
vn 0.00264 0.01187 0.99993
vn -0.001 0.00633 0.99998
vn -0.00564 -1E-05 0.99998
vn -0.01071 -0.00552 0.99993
vn -0.0133 -0.00699 0.99989
vn 0.15329 -0.11414 0.98157
vn 0.16004 -0.05021 0.98583
vn 0.13274 0.04868 0.98996
vn 0.07554 0.08208 0.99376
vn 0.03724 0.06661 0.99708
vn 0.02216 0.03757 0.99905
vn 0.0186 0.0243 0.99953
vn 0.01937 0.02651 0.99946
vn 0.01759 0.02594 0.99951
vn 0.01166 0.01542 0.99981
vn -0.00029 -0.00122 1
vn -0.01525 -0.01565 0.99976
vn -0.03054 -0.01974 0.99934
vn -0.02446 -0.01582 0.99958
vn -0.00716 -0.00953 0.99993
vn -0.01102 0.00114 0.99994
vn -0.00515 0.00765 0.99996
vn 0.00608 0.00994 0.99993
vn 0.0093 0.00857 0.99992
vn 0.00697 0.00665 0.99995
vn 0.00434 0.0029 0.99999
vn 0.0012 -0.00365 0.99999
vn -0.0091 -0.0047 0.99995
vn -0.00761 -0.00747 0.99994
vn 0.07462 -0.02961 0.99677
vn 0.06091 0.05782 0.99647
vn 0.06605 0.12994 0.98932
vn 0.06606 0.16689 0.98376
vn 0.07289 0.15059 0.98591
vn 0.06946 0.08506 0.99395
vn 0.0325 0.03492 0.99886
vn 0.01459 0.02477 0.99959
vn 0.01547 0.02828 0.99948
vn 0.01962 0.03054 0.99934
vn 0.01692 0.02613 0.99952
vn 0.00394 0.00609 0.99997
vn -0.02476 -0.01528 0.99958
vn -0.02978 -0.02118 0.99933
vn -0.02239 -0.00474 0.99974
vn -0.01454 0.00241 0.99989
vn -0.00392 -0.00391 0.99998
vn 0.00493 -0.00369 0.99998
vn 0.00861 -0.00022 0.99996
vn 0.0092 -0.00109 0.99996
vn 0.00952 -0.00425 0.99995
vn 0.00178 -0.00518 0.99998
vn -0.00661 -0.00509 0.99997
vn -0.00122 -0.00682 0.99998
vn 0.01324 0.13054 0.99135
vn 0.01762 0.14498 0.98928
vn 0.03153 0.14484 0.98895
vn 0.0572 0.1518 0.98675
vn 0.11562 0.14916 0.98203
vn 0.12263 0.13557 0.98315
vn 0.07045 0.10164 0.99232
vn 0.03344 0.05165 0.99811
vn 0.01688 0.02525 0.99954
vn 0.01043 0.03001 0.9995
vn 0.02275 0.03726 0.99905
vn 0.02713 0.02779 0.99925
vn -0.0012 0.00184 1
vn -0.03371 -0.01536 0.99931
vn -0.03332 -0.01343 0.99935
vn -0.00627 -0.02136 0.99975
vn -0.00282 -0.02321 0.99973
vn -0.00068 -0.01614 0.99987
vn 0.0065 -0.01046 0.99992
vn 0.00935 -0.00648 0.99994
vn 0.00928 -0.00237 0.99995
vn -0.00063 0.0018 1
vn -0.00468 0.00176 0.99999
vn -0.00326 0.00433 0.99999
vn 0.02503 0.11211 0.99338
vn 0.03957 0.07795 0.99617
vn 0.03888 0.06795 0.99693
vn 0.04186 0.07329 0.99643
vn 0.09001 0.09903 0.99101
vn 0.12113 0.12945 0.98416
vn 0.11394 0.12858 0.98513
vn 0.08019 0.10185 0.99156
vn 0.0375 0.06134 0.99741
vn 0.00888 0.03677 0.99928
vn 0.02122 0.03097 0.99929
vn 0.03727 0.03445 0.99871
vn 0.02684 0.01727 0.99949
vn -0.01904 -0.00724 0.99979
vn -0.025 -0.02009 0.99949
vn -0.00274 -0.02724 0.99963
vn -0.00678 -0.0301 0.99952
vn -0.00833 -0.02649 0.99961
vn -0.00261 -0.01502 0.99988
vn 0.00136 -0.00302 0.99999
vn 0.00395 0.00291 0.99999
vn -0.0024 0.00633 0.99998
vn -0.00413 0.00536 0.99998
vn -0.00474 0.00385 0.99998
vn 0.03465 0.04089 0.99856
vn 0.039 0.04477 0.99824
vn 0.04217 0.04268 0.9982
vn 0.0457 0.02921 0.99853
vn 0.06439 0.03147 0.99743
vn 0.08301 0.06949 0.99412
vn 0.09922 0.11051 0.98891
vn 0.10986 0.11392 0.9874
vn 0.08085 0.084 0.99318
vn 0.03539 0.04592 0.99832
vn 0.02181 0.02523 0.99944
vn 0.04129 0.02163 0.99891
vn 0.0406 0.01992 0.99898
vn -0.00169 0.00657 0.99998
vn -0.01685 0.00063 0.99986
vn 0.00169 0.00239 1
vn -0.00309 -0.0024 0.99999
vn -0.01078 -0.01265 0.99986
vn -0.01729 -0.00556 0.99984
vn -0.00434 0.00186 0.99999
vn 0.00014 0.00473 0.99999
vn 0.00015 0.00154 1
vn -0.00287 -0.0025 0.99999
vn -0.00399 -0.00345 0.99999
vn 0.03209 0.01695 0.99934
vn 0.04051 0.00655 0.99916
vn 0.04972 0.00554 0.99875
vn 0.04744 0.00934 0.99883
vn 0.05076 0.01426 0.99861
vn 0.05152 0.02685 0.99831
vn 0.07351 0.04878 0.9961
vn 0.11061 0.06539 0.99171
vn 0.10761 0.06042 0.99236
vn 0.07296 0.02902 0.99691
vn 0.03163 0.01171 0.99943
vn 0.03918 0.01215 0.99916
vn 0.0394 0.02641 0.99887
vn 0.00692 0.01902 0.9998
vn -0.01896 0.00939 0.99978
vn -0.0009 0.01307 0.99991
vn 0.01089 0.00921 0.9999
vn -0.00419 -0.00355 0.99998
vn -0.02567 0.00067 0.99967
vn -0.00786 0.00477 0.99996
vn 0.00367 0.00351 0.99999
vn 0.00569 -0.00203 0.99998
vn -0.00245 -0.0031 0.99999
vn -0.00437 -0.00399 0.99998
vn 0.02757 -0.04738 0.9985
vn 0.03277 -0.04972 0.99823
vn 0.04228 -0.03607 0.99845
vn 0.04438 -0.03203 0.9985
vn 0.04328 -0.02808 0.99867
vn 0.04542 -0.02923 0.99854
vn 0.07083 -0.04648 0.99641
vn 0.10453 -0.05158 0.99318
vn 0.11334 -0.03638 0.99289
vn 0.07429 -0.01119 0.99717
vn 0.02852 0.01365 0.9995
vn 0.02355 0.02578 0.99939
vn 0.04273 0.02814 0.99869
vn 0.02546 0.01263 0.9996
vn -0.01327 -0.00035 0.99991
vn -0.00625 0.00101 0.99998
vn 0.01724 0.0026 0.99985
vn -0.00321 -0.00051 0.99999
vn -0.02713 -0.00232 0.99963
vn -0.01057 -0.00047 0.99994
vn 0.00686 8E-05 0.99998
vn 0.00587 0.00226 0.99998
vn 0.00033 0.00027 1
vn -0.00078 -0.00137 1
vn 0.0089 -0.1292 0.99158
vn 0.01898 -0.14172 0.98973
vn 0.03265 -0.13088 0.99086
vn 0.0416 -0.12401 0.99141
vn 0.0472 -0.12715 0.99076
vn 0.05659 -0.12479 0.99057
vn 0.08145 -0.11872 0.98958
vn 0.08253 -0.09442 0.99211
vn 0.06131 -0.03006 0.99767
vn 0.02801 0.03274 0.99907
vn 0.02371 0.03621 0.99906
vn 0.02411 0.02454 0.99941
vn 0.05224 0.01339 0.99854
vn 0.03405 0.01052 0.99936
vn -0.00491 -0.00126 0.99999
vn -0.00813 -0.00353 0.99996
vn 0.01685 0.00125 0.99986
vn -0.00206 0.00448 0.99999
vn -0.02161 -0.00626 0.99975
vn -0.01378 -0.00667 0.99988
vn 0.00271 -0.00164 0.99999
vn 0.00495 0.00188 0.99999
vn 0.00326 0.00086 0.99999
vn 0.00338 -0.00112 0.99999
vn 0.00588 -0.16048 0.98702
vn 0.01522 -0.14304 0.9896
vn 0.02414 -0.14113 0.9897
vn 0.03863 -0.13756 0.98974
vn 0.02971 -0.11709 0.99268
vn 0.02792 -0.07564 0.99674
vn 0.04198 -0.02291 0.99886
vn 0.02615 0.03318 0.99911
vn -0.00059 0.08459 0.99642
vn 0.03246 0.07769 0.99645
vn 0.04589 0.0422 0.99806
vn 0.03584 0.02914 0.99893
vn 0.05734 0.02303 0.99809
vn 0.04274 0.01727 0.99894
vn 0.00379 0.00312 0.99999
vn -0.01179 -0.00071 0.99993
vn 0.00997 0.00343 0.99994
vn 0.00455 0.0061 0.99997
vn -0.01092 -0.00931 0.9999
vn -0.02054 -0.00571 0.99977
vn -0.00081 -0.00197 1
vn 0.0032 0.00094 0.99999
vn 0.00546 0.00019 0.99999
vn 0.00585 -0.0021 0.99998
vn 0.02264 -0.05285 0.99835
vn 0.01801 -0.03829 0.9991
vn 0.01967 -0.0296 0.99937
vn 0.0187 -0.00673 0.9998
vn -0.01939 0.04821 0.99865
vn -0.02347 0.10274 0.99443
vn 0.00547 0.12162 0.99256
vn -0.00703 0.12006 0.99274
vn 0.01217 0.09524 0.99538
vn 0.07948 0.03871 0.99608
vn 0.0464 0.04355 0.99797
vn 0.02535 0.08457 0.9961
vn 0.0716 0.07356 0.99472
vn 0.06171 0.04664 0.997
vn 0.01674 0.02627 0.99951
vn -0.0061 0.01072 0.99992
vn 0.00445 0.00637 0.99997
vn 0.01515 0.00299 0.99988
vn -0.00688 -0.00631 0.99996
vn -0.02476 -0.00456 0.99968
vn -0.00439 -0.0012 0.99999
vn 0.00281 0.00115 1
vn 0.00963 -0.00362 0.99995
vn 0.00439 -0.00328 0.99998
vn 0.01393 0.02843 0.9995
vn -0.0097 0.07527 0.99712
vn -0.0089 0.12253 0.99242
vn -0.03462 0.17039 0.98477
vn -0.05893 0.19253 0.97952
vn -0.01323 0.1533 0.98809
vn 0.03462 0.10064 0.99432
vn 0.02521 0.06276 0.99771
vn 0.07221 0.0084 0.99735
vn 0.06903 0.01423 0.99751
vn -0.01657 0.08125 0.99656
vn 0.01013 0.12593 0.99199
vn 0.09114 0.1335 0.98685
vn 0.09399 0.10604 0.98991
vn 0.04603 0.05942 0.99717
vn 0.01465 0.01847 0.99972
vn 0.00792 0.00402 0.99996
vn 0.02265 0.00107 0.99974
vn -0.0057 -0.00115 0.99998
vn -0.02354 -0.00669 0.9997
vn -0.01042 -0.00263 0.99994
vn 0.00765 -0.00409 0.99996
vn 0.0069 -0.00124 0.99998
vn -0.00323 0.00639 0.99997
vn -0.05493 0.08115 0.99519
vn -0.07082 0.11592 0.99073
vn -0.05095 0.1552 0.98657
vn -0.0464 0.16859 0.98459
vn -0.00736 0.12863 0.99167
vn 0.04774 0.07574 0.99598
vn 0.0569 0.06502 0.99626
vn 0.05899 0.06085 0.9964
vn 0.08732 0.04066 0.99535
vn 0.02786 0.04142 0.99875
vn -0.06892 0.06257 0.99566
vn -0.02431 0.09779 0.99491
vn 0.08688 0.13297 0.98731
vn 0.12849 0.14091 0.98165
vn 0.09687 0.11586 0.98853
vn 0.05644 0.05179 0.99706
vn 0.02001 0.00955 0.99975
vn 0.02135 0.00352 0.99977
vn -0.00247 0.00855 0.99996
vn -0.01418 -0.01021 0.99985
vn -0.01461 -0.01152 0.99983
vn 0.00371 -0.00442 0.99998
vn -0.00138 0.00509 0.99999
vn -0.004 0.00462 0.99998
vn -0.11086 0.0334 0.99327
vn -0.10163 0.03761 0.99411
vn -0.08156 0.06826 0.99433
vn -0.03859 0.0848 0.99565
vn 0.02581 0.07489 0.99686
vn 0.04468 0.08538 0.99535
vn 0.03682 0.11767 0.99237
vn 0.07402 0.12611 0.98925
vn 0.12162 0.08444 0.98898
vn 0.04227 0.04509 0.99809
vn -0.07135 0.01609 0.99732
vn -0.0616 0.01464 0.99799
vn 0.03285 0.07222 0.99685
vn 0.1045 0.13398 0.98546
vn 0.13947 0.14745 0.97919
vn 0.11998 0.1085 0.98683
vn 0.05995 0.04158 0.99733
vn 0.01698 0.01393 0.99976
vn 0.0077 0.01512 0.99986
vn -0.00139 0.00094 1
vn -0.01575 -0.00734 0.99985
vn -0.00576 -0.00716 0.99996
vn -0.00506 -0.00037 0.99999
vn -0.0012 0.00094 1
vn -0.12945 -0.00134 0.99158
vn -0.12384 0.00777 0.99227
vn -0.12684 0.06578 0.98974
vn -0.03716 0.08784 0.99544
vn 0.02296 0.08108 0.99644
vn 0.013 0.09737 0.99516
vn 0.01687 0.11431 0.9933
vn 0.0992 0.10342 0.98968
vn 0.15536 0.08689 0.98403
vn 0.08302 0.06135 0.99466
vn -0.03407 0.01314 0.99933
vn -0.0706 -0.0255 0.99718
vn -0.03311 -0.00084 0.99945
vn 0.03899 0.07414 0.99649
vn 0.12429 0.13444 0.9831
vn 0.15853 0.15677 0.97483
vn 0.12759 0.10218 0.98655
vn 0.0368 0.04122 0.99847
vn 0.01686 0.0147 0.99975
vn 0.01226 6E-05 0.99992
vn -0.0069 -0.01045 0.99992
vn -0.01699 0.00233 0.99985
vn -0.00658 0.00638 0.99996
vn 0.00309 0.00104 0.99999
vn -0.12132 0.00992 0.99256
vn -0.17386 0.04361 0.9838
vn -0.16756 0.0931 0.98146
vn -0.02243 0.08766 0.9959
vn 0.02721 0.07217 0.99702
vn 0.00289 0.07183 0.99741
vn 0.0184 0.0717 0.99726
vn 0.10269 0.07321 0.99202
vn 0.15233 0.09018 0.98421
vn 0.10886 0.10007 0.98901
vn 0.02038 0.07543 0.99694
vn -0.04063 0.01529 0.99906
vn -0.06963 -0.00584 0.99756
vn -0.0318 0.03272 0.99896
vn 0.06123 0.09158 0.99391
vn 0.16225 0.1308 0.97804
vn 0.17198 0.1412 0.97493
vn 0.08732 0.12113 0.98879
vn 0.06176 0.04541 0.99706
vn 0.02005 0.00729 0.99977
vn -0.01524 0.00498 0.99987
vn -0.02516 0.01322 0.9996
vn 0.00399 0.00463 0.99998
vn 0.01267 -0.00326 0.99991
vn -0.14232 0.06559 0.98765
vn -0.22164 0.11323 0.96853
vn -0.15586 0.10423 0.98226
vn -0.00496 0.0767 0.99704
vn 0.03311 0.06459 0.99736
vn 0.00588 0.05541 0.99845
vn 0.01506 0.05994 0.99809
vn 0.0847 0.07279 0.99374
vn 0.1211 0.10577 0.98699
vn 0.09228 0.14271 0.98545
vn 0.07514 0.12037 0.98988
vn 0.01946 0.06039 0.99799
vn -0.06454 0.02424 0.99762
vn -0.06021 0.02455 0.99788
vn 0.01934 0.03792 0.99909
vn 0.10344 0.10013 0.98958
vn 0.11712 0.2072 0.97126
vn 0.14753 0.21032 0.96644
vn 0.13902 0.13802 0.98062
vn 0.0595 0.06571 0.99606
vn -0.01138 0.01878 0.99976
vn -0.01514 -0.00268 0.99988
vn 0.00997 -0.00964 0.9999
vn 0.01884 -0.00869 0.99978
vn -0.20864 0.17275 0.96261
vn -0.21819 0.18795 0.95764
vn -0.09781 0.11962 0.98799
vn 0.01913 0.07023 0.99735
vn 0.04035 0.05999 0.99738
vn 0.0092 0.05309 0.99855
vn 0.00562 0.05626 0.9984
vn 0.0592 0.0736 0.99553
vn 0.08442 0.10175 0.99122
vn 0.09693 0.10454 0.98979
vn 0.12056 0.06693 0.99045
vn 0.05125 0.04823 0.99752
vn -0.05128 0.04129 0.99783
vn -0.0569 0.03394 0.9978
vn -0.019 0.05851 0.99811
vn 0.0025 0.11693 0.99314
vn 0.05984 0.17293 0.98311
vn 0.16629 0.20255 0.96505
vn 0.18836 0.21375 0.95856
vn 0.1422 0.15616 0.97744
vn 0.05214 0.05777 0.99697
vn 0.00466 -0.00593 0.99997
vn 0.00505 -0.01065 0.99993
vn 0.00576 -0.00279 0.99998
vn -0.2216 0.19033 0.95638
vn -0.15354 0.12975 0.97959
vn -0.02946 0.05964 0.99779
vn 0.0358 0.03535 0.99873
vn 0.03971 0.04592 0.99816
vn 0.01116 0.04857 0.99876
vn 0.00116 0.04551 0.99896
vn 0.03527 0.06064 0.99754
vn 0.07725 0.06925 0.9946
vn 0.13567 0.03749 0.99004
vn 0.14741 -0.00371 0.98907
vn 0.03138 0.02041 0.9993
vn -0.05925 0.05476 0.99674
vn -0.06512 0.0634 0.99586
vn -0.05187 0.08591 0.99495
vn -0.02941 0.1001 0.99454
vn 0.03122 0.10226 0.99427
vn 0.10874 0.14218 0.98385
vn 0.1817 0.19478 0.96387
vn 0.21458 0.18733 0.95857
vn 0.15116 0.11714 0.98154
vn 0.05044 0.03529 0.9981
vn 0.00203 0.0011 1
vn -0.00964 0.00138 0.99995
vn -0.17081 0.02025 0.9851
vn -0.09272 -0.05333 0.99426
vn -0.01618 -0.05451 0.99838
vn 0.01235 -0.0158 0.9998
vn 0.0199 0.02735 0.99943
vn 0.01042 0.04694 0.99884
vn -0.00114 0.04344 0.99906
vn 0.0225 0.05023 0.99848
vn 0.09941 0.03709 0.99436
vn 0.17939 0.00357 0.98377
vn 0.13706 -0.0009 0.99056
vn -0.01964 0.04941 0.99859
vn -0.07355 0.07452 0.9945
vn -0.08604 0.09376 0.99187
vn -0.0672 0.11139 0.9915
vn -0.01389 0.09876 0.99501
vn 0.03093 0.08304 0.99607
vn 0.06428 0.09474 0.99342
vn 0.14287 0.12398 0.98195
vn 0.217 0.16784 0.96163
vn 0.21328 0.16599 0.96279
vn 0.13216 0.08954 0.98718
vn 0.02798 0.02363 0.99933
vn -0.00342 0.00391 0.99999
vn -0.12071 -0.11836 0.98561
vn -0.09353 -0.10424 0.99014
vn -0.0636 -0.06298 0.99599
vn -0.04707 -0.0043 0.99888
vn -0.01815 0.04357 0.99889
vn 0.00988 0.05729 0.99831
vn 6E-05 0.05102 0.9987
vn 0.03171 0.03828 0.99876
vn 0.12911 0.00383 0.99162
vn 0.19399 -0.01879 0.98082
vn 0.0913 0.01522 0.99571
vn -0.05437 0.06199 0.99659
vn -0.09011 0.08168 0.99258
vn -0.11392 0.1158 0.98672
vn -0.05577 0.11397 0.99192
vn 0.00248 0.09491 0.99548
vn 0.03388 0.08521 0.99579
vn 0.06422 0.0739 0.9952
vn 0.10786 0.07956 0.99098
vn 0.18275 0.10461 0.97758
vn 0.24295 0.11337 0.96339
vn 0.19848 0.08529 0.97639
vn 0.07627 0.04326 0.99615
vn 0.01714 0.02424 0.99956
vn -0.11768 -0.05311 0.99163
vn -0.11469 -0.04051 0.99257
vn -0.1081 -0.0158 0.99401
vn -0.09959 0.03503 0.99441
vn -0.03628 0.05819 0.99765
vn 0.00864 0.06728 0.9977
vn 0.01438 0.05953 0.99812
vn 0.08496 -0.00294 0.99638
vn 0.1725 -0.07321 0.98228
vn 0.16968 -0.07089 0.98295
vn 0.01032 0.03089 0.99947
vn -0.07921 0.08922 0.99286
vn -0.11939 0.10648 0.98712
vn -0.12396 0.11983 0.98503
vn -0.02948 0.09593 0.99495
vn 0.02013 0.07288 0.99714
vn 0.04492 0.05762 0.99733
vn 0.07133 0.04912 0.99624
vn 0.11824 0.0198 0.99279
vn 0.19242 -0.03405 0.98072
vn 0.23671 -0.03582 0.97092
vn 0.19105 0.01659 0.98144
vn 0.07076 0.09445 0.99301
vn 0.08413 0.12441 0.98866
vn -0.11494 -0.0308 0.99289
vn -0.11684 -0.04525 0.99212
vn -0.15389 -0.01731 0.98794
vn -0.13748 0.03449 0.9899
vn -0.04149 0.04333 0.9982
vn 0.00334 0.05096 0.9987
vn 0.07073 0.0146 0.99739
vn 0.17454 -0.07513 0.98178
vn 0.1929 -0.11501 0.97445
vn 0.06299 -0.03495 0.9974
vn -0.08349 0.07972 0.99331
vn -0.10062 0.12391 0.98718
vn -0.12676 0.13346 0.98291
vn -0.09558 0.1037 0.99001
vn -0.00306 0.06795 0.99768
vn 0.03542 0.05149 0.99804
vn 0.05993 0.03592 0.99756
vn 0.10448 -0.0007 0.99453
vn 0.18573 -0.06199 0.98064
vn 0.2264 -0.11247 0.96752
vn 0.17972 -0.07899 0.98054
vn 0.03984 0.09119 0.99504
vn 0.01761 0.21061 0.97741
vn 0.11832 0.22537 0.96706
vn -0.08604 -0.02715 0.99592
vn -0.11426 -0.03103 0.99297
vn -0.19446 -0.02755 0.98052
vn -0.15201 -0.01773 0.98822
vn -0.05118 -0.00939 0.99865
vn 0.01784 -0.00927 0.9998
vn 0.13896 -0.05022 0.98902
vn 0.22064 -0.08694 0.97147
vn 0.14266 -0.05155 0.98843
vn -0.05296 0.04757 0.99746
vn -0.14189 0.11329 0.98338
vn -0.12035 0.13733 0.98319
vn -0.09622 0.1101 0.98925
vn -0.04475 0.05151 0.99767
vn 0.01491 0.02516 0.99957
vn 0.05244 0.00699 0.9986
vn 0.09338 -0.02786 0.99524
vn 0.15449 -0.07354 0.98525
vn 0.22717 -0.10608 0.96806
vn 0.20163 -0.07619 0.97649
vn 0.02319 0.07538 0.99689
vn -0.10108 0.20987 0.97249
vn 0.00209 0.23162 0.97281
vn 0.07181 0.23381 0.96963
vn -0.03451 0.0309 0.99893
vn -0.08372 0.00863 0.99645
vn -0.17734 -0.03671 0.98347
vn -0.15556 -0.05322 0.98639
vn -0.07153 -0.02909 0.99701
vn 0.03925 -0.03102 0.99875
vn 0.16235 -0.03719 0.98603
vn 0.20128 -0.01906 0.97935
vn 0.06498 0.02661 0.99753
vn -0.10769 0.05895 0.99243
vn -0.16532 0.07291 0.98354
vn -0.10597 0.07305 0.99168
vn -0.04625 0.04821 0.99777
vn -0.005 0.0052 0.99997
vn 0.0375 -0.02707 0.99893
vn 0.08791 -0.06706 0.99387
vn 0.13704 -0.11169 0.98425
vn 0.18307 -0.14074 0.97297
vn 0.19873 -0.11507 0.97328
vn 0.04788 0.03819 0.99812
vn -0.12583 0.20059 0.97156
vn -0.11102 0.22821 0.96726
vn 0.01176 0.19106 0.98151
vn 0.0565 0.17084 0.98368
vn 0.00458 0.03938 0.99921
vn -0.04525 0.01947 0.99879
vn -0.14041 -0.01313 0.99001
vn -0.16344 -0.03179 0.98604
vn -0.0881 -0.01708 0.99597
vn 0.03667 -0.0037 0.99932
vn 0.14516 0.02326 0.98913
vn 0.17516 0.05152 0.98319
vn 0.05687 0.05206 0.99702
vn -0.10872 0.03415 0.99349
vn -0.18281 0.04961 0.9819
vn -0.09802 0.04981 0.99394
vn -0.00967 0.02338 0.99968
vn 0.03293 -0.01423 0.99936
vn 0.07973 -0.05469 0.99532
vn 0.12902 -0.09031 0.98752
vn 0.17119 -0.12378 0.97743
vn 0.16926 -0.11737 0.97856
vn 0.0661 -0.00678 0.99779
vn -0.12995 0.15597 0.97918
vn -0.17107 0.20906 0.96282
vn -0.06225 0.17256 0.98303
vn 0.04144 0.13119 0.99049
vn 0.07075 0.1202 0.99023
vn -0.00063 0.03265 0.99947
vn -0.03745 0.04907 0.99809
vn -0.10001 0.00988 0.99494
vn -0.15426 -0.03419 0.98744
vn -0.1064 -0.02597 0.99398
vn 0.00089 0.01251 0.99992
vn 0.11028 0.0519 0.99254
vn 0.15497 0.08717 0.98407
vn 0.07696 0.08819 0.99313
vn -0.10996 0.0793 0.99077
vn -0.18495 0.08214 0.97931
vn -0.06717 0.05043 0.99647
vn 0.02212 0.01629 0.99962
vn 0.06382 -0.00696 0.99794
vn 0.1091 -0.02971 0.99359
vn 0.15361 -0.0399 0.98733
vn 0.16947 -0.02718 0.98516
vn 0.09789 0.02674 0.99484
vn -0.06812 0.11201 0.99137
vn -0.18545 0.15349 0.97059
vn -0.13992 0.12669 0.98202
vn -0.02249 0.08984 0.9957
vn 0.04793 0.07998 0.99564
vn 0.07707 0.05935 0.99526
vn -0.02496 0.0967 0.995
vn -0.01665 0.10861 0.99394
vn -0.0283 0.03849 0.99886
vn -0.12811 -0.03081 0.99128
vn -0.13217 -0.03961 0.99044
vn -0.04407 -0.0004 0.99903
vn 0.06716 0.04287 0.99682
vn 0.1254 0.09463 0.98758
vn 0.08662 0.10119 0.99109
vn -0.10288 0.07653 0.99175
vn -0.16046 0.05046 0.98575
vn -0.03537 0.02875 0.99896
vn 0.03865 0.02182 0.99901
vn 0.07985 0.01433 0.9967
vn 0.11139 0.01259 0.9937
vn 0.14294 0.01628 0.9896
vn 0.12895 0.05026 0.99038
vn 0.03473 0.10854 0.99348
vn -0.09339 0.12248 0.98807
vn -0.16886 0.1017 0.98038
vn -0.10357 0.07447 0.99183
vn -0.00197 0.0484 0.99883
vn 0.06936 0.01378 0.9975
vn 0.12192 -0.04271 0.99162
vn -0.04453 0.17049 0.98435
vn 0.03228 0.15324 0.98766
vn 0.05694 0.08795 0.9945
vn -0.0699 0.00551 0.99754
vn -0.13493 -0.0495 0.98962
vn -0.09098 -0.02452 0.99555
vn 0.0098 0.02701 0.99959
vn 0.10351 0.06225 0.99268
vn 0.10933 0.0584 0.99229
vn -0.0756 0.03762 0.99643
vn -0.14241 0.01783 0.98965
vn -0.03938 0.01958 0.99903
vn 0.03793 0.02781 0.99889
vn 0.07678 0.04111 0.9962
vn 0.11829 0.0426 0.99207
vn 0.13631 0.0243 0.99037
vn 0.06721 0.06349 0.99572
vn -0.00771 0.13096 0.99136
vn -0.07039 0.12541 0.98961
vn -0.13861 0.08985 0.98626
vn -0.07619 0.05596 0.99552
vn 0.04099 0.0121 0.99909
vn 0.13496 -0.05445 0.98935
vn 0.18987 -0.09693 0.97701
vn -0.0319 0.12156 0.99207
vn 0.06012 0.09672 0.99349
vn 0.10487 0.1091 0.98848
vn 0.01289 0.06582 0.99775
vn -0.09795 -0.01894 0.99501
vn -0.12308 -0.03656 0.99172
vn -0.03132 -0.01151 0.99944
vn 0.09348 0.00305 0.99562
vn 0.10715 0.01953 0.99405
vn -0.06724 0.03812 0.99701
vn -0.12285 0.01448 0.99232
vn -0.04983 0.01147 0.99869
vn 0.01848 0.02949 0.99939
vn 0.06362 0.04581 0.99692
vn 0.13557 0.04548 0.98972
vn 0.12411 0.05286 0.99086
vn -0.00313 0.10102 0.99488
vn -0.03 0.13733 0.99007
vn -0.04728 0.13684 0.98946
vn -0.09158 0.09619 0.99114
vn -0.02888 0.03946 0.9988
vn 0.09749 -0.01765 0.99508
vn 0.18343 -0.05689 0.98138
vn 0.18165 -0.02923 0.98293
vn -0.05071 -0.01322 0.99863
vn -0.00103 0.0285 0.99959
vn 0.07511 0.11451 0.99058
vn 0.0864 0.10669 0.99053
vn -0.02208 0.0179 0.9996
vn -0.11754 -0.02971 0.99262
vn -0.04879 -0.02346 0.99853
vn 0.0786 -0.01118 0.99684
vn 0.06814 0.02979 0.99723
vn -0.06293 0.05348 0.99658
vn -0.09639 0.0176 0.99519
vn -0.05752 0.00853 0.99831
vn 0.00204 0.01902 0.99982
vn 0.05354 0.03 0.99812
vn 0.11934 0.05347 0.99141
vn 0.0883 0.08737 0.99226
vn -0.03681 0.11609 0.99256
vn -0.0335 0.11057 0.9933
vn -0.0349 0.11275 0.99301
vn -0.03621 0.0771 0.99637
vn 0.03046 0.02402 0.99925
vn 0.12813 -0.00011 0.99176
vn 0.15485 0.03038 0.98747
vn 0.1024 0.09817 0.98989
vn -0.13581 -0.02015 0.99053
vn -0.08997 0.03733 0.99524
vn 0.03656 0.07707 0.99636
vn 0.14391 0.05441 0.98809
vn 0.0315 0.02413 0.99921
vn -0.10266 0.00368 0.99471
vn -0.05677 0.00256 0.99838
vn 0.04728 0.01978 0.99869
vn 0.03421 0.04566 0.99837
vn -0.04107 0.04821 0.99799
vn -0.07504 0.03026 0.99672
vn -0.05504 0.01497 0.99837
vn -0.00928 0.01876 0.99978
vn 0.03375 0.03687 0.99875
vn 0.09174 0.05866 0.99405
vn 0.055 0.08627 0.99475
vn -0.03531 0.10428 0.99392
vn -0.0251 0.08738 0.99586
vn -0.01727 0.07116 0.99732
vn 5E-05 0.04574 0.99895
vn 0.05059 0.03113 0.99823
vn 0.10168 0.05861 0.99309
vn 0.08838 0.11733 0.98915
vn 0.05874 0.14654 0.98746
vn -0.17055 0.07612 0.9824
vn -0.09335 0.06848 0.99328
vn 0.06198 0.0143 0.99798
vn 0.15767 -0.01324 0.9874
vn 0.01221 0.03925 0.99915
vn -0.09135 0.04992 0.99457
vn -0.05294 0.03415 0.99801
vn 0.03438 0.02589 0.99907
vn 0.02103 0.0306 0.99931
vn -0.04099 0.04475 0.99816
vn -0.05962 0.04375 0.99726
vn -0.04447 0.0262 0.99867
vn -0.02533 0.03537 0.99905
vn 0.01453 0.05326 0.99847
vn 0.07257 0.06711 0.9951
vn 0.02585 0.09018 0.99559
vn -0.02211 0.08488 0.99615
vn -0.00573 0.06285 0.99801
vn 0.01002 0.03682 0.99927
vn 0.01648 0.0173 0.99971
vn 0.03618 0.01391 0.99925
vn 0.05463 0.03892 0.99775
vn 0.05632 0.06444 0.99633
vn 0.06505 0.03613 0.99723
vn -0.1045 0.12233 0.98697
vn -0.01623 0.05986 0.99807
vn 0.11761 -0.00821 0.99303
vn 0.11115 0.00328 0.9938
vn -0.04584 0.08777 0.99509
vn -0.08053 0.10905 0.99077
vn -0.01994 0.06982 0.99736
vn 0.04584 0.03423 0.99836
vn 0.00703 0.03672 0.9993
vn -0.05458 0.05373 0.99706
vn -0.05 0.05904 0.997
vn -0.04588 0.06043 0.99712
vn -0.0397 0.06983 0.99677
vn 0.00935 0.06643 0.99775
vn 0.05851 0.06573 0.99612
vn 0.02795 0.06745 0.99733
vn -0.00078 0.04893 0.9988
vn 0.01378 0.03535 0.99928
vn 0.03353 0.01458 0.99933
vn 0.04138 -0.0167 0.999
vn 0.0397 -0.04336 0.99827
vn 0.04464 -0.05985 0.99721
vn 0.06254 -0.07695 0.99507
vn 0.07964 -0.11449 0.99023
vn -0.02835 0.06538 0.99746
vn 0.04087 0.02923 0.99874
vn 0.13358 0.01548 0.99092
vn 0.04335 0.04432 0.99808
vn -0.0913 0.08561 0.99214
vn -0.05987 0.08777 0.99434
vn 0.02789 0.05351 0.99818
vn 0.05322 0.0435 0.99763
vn -0.00987 0.05822 0.99825
vn -0.05979 0.05929 0.99645
vn -0.05423 0.05948 0.99676
vn -0.05672 0.07211 0.99578
vn -0.0342 0.07631 0.9965
vn 0.0229 0.06237 0.99779
vn 0.05995 0.04709 0.99709
vn 0.0335 0.04852 0.99826
vn 0.00988 0.04605 0.99889
vn 0.03226 0.03076 0.99901
vn 0.05904 0.01284 0.99817
vn 0.07044 -0.00512 0.9975
vn 0.06273 -0.01612 0.9979
vn 0.06705 -0.02831 0.99735
vn 0.08459 -0.04384 0.99545
vn 0.09542 -0.0145 0.99533
vn -0.01182 0.01746 0.99978
vn 0.06721 0.02425 0.99744
vn 0.13423 0.02956 0.99051
vn -0.0167 0.03091 0.99938
vn -0.10227 0.03352 0.99419
vn -0.02849 0.04872 0.99841
vn 0.04008 0.04352 0.99825
vn 0.04294 0.05476 0.99758
vn -0.02714 0.06221 0.99769
vn -0.05476 0.0406 0.99767
vn -0.06263 0.04723 0.99692
vn -0.06701 0.07104 0.99522
vn -0.01723 0.07648 0.99692
vn 0.04539 0.05386 0.99752
vn 0.06172 0.03601 0.99744
vn 0.02235 0.05071 0.99846
vn 0.01942 0.04734 0.99869
vn 0.04658 0.03033 0.99845
vn 0.06871 0.02869 0.99722
vn 0.06663 0.04482 0.99677
vn 0.06011 0.06557 0.99604
vn 0.07482 0.07218 0.99458
vn 0.09355 0.06458 0.99352
vn 0.10073 0.05904 0.99316
vt 0.4 0.475
vt 0.4 0.48
vt 0.405 0.475
vt 0.405 0.48
vt 0.41 0.475
vt 0.41 0.48
vt 0.415 0.475
vt 0.415 0.48
vt 0.42 0.475
vt 0.42 0.48
vt 0.425 0.475
vt 0.425 0.48
vt 0.43 0.475
vt 0.43 0.48
vt 0.435 0.475
vt 0.435 0.48
vt 0.44 0.475
vt 0.44 0.48
vt 0.445 0.475
vt 0.445 0.48
vt 0.45 0.475
vt 0.45 0.48
vt 0.455 0.475
vt 0.455 0.48
vt 0.46 0.475
vt 0.46 0.48
vt 0.465 0.475
vt 0.465 0.48
vt 0.47 0.475
vt 0.47 0.48
vt 0.475 0.475
vt 0.475 0.48
vt 0.48 0.475
vt 0.48 0.48
vt 0.485 0.475
vt 0.485 0.48
vt 0.49 0.475
vt 0.49 0.48
vt 0.495 0.475
vt 0.495 0.48
vt 0.5 0.475
vt 0.5 0.48
vt 0.505 0.475
vt 0.505 0.48
vt 0.51 0.475
vt 0.51 0.48
vt 0.515 0.475
vt 0.515 0.48
vt 0.4 0.485
vt 0.405 0.485
vt 0.41 0.485
vt 0.415 0.485
vt 0.42 0.485
vt 0.425 0.485
vt 0.43 0.485
vt 0.435 0.485
vt 0.44 0.485
vt 0.445 0.485
vt 0.45 0.485
vt 0.455 0.485
vt 0.46 0.485
vt 0.465 0.485
vt 0.47 0.485
vt 0.475 0.485
vt 0.48 0.485
vt 0.485 0.485
vt 0.49 0.485
vt 0.495 0.485
vt 0.5 0.485
vt 0.505 0.485
vt 0.51 0.485
vt 0.515 0.485
vt 0.4 0.49
vt 0.405 0.49
vt 0.41 0.49
vt 0.415 0.49
vt 0.42 0.49
vt 0.425 0.49
vt 0.43 0.49
vt 0.435 0.49
vt 0.44 0.49
vt 0.445 0.49
vt 0.45 0.49
vt 0.455 0.49
vt 0.46 0.49
vt 0.465 0.49
vt 0.47 0.49
vt 0.475 0.49
vt 0.48 0.49
vt 0.485 0.49
vt 0.49 0.49
vt 0.495 0.49
vt 0.5 0.49
vt 0.505 0.49
vt 0.51 0.49
vt 0.515 0.49
vt 0.4 0.495
vt 0.405 0.495
vt 0.41 0.495
vt 0.415 0.495
vt 0.42 0.495
vt 0.425 0.495
vt 0.43 0.495
vt 0.435 0.495
vt 0.44 0.495
vt 0.445 0.495
vt 0.45 0.495
vt 0.455 0.495
vt 0.46 0.495
vt 0.465 0.495
vt 0.47 0.495
vt 0.475 0.495
vt 0.48 0.495
vt 0.485 0.495
vt 0.49 0.495
vt 0.495 0.495
vt 0.5 0.495
vt 0.505 0.495
vt 0.51 0.495
vt 0.515 0.495
vt 0.4 0.5
vt 0.405 0.5
vt 0.41 0.5
vt 0.415 0.5
vt 0.42 0.5
vt 0.425 0.5
vt 0.43 0.5
vt 0.435 0.5
vt 0.44 0.5
vt 0.445 0.5
vt 0.45 0.5
vt 0.455 0.5
vt 0.46 0.5
vt 0.465 0.5
vt 0.47 0.5
vt 0.475 0.5
vt 0.48 0.5
vt 0.485 0.5
vt 0.49 0.5
vt 0.495 0.5
vt 0.5 0.5
vt 0.505 0.5
vt 0.51 0.5
vt 0.515 0.5
vt 0.4 0.505
vt 0.405 0.505
vt 0.41 0.505
vt 0.415 0.505
vt 0.42 0.505
vt 0.425 0.505
vt 0.43 0.505
vt 0.435 0.505
vt 0.44 0.505
vt 0.445 0.505
vt 0.45 0.505
vt 0.455 0.505
vt 0.46 0.505
vt 0.465 0.505
vt 0.47 0.505
vt 0.475 0.505
vt 0.48 0.505
vt 0.485 0.505
vt 0.49 0.505
vt 0.495 0.505
vt 0.5 0.505
vt 0.505 0.505
vt 0.51 0.505
vt 0.515 0.505
vt 0.4 0.51
vt 0.405 0.51
vt 0.41 0.51
vt 0.415 0.51
vt 0.42 0.51
vt 0.425 0.51
vt 0.43 0.51
vt 0.435 0.51
vt 0.44 0.51
vt 0.445 0.51
vt 0.45 0.51
vt 0.455 0.51
vt 0.46 0.51
vt 0.465 0.51
vt 0.47 0.51
vt 0.475 0.51
vt 0.48 0.51
vt 0.485 0.51
vt 0.49 0.51
vt 0.495 0.51
vt 0.5 0.51
vt 0.505 0.51
vt 0.51 0.51
vt 0.515 0.51
vt 0.4 0.515
vt 0.405 0.515
vt 0.41 0.515
vt 0.415 0.515
vt 0.42 0.515
vt 0.425 0.515
vt 0.43 0.515
vt 0.435 0.515
vt 0.44 0.515
vt 0.445 0.515
vt 0.45 0.515
vt 0.455 0.515
vt 0.46 0.515
vt 0.465 0.515
vt 0.47 0.515
vt 0.475 0.515
vt 0.48 0.515
vt 0.485 0.515
vt 0.49 0.515
vt 0.495 0.515
vt 0.5 0.515
vt 0.505 0.515
vt 0.51 0.515
vt 0.515 0.515
vt 0.4 0.52
vt 0.405 0.52
vt 0.41 0.52
vt 0.415 0.52
vt 0.42 0.52
vt 0.425 0.52
vt 0.43 0.52
vt 0.435 0.52
vt 0.44 0.52
vt 0.445 0.52
vt 0.45 0.52
vt 0.455 0.52
vt 0.46 0.52
vt 0.465 0.52
vt 0.47 0.52
vt 0.475 0.52
vt 0.48 0.52
vt 0.485 0.52
vt 0.49 0.52
vt 0.495 0.52
vt 0.5 0.52
vt 0.505 0.52
vt 0.51 0.52
vt 0.515 0.52
vt 0.4 0.525
vt 0.405 0.525
vt 0.41 0.525
vt 0.415 0.525
vt 0.42 0.525
vt 0.425 0.525
vt 0.43 0.525
vt 0.435 0.525
vt 0.44 0.525
vt 0.445 0.525
vt 0.45 0.525
vt 0.455 0.525
vt 0.46 0.525
vt 0.465 0.525
vt 0.47 0.525
vt 0.475 0.525
vt 0.48 0.525
vt 0.485 0.525
vt 0.49 0.525
vt 0.495 0.525
vt 0.5 0.525
vt 0.505 0.525
vt 0.51 0.525
vt 0.515 0.525
vt 0.4 0.53
vt 0.405 0.53
vt 0.41 0.53
vt 0.415 0.53
vt 0.42 0.53
vt 0.425 0.53
vt 0.43 0.53
vt 0.435 0.53
vt 0.44 0.53
vt 0.445 0.53
vt 0.45 0.53
vt 0.455 0.53
vt 0.46 0.53
vt 0.465 0.53
vt 0.47 0.53
vt 0.475 0.53
vt 0.48 0.53
vt 0.485 0.53
vt 0.49 0.53
vt 0.495 0.53
vt 0.5 0.53
vt 0.505 0.53
vt 0.51 0.53
vt 0.515 0.53
vt 0.4 0.535
vt 0.405 0.535
vt 0.41 0.535
vt 0.415 0.535
vt 0.42 0.535
vt 0.425 0.535
vt 0.43 0.535
vt 0.435 0.535
vt 0.44 0.535
vt 0.445 0.535
vt 0.45 0.535
vt 0.455 0.535
vt 0.46 0.535
vt 0.465 0.535
vt 0.47 0.535
vt 0.475 0.535
vt 0.48 0.535
vt 0.485 0.535
vt 0.49 0.535
vt 0.495 0.535
vt 0.5 0.535
vt 0.505 0.535
vt 0.51 0.535
vt 0.515 0.535
vt 0.4 0.54
vt 0.405 0.54
vt 0.41 0.54
vt 0.415 0.54
vt 0.42 0.54
vt 0.425 0.54
vt 0.43 0.54
vt 0.435 0.54
vt 0.44 0.54
vt 0.445 0.54
vt 0.45 0.54
vt 0.455 0.54
vt 0.46 0.54
vt 0.465 0.54
vt 0.47 0.54
vt 0.475 0.54
vt 0.48 0.54
vt 0.485 0.54
vt 0.49 0.54
vt 0.495 0.54
vt 0.5 0.54
vt 0.505 0.54
vt 0.51 0.54
vt 0.515 0.54
vt 0.4 0.545
vt 0.405 0.545
vt 0.41 0.545
vt 0.415 0.545
vt 0.42 0.545
vt 0.425 0.545
vt 0.43 0.545
vt 0.435 0.545
vt 0.44 0.545
vt 0.445 0.545
vt 0.45 0.545
vt 0.455 0.545
vt 0.46 0.545
vt 0.465 0.545
vt 0.47 0.545
vt 0.475 0.545
vt 0.48 0.545
vt 0.485 0.545
vt 0.49 0.545
vt 0.495 0.545
vt 0.5 0.545
vt 0.505 0.545
vt 0.51 0.545
vt 0.515 0.545
vt 0.4 0.55
vt 0.405 0.55
vt 0.41 0.55
vt 0.415 0.55
vt 0.42 0.55
vt 0.425 0.55
vt 0.43 0.55
vt 0.435 0.55
vt 0.44 0.55
vt 0.445 0.55
vt 0.45 0.55
vt 0.455 0.55
vt 0.46 0.55
vt 0.465 0.55
vt 0.47 0.55
vt 0.475 0.55
vt 0.48 0.55
vt 0.485 0.55
vt 0.49 0.55
vt 0.495 0.55
vt 0.5 0.55
vt 0.505 0.55
vt 0.51 0.55
vt 0.515 0.55
vt 0.4 0.555
vt 0.405 0.555
vt 0.41 0.555
vt 0.415 0.555
vt 0.42 0.555
vt 0.425 0.555
vt 0.43 0.555
vt 0.435 0.555
vt 0.44 0.555
vt 0.445 0.555
vt 0.45 0.555
vt 0.455 0.555
vt 0.46 0.555
vt 0.465 0.555
vt 0.47 0.555
vt 0.475 0.555
vt 0.48 0.555
vt 0.485 0.555
vt 0.49 0.555
vt 0.495 0.555
vt 0.5 0.555
vt 0.505 0.555
vt 0.51 0.555
vt 0.515 0.555
vt 0.4 0.56
vt 0.405 0.56
vt 0.41 0.56
vt 0.415 0.56
vt 0.42 0.56
vt 0.425 0.56
vt 0.43 0.56
vt 0.435 0.56
vt 0.44 0.56
vt 0.445 0.56
vt 0.45 0.56
vt 0.455 0.56
vt 0.46 0.56
vt 0.465 0.56
vt 0.47 0.56
vt 0.475 0.56
vt 0.48 0.56
vt 0.485 0.56
vt 0.49 0.56
vt 0.495 0.56
vt 0.5 0.56
vt 0.505 0.56
vt 0.51 0.56
vt 0.515 0.56
vt 0.4 0.565
vt 0.405 0.565
vt 0.41 0.565
vt 0.415 0.565
vt 0.42 0.565
vt 0.425 0.565
vt 0.43 0.565
vt 0.435 0.565
vt 0.44 0.565
vt 0.445 0.565
vt 0.45 0.565
vt 0.455 0.565
vt 0.46 0.565
vt 0.465 0.565
vt 0.47 0.565
vt 0.475 0.565
vt 0.48 0.565
vt 0.485 0.565
vt 0.49 0.565
vt 0.495 0.565
vt 0.5 0.565
vt 0.505 0.565
vt 0.51 0.565
vt 0.515 0.565
vt 0.4 0.57
vt 0.405 0.57
vt 0.41 0.57
vt 0.415 0.57
vt 0.42 0.57
vt 0.425 0.57
vt 0.43 0.57
vt 0.435 0.57
vt 0.44 0.57
vt 0.445 0.57
vt 0.45 0.57
vt 0.455 0.57
vt 0.46 0.57
vt 0.465 0.57
vt 0.47 0.57
vt 0.475 0.57
vt 0.48 0.57
vt 0.485 0.57
vt 0.49 0.57
vt 0.495 0.57
vt 0.5 0.57
vt 0.505 0.57
vt 0.51 0.57
vt 0.515 0.57
vt 0.4 0.575
vt 0.405 0.575
vt 0.41 0.575
vt 0.415 0.575
vt 0.42 0.575
vt 0.425 0.575
vt 0.43 0.575
vt 0.435 0.575
vt 0.44 0.575
vt 0.445 0.575
vt 0.45 0.575
vt 0.455 0.575
vt 0.46 0.575
vt 0.465 0.575
vt 0.47 0.575
vt 0.475 0.575
vt 0.48 0.575
vt 0.485 0.575
vt 0.49 0.575
vt 0.495 0.575
vt 0.5 0.575
vt 0.505 0.575
vt 0.51 0.575
vt 0.515 0.575
vt 0.4 0.58
vt 0.405 0.58
vt 0.41 0.58
vt 0.415 0.58
vt 0.42 0.58
vt 0.425 0.58
vt 0.43 0.58
vt 0.435 0.58
vt 0.44 0.58
vt 0.445 0.58
vt 0.45 0.58
vt 0.455 0.58
vt 0.46 0.58
vt 0.465 0.58
vt 0.47 0.58
vt 0.475 0.58
vt 0.48 0.58
vt 0.485 0.58
vt 0.49 0.58
vt 0.495 0.58
vt 0.5 0.58
vt 0.505 0.58
vt 0.51 0.58
vt 0.515 0.58
vt 0.4 0.585
vt 0.405 0.585
vt 0.41 0.585
vt 0.415 0.585
vt 0.42 0.585
vt 0.425 0.585
vt 0.43 0.585
vt 0.435 0.585
vt 0.44 0.585
vt 0.445 0.585
vt 0.45 0.585
vt 0.455 0.585
vt 0.46 0.585
vt 0.465 0.585
vt 0.47 0.585
vt 0.475 0.585
vt 0.48 0.585
vt 0.485 0.585
vt 0.49 0.585
vt 0.495 0.585
vt 0.5 0.585
vt 0.505 0.585
vt 0.51 0.585
vt 0.515 0.585
vt 0.4 0.59
vt 0.405 0.59
vt 0.41 0.59
vt 0.415 0.59
vt 0.42 0.59
vt 0.425 0.59
vt 0.43 0.59
vt 0.435 0.59
vt 0.44 0.59
vt 0.445 0.59
vt 0.45 0.59
vt 0.455 0.59
vt 0.46 0.59
vt 0.465 0.59
vt 0.47 0.59
vt 0.475 0.59
vt 0.48 0.59
vt 0.485 0.59
vt 0.49 0.59
vt 0.495 0.59
vt 0.5 0.59
vt 0.505 0.59
vt 0.51 0.59
vt 0.515 0.59
vt 0.4 0.595
vt 0.405 0.595
vt 0.41 0.595
vt 0.415 0.595
vt 0.42 0.595
vt 0.425 0.595
vt 0.43 0.595
vt 0.435 0.595
vt 0.44 0.595
vt 0.445 0.595
vt 0.45 0.595
vt 0.455 0.595
vt 0.46 0.595
vt 0.465 0.595
vt 0.47 0.595
vt 0.475 0.595
vt 0.48 0.595
vt 0.485 0.595
vt 0.49 0.595
vt 0.495 0.595
vt 0.5 0.595
vt 0.505 0.595
vt 0.51 0.595
vt 0.515 0.595
vt 0.4 0.6
vt 0.405 0.6
vt 0.41 0.6
vt 0.415 0.6
vt 0.42 0.6
vt 0.425 0.6
vt 0.43 0.6
vt 0.435 0.6
vt 0.44 0.6
vt 0.445 0.6
vt 0.45 0.6
vt 0.455 0.6
vt 0.46 0.6
vt 0.465 0.6
vt 0.47 0.6
vt 0.475 0.6
vt 0.48 0.6
vt 0.485 0.6
vt 0.49 0.6
vt 0.495 0.6
vt 0.5 0.6
vt 0.505 0.6
vt 0.51 0.6
vt 0.515 0.6
vt 0.4 0.605
vt 0.405 0.605
vt 0.41 0.605
vt 0.415 0.605
vt 0.42 0.605
vt 0.425 0.605
vt 0.43 0.605
vt 0.435 0.605
vt 0.44 0.605
vt 0.445 0.605
vt 0.45 0.605
vt 0.455 0.605
vt 0.46 0.605
vt 0.465 0.605
vt 0.47 0.605
vt 0.475 0.605
vt 0.48 0.605
vt 0.485 0.605
vt 0.49 0.605
vt 0.495 0.605
vt 0.5 0.605
vt 0.505 0.605
vt 0.51 0.605
vt 0.515 0.605
vt 0.4 0.61
vt 0.405 0.61
vt 0.41 0.61
vt 0.415 0.61
vt 0.42 0.61
vt 0.425 0.61
vt 0.43 0.61
vt 0.435 0.61
vt 0.44 0.61
vt 0.445 0.61
vt 0.45 0.61
vt 0.455 0.61
vt 0.46 0.61
vt 0.465 0.61
vt 0.47 0.61
vt 0.475 0.61
vt 0.48 0.61
vt 0.485 0.61
vt 0.49 0.61
vt 0.495 0.61
vt 0.5 0.61
vt 0.505 0.61
vt 0.51 0.61
vt 0.515 0.61
vt 0.4 0.615
vt 0.405 0.615
vt 0.41 0.615
vt 0.415 0.615
vt 0.42 0.615
vt 0.425 0.615
vt 0.43 0.615
vt 0.435 0.615
vt 0.44 0.615
vt 0.445 0.615
vt 0.45 0.615
vt 0.455 0.615
vt 0.46 0.615
vt 0.465 0.615
vt 0.47 0.615
vt 0.475 0.615
vt 0.48 0.615
vt 0.485 0.615
vt 0.49 0.615
vt 0.495 0.615
vt 0.5 0.615
vt 0.505 0.615
vt 0.51 0.615
vt 0.515 0.615
vt 0.4 0.62
vt 0.405 0.62
vt 0.41 0.62
vt 0.415 0.62
vt 0.42 0.62
vt 0.425 0.62
vt 0.43 0.62
vt 0.435 0.62
vt 0.44 0.62
vt 0.445 0.62
vt 0.45 0.62
vt 0.455 0.62
vt 0.46 0.62
vt 0.465 0.62
vt 0.47 0.62
vt 0.475 0.62
vt 0.48 0.62
vt 0.485 0.62
vt 0.49 0.62
vt 0.495 0.62
vt 0.5 0.62
vt 0.505 0.62
vt 0.51 0.62
vt 0.515 0.62
vt 0.4 0.625
vt 0.405 0.625
vt 0.41 0.625
vt 0.415 0.625
vt 0.42 0.625
vt 0.425 0.625
vt 0.43 0.625
vt 0.435 0.625
vt 0.44 0.625
vt 0.445 0.625
vt 0.45 0.625
vt 0.455 0.625
vt 0.46 0.625
vt 0.465 0.625
vt 0.47 0.625
vt 0.475 0.625
vt 0.48 0.625
vt 0.485 0.625
vt 0.49 0.625
vt 0.495 0.625
vt 0.5 0.625
vt 0.505 0.625
vt 0.51 0.625
vt 0.515 0.625
vt 0.4 0.63
vt 0.405 0.63
vt 0.41 0.63
vt 0.415 0.63
vt 0.42 0.63
vt 0.425 0.63
vt 0.43 0.63
vt 0.435 0.63
vt 0.44 0.63
vt 0.445 0.63
vt 0.45 0.63
vt 0.455 0.63
vt 0.46 0.63
vt 0.465 0.63
vt 0.47 0.63
vt 0.475 0.63
vt 0.48 0.63
vt 0.485 0.63
vt 0.49 0.63
vt 0.495 0.63
vt 0.5 0.63
vt 0.505 0.63
vt 0.51 0.63
vt 0.515 0.63
vt 0.4 0.635
vt 0.405 0.635
vt 0.41 0.635
vt 0.415 0.635
vt 0.42 0.635
vt 0.425 0.635
vt 0.43 0.635
vt 0.435 0.635
vt 0.44 0.635
vt 0.445 0.635
vt 0.45 0.635
vt 0.455 0.635
vt 0.46 0.635
vt 0.465 0.635
vt 0.47 0.635
vt 0.475 0.635
vt 0.48 0.635
vt 0.485 0.635
vt 0.49 0.635
vt 0.495 0.635
vt 0.5 0.635
vt 0.505 0.635
vt 0.51 0.635
vt 0.515 0.635
vt 0.4 0.64
vt 0.405 0.64
vt 0.41 0.64
vt 0.415 0.64
vt 0.42 0.64
vt 0.425 0.64
vt 0.43 0.64
vt 0.435 0.64
vt 0.44 0.64
vt 0.445 0.64
vt 0.45 0.64
vt 0.455 0.64
vt 0.46 0.64
vt 0.465 0.64
vt 0.47 0.64
vt 0.475 0.64
vt 0.48 0.64
vt 0.485 0.64
vt 0.49 0.64
vt 0.495 0.64
vt 0.5 0.64
vt 0.505 0.64
vt 0.51 0.64
vt 0.515 0.64
vt 0.4 0.645
vt 0.405 0.645
vt 0.41 0.645
vt 0.415 0.645
vt 0.42 0.645
vt 0.425 0.645
vt 0.43 0.645
vt 0.435 0.645
vt 0.44 0.645
vt 0.445 0.645
vt 0.45 0.645
vt 0.455 0.645
vt 0.46 0.645
vt 0.465 0.645
vt 0.47 0.645
vt 0.475 0.645
vt 0.48 0.645
vt 0.485 0.645
vt 0.49 0.645
vt 0.495 0.645
vt 0.5 0.645
vt 0.505 0.645
vt 0.51 0.645
vt 0.515 0.645
vt 0.4 0.65
vt 0.405 0.65
vt 0.41 0.65
vt 0.415 0.65
vt 0.42 0.65
vt 0.425 0.65
vt 0.43 0.65
vt 0.435 0.65
vt 0.44 0.65
vt 0.445 0.65
vt 0.45 0.65
vt 0.455 0.65
vt 0.46 0.65
vt 0.465 0.65
vt 0.47 0.65
vt 0.475 0.65
vt 0.48 0.65
vt 0.485 0.65
vt 0.49 0.65
vt 0.495 0.65
vt 0.5 0.65
vt 0.505 0.65
vt 0.51 0.65
vt 0.515 0.65
vt 0.4 0.655
vt 0.405 0.655
vt 0.41 0.655
vt 0.415 0.655
vt 0.42 0.655
vt 0.425 0.655
vt 0.43 0.655
vt 0.435 0.655
vt 0.44 0.655
vt 0.445 0.655
vt 0.45 0.655
vt 0.455 0.655
vt 0.46 0.655
vt 0.465 0.655
vt 0.47 0.655
vt 0.475 0.655
vt 0.48 0.655
vt 0.485 0.655
vt 0.49 0.655
vt 0.495 0.655
vt 0.5 0.655
vt 0.505 0.655
vt 0.51 0.655
vt 0.515 0.655
vt 0.4 0.66
vt 0.405 0.66
vt 0.41 0.66
vt 0.415 0.66
vt 0.42 0.66
vt 0.425 0.66
vt 0.43 0.66
vt 0.435 0.66
vt 0.44 0.66
vt 0.445 0.66
vt 0.45 0.66
vt 0.455 0.66
vt 0.46 0.66
vt 0.465 0.66
vt 0.47 0.66
vt 0.475 0.66
vt 0.48 0.66
vt 0.485 0.66
vt 0.49 0.66
vt 0.495 0.66
vt 0.5 0.66
vt 0.505 0.66
vt 0.51 0.66
vt 0.515 0.66
vt 0.4 0.665
vt 0.405 0.665
vt 0.41 0.665
vt 0.415 0.665
vt 0.42 0.665
vt 0.425 0.665
vt 0.43 0.665
vt 0.435 0.665
vt 0.44 0.665
vt 0.445 0.665
vt 0.45 0.665
vt 0.455 0.665
vt 0.46 0.665
vt 0.465 0.665
vt 0.47 0.665
vt 0.475 0.665
vt 0.48 0.665
vt 0.485 0.665
vt 0.49 0.665
vt 0.495 0.665
vt 0.5 0.665
vt 0.505 0.665
vt 0.51 0.665
vt 0.515 0.665
vt 0.4 0.67
vt 0.405 0.67
vt 0.41 0.67
vt 0.415 0.67
vt 0.42 0.67
vt 0.425 0.67
vt 0.43 0.67
vt 0.435 0.67
vt 0.44 0.67
vt 0.445 0.67
vt 0.45 0.67
vt 0.455 0.67
vt 0.46 0.67
vt 0.465 0.67
vt 0.47 0.67
vt 0.475 0.67
vt 0.48 0.67
vt 0.485 0.67
vt 0.49 0.67
vt 0.495 0.67
vt 0.5 0.67
vt 0.505 0.67
vt 0.51 0.67
vt 0.515 0.67
vt 0.4 0.675
vt 0.405 0.675
vt 0.41 0.675
vt 0.415 0.675
vt 0.42 0.675
vt 0.425 0.675
vt 0.43 0.675
vt 0.435 0.675
vt 0.44 0.675
vt 0.445 0.675
vt 0.45 0.675
vt 0.455 0.675
vt 0.46 0.675
vt 0.465 0.675
vt 0.47 0.675
vt 0.475 0.675
vt 0.48 0.675
vt 0.485 0.675
vt 0.49 0.675
vt 0.495 0.675
vt 0.5 0.675
vt 0.505 0.675
vt 0.51 0.675
vt 0.515 0.675
vt 0.4 0.68
vt 0.405 0.68
vt 0.41 0.68
vt 0.415 0.68
vt 0.42 0.68
vt 0.425 0.68
vt 0.43 0.68
vt 0.435 0.68
vt 0.44 0.68
vt 0.445 0.68
vt 0.45 0.68
vt 0.455 0.68
vt 0.46 0.68
vt 0.465 0.68
vt 0.47 0.68
vt 0.475 0.68
vt 0.48 0.68
vt 0.485 0.68
vt 0.49 0.68
vt 0.495 0.68
vt 0.5 0.68
vt 0.505 0.68
vt 0.51 0.68
vt 0.515 0.68
vt 0.4 0.685
vt 0.405 0.685
vt 0.41 0.685
vt 0.415 0.685
vt 0.42 0.685
vt 0.425 0.685
vt 0.43 0.685
vt 0.435 0.685
vt 0.44 0.685
vt 0.445 0.685
vt 0.45 0.685
vt 0.455 0.685
vt 0.46 0.685
vt 0.465 0.685
vt 0.47 0.685
vt 0.475 0.685
vt 0.48 0.685
vt 0.485 0.685
vt 0.49 0.685
vt 0.495 0.685
vt 0.5 0.685
vt 0.505 0.685
vt 0.51 0.685
vt 0.515 0.685
vt 0.4 0.69
vt 0.405 0.69
vt 0.41 0.69
vt 0.415 0.69
vt 0.42 0.69
vt 0.425 0.69
vt 0.43 0.69
vt 0.435 0.69
vt 0.44 0.69
vt 0.445 0.69
vt 0.45 0.69
vt 0.455 0.69
vt 0.46 0.69
vt 0.465 0.69
vt 0.47 0.69
vt 0.475 0.69
vt 0.48 0.69
vt 0.485 0.69
vt 0.49 0.69
vt 0.495 0.69
vt 0.5 0.69
vt 0.505 0.69
vt 0.51 0.69
vt 0.515 0.69
vt 0.4 0.695
vt 0.405 0.695
vt 0.41 0.695
vt 0.415 0.695
vt 0.42 0.695
vt 0.425 0.695
vt 0.43 0.695
vt 0.435 0.695
vt 0.44 0.695
vt 0.445 0.695
vt 0.45 0.695
vt 0.455 0.695
vt 0.46 0.695
vt 0.465 0.695
vt 0.47 0.695
vt 0.475 0.695
vt 0.48 0.695
vt 0.485 0.695
vt 0.49 0.695
vt 0.495 0.695
vt 0.5 0.695
vt 0.505 0.695
vt 0.51 0.695
vt 0.515 0.695
vt 0.4 0.7
vt 0.405 0.7
vt 0.41 0.7
vt 0.415 0.7
vt 0.42 0.7
vt 0.425 0.7
vt 0.43 0.7
vt 0.435 0.7
vt 0.44 0.7
vt 0.445 0.7
vt 0.45 0.7
vt 0.455 0.7
vt 0.46 0.7
vt 0.465 0.7
vt 0.47 0.7
vt 0.475 0.7
vt 0.48 0.7
vt 0.485 0.7
vt 0.49 0.7
vt 0.495 0.7
vt 0.5 0.7
vt 0.505 0.7
vt 0.51 0.7
vt 0.515 0.7
vt 0.4 0.705
vt 0.405 0.705
vt 0.41 0.705
vt 0.415 0.705
vt 0.42 0.705
vt 0.425 0.705
vt 0.43 0.705
vt 0.435 0.705
vt 0.44 0.705
vt 0.445 0.705
vt 0.45 0.705
vt 0.455 0.705
vt 0.46 0.705
vt 0.465 0.705
vt 0.47 0.705
vt 0.475 0.705
vt 0.48 0.705
vt 0.485 0.705
vt 0.49 0.705
vt 0.495 0.705
vt 0.5 0.705
vt 0.505 0.705
vt 0.51 0.705
vt 0.515 0.705
vt 0.4 0.71
vt 0.405 0.71
vt 0.41 0.71
vt 0.415 0.71
vt 0.42 0.71
vt 0.425 0.71
vt 0.43 0.71
vt 0.435 0.71
vt 0.44 0.71
vt 0.445 0.71
vt 0.45 0.71
vt 0.455 0.71
vt 0.46 0.71
vt 0.465 0.71
vt 0.47 0.71
vt 0.475 0.71
vt 0.48 0.71
vt 0.485 0.71
vt 0.49 0.71
vt 0.495 0.71
vt 0.5 0.71
vt 0.505 0.71
vt 0.51 0.71
vt 0.515 0.71
vt 0.4 0.715
vt 0.405 0.715
vt 0.41 0.715
vt 0.415 0.715
vt 0.42 0.715
vt 0.425 0.715
vt 0.43 0.715
vt 0.435 0.715
vt 0.44 0.715
vt 0.445 0.715
vt 0.45 0.715
vt 0.455 0.715
vt 0.46 0.715
vt 0.465 0.715
vt 0.47 0.715
vt 0.475 0.715
vt 0.48 0.715
vt 0.485 0.715
vt 0.49 0.715
vt 0.495 0.715
vt 0.5 0.715
vt 0.505 0.715
vt 0.51 0.715
vt 0.515 0.715
usemtl mat0
f 1/1/1 2/2/2 3/3/3
f 2/2/2 4/4/4 3/3/3
f 3/3/3 4/4/4 5/5/5
f 4/4/4 6/6/6 5/5/5
f 5/5/5 6/6/6 7/7/7
f 6/6/6 8/8/8 7/7/7
f 7/7/7 8/8/8 9/9/9
f 8/8/8 10/10/10 9/9/9
f 9/9/9 10/10/10 11/11/11
f 10/10/10 12/12/12 11/11/11
f 11/11/11 12/12/12 13/13/13
f 12/12/12 14/14/14 13/13/13
f 13/13/13 14/14/14 15/15/15
f 14/14/14 16/16/16 15/15/15
f 15/15/15 16/16/16 17/17/17
f 16/16/16 18/18/18 17/17/17
f 17/17/17 18/18/18 19/19/19
f 18/18/18 20/20/20 19/19/19
f 19/19/19 20/20/20 21/21/21
f 20/20/20 22/22/22 21/21/21
f 21/21/21 22/22/22 23/23/23
f 22/22/22 24/24/24 23/23/23
f 23/23/23 24/24/24 25/25/25
f 24/24/24 26/26/26 25/25/25
f 25/25/25 26/26/26 27/27/27
f 26/26/26 28/28/28 27/27/27
f 27/27/27 28/28/28 29/29/29
f 28/28/28 30/30/30 29/29/29
f 29/29/29 30/30/30 31/31/31
f 30/30/30 32/32/32 31/31/31
f 31/31/31 32/32/32 33/33/33
f 32/32/32 34/34/34 33/33/33
f 33/33/33 34/34/34 35/35/35
f 34/34/34 36/36/36 35/35/35
f 35/35/35 36/36/36 37/37/37
f 36/36/36 38/38/38 37/37/37
f 37/37/37 38/38/38 39/39/39
f 38/38/38 40/40/40 39/39/39
f 39/39/39 40/40/40 41/41/41
f 40/40/40 42/42/42 41/41/41
f 41/41/41 42/42/42 43/43/43
f 42/42/42 44/44/44 43/43/43
f 43/43/43 44/44/44 45/45/45
f 44/44/44 46/46/46 45/45/45
f 45/45/45 46/46/46 47/47/47
f 46/46/46 48/48/48 47/47/47
f 2/2/2 49/49/49 4/4/4
f 49/49/49 50/50/50 4/4/4
f 4/4/4 50/50/50 6/6/6
f 50/50/50 51/51/51 6/6/6
f 6/6/6 51/51/51 8/8/8
f 51/51/51 52/52/52 8/8/8
f 8/8/8 52/52/52 10/10/10
f 52/52/52 53/53/53 10/10/10
f 10/10/10 53/53/53 12/12/12
f 53/53/53 54/54/54 12/12/12
f 12/12/12 54/54/54 14/14/14
f 54/54/54 55/55/55 14/14/14
f 14/14/14 55/55/55 16/16/16
f 55/55/55 56/56/56 16/16/16
f 16/16/16 56/56/56 18/18/18
f 56/56/56 57/57/57 18/18/18
f 18/18/18 57/57/57 20/20/20
f 57/57/57 58/58/58 20/20/20
f 20/20/20 58/58/58 22/22/22
f 58/58/58 59/59/59 22/22/22
f 22/22/22 59/59/59 24/24/24
f 59/59/59 60/60/60 24/24/24
f 24/24/24 60/60/60 26/26/26
f 60/60/60 61/61/61 26/26/26
f 26/26/26 61/61/61 28/28/28
f 61/61/61 62/62/62 28/28/28
f 28/28/28 62/62/62 30/30/30
f 62/62/62 63/63/63 30/30/30
f 30/30/30 63/63/63 32/32/32
f 63/63/63 64/64/64 32/32/32
f 32/32/32 64/64/64 34/34/34
f 64/64/64 65/65/65 34/34/34
f 34/34/34 65/65/65 36/36/36
f 65/65/65 66/66/66 36/36/36
f 36/36/36 66/66/66 38/38/38
f 66/66/66 67/67/67 38/38/38
f 38/38/38 67/67/67 40/40/40
f 67/67/67 68/68/68 40/40/40
f 40/40/40 68/68/68 42/42/42
f 68/68/68 69/69/69 42/42/42
f 42/42/42 69/69/69 44/44/44
f 69/69/69 70/70/70 44/44/44
f 44/44/44 70/70/70 46/46/46
f 70/70/70 71/71/71 46/46/46
f 46/46/46 71/71/71 48/48/48
f 71/71/71 72/72/72 48/48/48
f 49/49/49 73/73/73 50/50/50
f 73/73/73 74/74/74 50/50/50
f 50/50/50 74/74/74 51/51/51
f 74/74/74 75/75/75 51/51/51
f 51/51/51 75/75/75 52/52/52
f 75/75/75 76/76/76 52/52/52
f 52/52/52 76/76/76 53/53/53
f 76/76/76 77/77/77 53/53/53
f 53/53/53 77/77/77 54/54/54
f 77/77/77 78/78/78 54/54/54
f 54/54/54 78/78/78 55/55/55
f 78/78/78 79/79/79 55/55/55
f 55/55/55 79/79/79 56/56/56
f 79/79/79 80/80/80 56/56/56
f 56/56/56 80/80/80 57/57/57
f 80/80/80 81/81/81 57/57/57
f 57/57/57 81/81/81 58/58/58
f 81/81/81 82/82/82 58/58/58
f 58/58/58 82/82/82 59/59/59
f 82/82/82 83/83/83 59/59/59
f 59/59/59 83/83/83 60/60/60
f 83/83/83 84/84/84 60/60/60
f 60/60/60 84/84/84 61/61/61
f 84/84/84 85/85/85 61/61/61
f 61/61/61 85/85/85 62/62/62
f 85/85/85 86/86/86 62/62/62
f 62/62/62 86/86/86 63/63/63
f 86/86/86 87/87/87 63/63/63
f 63/63/63 87/87/87 64/64/64
f 87/87/87 88/88/88 64/64/64
f 64/64/64 88/88/88 65/65/65
f 88/88/88 89/89/89 65/65/65
f 65/65/65 89/89/89 66/66/66
f 89/89/89 90/90/90 66/66/66
f 66/66/66 90/90/90 67/67/67
f 90/90/90 91/91/91 67/67/67
f 67/67/67 91/91/91 68/68/68
f 91/91/91 92/92/92 68/68/68
f 68/68/68 92/92/92 69/69/69
f 92/92/92 93/93/93 69/69/69
f 69/69/69 93/93/93 70/70/70
f 93/93/93 94/94/94 70/70/70
f 70/70/70 94/94/94 71/71/71
f 94/94/94 95/95/95 71/71/71
f 71/71/71 95/95/95 72/72/72
f 95/95/95 96/96/96 72/72/72
f 73/73/73 97/97/97 74/74/74
f 97/97/97 98/98/98 74/74/74
f 74/74/74 98/98/98 75/75/75
f 98/98/98 99/99/99 75/75/75
f 75/75/75 99/99/99 76/76/76
f 99/99/99 100/100/100 76/76/76
f 76/76/76 100/100/100 77/77/77
f 100/100/100 101/101/101 77/77/77
f 77/77/77 101/101/101 78/78/78
f 101/101/101 102/102/102 78/78/78
f 78/78/78 102/102/102 79/79/79
f 102/102/102 103/103/103 79/79/79
f 79/79/79 103/103/103 80/80/80
f 103/103/103 104/104/104 80/80/80
f 80/80/80 104/104/104 81/81/81
f 104/104/104 105/105/105 81/81/81
f 81/81/81 105/105/105 82/82/82
f 105/105/105 106/106/106 82/82/82
f 82/82/82 106/106/106 83/83/83
f 106/106/106 107/107/107 83/83/83
f 83/83/83 107/107/107 84/84/84
f 107/107/107 108/108/108 84/84/84
f 84/84/84 108/108/108 85/85/85
f 108/108/108 109/109/109 85/85/85
f 85/85/85 109/109/109 86/86/86
f 109/109/109 110/110/110 86/86/86
f 86/86/86 110/110/110 87/87/87
f 110/110/110 111/111/111 87/87/87
f 87/87/87 111/111/111 88/88/88
f 111/111/111 112/112/112 88/88/88
f 88/88/88 112/112/112 89/89/89
f 112/112/112 113/113/113 89/89/89
f 89/89/89 113/113/113 90/90/90
f 113/113/113 114/114/114 90/90/90
f 90/90/90 114/114/114 91/91/91
f 114/114/114 115/115/115 91/91/91
f 91/91/91 115/115/115 92/92/92
f 115/115/115 116/116/116 92/92/92
f 92/92/92 116/116/116 93/93/93
f 116/116/116 117/117/117 93/93/93
f 93/93/93 117/117/117 94/94/94
f 117/117/117 118/118/118 94/94/94
f 94/94/94 118/118/118 95/95/95
f 118/118/118 119/119/119 95/95/95
f 95/95/95 119/119/119 96/96/96
f 119/119/119 120/120/120 96/96/96
f 97/97/97 121/121/121 98/98/98
f 121/121/121 122/122/122 98/98/98
f 98/98/98 122/122/122 99/99/99
f 122/122/122 123/123/123 99/99/99
f 99/99/99 123/123/123 100/100/100
f 123/123/123 124/124/124 100/100/100
f 100/100/100 124/124/124 101/101/101
f 124/124/124 125/125/125 101/101/101
f 101/101/101 125/125/125 102/102/102
f 125/125/125 126/126/126 102/102/102
f 102/102/102 126/126/126 103/103/103
f 126/126/126 127/127/127 103/103/103
f 103/103/103 127/127/127 104/104/104
f 127/127/127 128/128/128 104/104/104
f 104/104/104 128/128/128 105/105/105
f 128/128/128 129/129/129 105/105/105
f 105/105/105 129/129/129 106/106/106
f 129/129/129 130/130/130 106/106/106
f 106/106/106 130/130/130 107/107/107
f 130/130/130 131/131/131 107/107/107
f 107/107/107 131/131/131 108/108/108
f 131/131/131 132/132/132 108/108/108
f 108/108/108 132/132/132 109/109/109
f 132/132/132 133/133/133 109/109/109
f 109/109/109 133/133/133 110/110/110
f 133/133/133 134/134/134 110/110/110
f 110/110/110 134/134/134 111/111/111
f 134/134/134 135/135/135 111/111/111
f 111/111/111 135/135/135 112/112/112
f 135/135/135 136/136/136 112/112/112
f 112/112/112 136/136/136 113/113/113
f 136/136/136 137/137/137 113/113/113
f 113/113/113 137/137/137 114/114/114
f 137/137/137 138/138/138 114/114/114
f 114/114/114 138/138/138 115/115/115
f 138/138/138 139/139/139 115/115/115
f 115/115/115 139/139/139 116/116/116
f 139/139/139 140/140/140 116/116/116
f 116/116/116 140/140/140 117/117/117
f 140/140/140 141/141/141 117/117/117
f 117/117/117 141/141/141 118/118/118
f 141/141/141 142/142/142 118/118/118
f 118/118/118 142/142/142 119/119/119
f 142/142/142 143/143/143 119/119/119
f 119/119/119 143/143/143 120/120/120
f 143/143/143 144/144/144 120/120/120
f 121/121/121 145/145/145 122/122/122
f 145/145/145 146/146/146 122/122/122
f 122/122/122 146/146/146 123/123/123
f 146/146/146 147/147/147 123/123/123
f 123/123/123 147/147/147 124/124/124
f 147/147/147 148/148/148 124/124/124
f 124/124/124 148/148/148 125/125/125
f 148/148/148 149/149/149 125/125/125
f 125/125/125 149/149/149 126/126/126
f 149/149/149 150/150/150 126/126/126
f 126/126/126 150/150/150 127/127/127
f 150/150/150 151/151/151 127/127/127
f 127/127/127 151/151/151 128/128/128
f 151/151/151 152/152/152 128/128/128
f 128/128/128 152/152/152 129/129/129
f 152/152/152 153/153/153 129/129/129
f 129/129/129 153/153/153 130/130/130
f 153/153/153 154/154/154 130/130/130
f 130/130/130 154/154/154 131/131/131
f 154/154/154 155/155/155 131/131/131
f 131/131/131 155/155/155 132/132/132
f 155/155/155 156/156/156 132/132/132
f 132/132/132 156/156/156 133/133/133
f 156/156/156 157/157/157 133/133/133
f 133/133/133 157/157/157 134/134/134
f 157/157/157 158/158/158 134/134/134
f 134/134/134 158/158/158 135/135/135
f 158/158/158 159/159/159 135/135/135
f 135/135/135 159/159/159 136/136/136
f 159/159/159 160/160/160 136/136/136
f 136/136/136 160/160/160 137/137/137
f 160/160/160 161/161/161 137/137/137
f 137/137/137 161/161/161 138/138/138
f 161/161/161 162/162/162 138/138/138
f 138/138/138 162/162/162 139/139/139
f 162/162/162 163/163/163 139/139/139
f 139/139/139 163/163/163 140/140/140
f 163/163/163 164/164/164 140/140/140
f 140/140/140 164/164/164 141/141/141
f 164/164/164 165/165/165 141/141/141
f 141/141/141 165/165/165 142/142/142
f 165/165/165 166/166/166 142/142/142
f 142/142/142 166/166/166 143/143/143
f 166/166/166 167/167/167 143/143/143
f 143/143/143 167/167/167 144/144/144
f 167/167/167 168/168/168 144/144/144
f 145/145/145 169/169/169 146/146/146
f 169/169/169 170/170/170 146/146/146
f 146/146/146 170/170/170 147/147/147
f 170/170/170 171/171/171 147/147/147
f 147/147/147 171/171/171 148/148/148
f 171/171/171 172/172/172 148/148/148
f 148/148/148 172/172/172 149/149/149
f 172/172/172 173/173/173 149/149/149
f 149/149/149 173/173/173 150/150/150
f 173/173/173 174/174/174 150/150/150
f 150/150/150 174/174/174 151/151/151
f 174/174/174 175/175/175 151/151/151
f 151/151/151 175/175/175 152/152/152
f 175/175/175 176/176/176 152/152/152
f 152/152/152 176/176/176 153/153/153
f 176/176/176 177/177/177 153/153/153
f 153/153/153 177/177/177 154/154/154
f 177/177/177 178/178/178 154/154/154
f 154/154/154 178/178/178 155/155/155
f 178/178/178 179/179/179 155/155/155
f 155/155/155 179/179/179 156/156/156
f 179/179/179 180/180/180 156/156/156
f 156/156/156 180/180/180 157/157/157
f 180/180/180 181/181/181 157/157/157
f 157/157/157 181/181/181 158/158/158
f 181/181/181 182/182/182 158/158/158
f 158/158/158 182/182/182 159/159/159
f 182/182/182 183/183/183 159/159/159
f 159/159/159 183/183/183 160/160/160
f 183/183/183 184/184/184 160/160/160
f 160/160/160 184/184/184 161/161/161
f 184/184/184 185/185/185 161/161/161
f 161/161/161 185/185/185 162/162/162
f 185/185/185 186/186/186 162/162/162
f 162/162/162 186/186/186 163/163/163
f 186/186/186 187/187/187 163/163/163
f 163/163/163 187/187/187 164/164/164
f 187/187/187 188/188/188 164/164/164
f 164/164/164 188/188/188 165/165/165
f 188/188/188 189/189/189 165/165/165
f 165/165/165 189/189/189 166/166/166
f 189/189/189 190/190/190 166/166/166
f 166/166/166 190/190/190 167/167/167
f 190/190/190 191/191/191 167/167/167
f 167/167/167 191/191/191 168/168/168
f 191/191/191 192/192/192 168/168/168
f 169/169/169 193/193/193 170/170/170
f 193/193/193 194/194/194 170/170/170
f 170/170/170 194/194/194 171/171/171
f 194/194/194 195/195/195 171/171/171
f 171/171/171 195/195/195 172/172/172
f 195/195/195 196/196/196 172/172/172
f 172/172/172 196/196/196 173/173/173
f 196/196/196 197/197/197 173/173/173
f 173/173/173 197/197/197 174/174/174
f 197/197/197 198/198/198 174/174/174
f 174/174/174 198/198/198 175/175/175
f 198/198/198 199/199/199 175/175/175
f 175/175/175 199/199/199 176/176/176
f 199/199/199 200/200/200 176/176/176
f 176/176/176 200/200/200 177/177/177
f 200/200/200 201/201/201 177/177/177
f 177/177/177 201/201/201 178/178/178
f 201/201/201 202/202/202 178/178/178
f 178/178/178 202/202/202 179/179/179
f 202/202/202 203/203/203 179/179/179
f 179/179/179 203/203/203 180/180/180
f 203/203/203 204/204/204 180/180/180
f 180/180/180 204/204/204 181/181/181
f 204/204/204 205/205/205 181/181/181
f 181/181/181 205/205/205 182/182/182
f 205/205/205 206/206/206 182/182/182
f 182/182/182 206/206/206 183/183/183
f 206/206/206 207/207/207 183/183/183
f 183/183/183 207/207/207 184/184/184
f 207/207/207 208/208/208 184/184/184
f 184/184/184 208/208/208 185/185/185
f 208/208/208 209/209/209 185/185/185
f 185/185/185 209/209/209 186/186/186
f 209/209/209 210/210/210 186/186/186
f 186/186/186 210/210/210 187/187/187
f 210/210/210 211/211/211 187/187/187
f 187/187/187 211/211/211 188/188/188
f 211/211/211 212/212/212 188/188/188
f 188/188/188 212/212/212 189/189/189
f 212/212/212 213/213/213 189/189/189
f 189/189/189 213/213/213 190/190/190
f 213/213/213 214/214/214 190/190/190
f 190/190/190 214/214/214 191/191/191
f 214/214/214 215/215/215 191/191/191
f 191/191/191 215/215/215 192/192/192
f 215/215/215 216/216/216 192/192/192
f 193/193/193 217/217/217 194/194/194
f 217/217/217 218/218/218 194/194/194
f 194/194/194 218/218/218 195/195/195
f 218/218/218 219/219/219 195/195/195
f 195/195/195 219/219/219 196/196/196
f 219/219/219 220/220/220 196/196/196
f 196/196/196 220/220/220 197/197/197
f 220/220/220 221/221/221 197/197/197
f 197/197/197 221/221/221 198/198/198
f 221/221/221 222/222/222 198/198/198
f 198/198/198 222/222/222 199/199/199
f 222/222/222 223/223/223 199/199/199
f 199/199/199 223/223/223 200/200/200
f 223/223/223 224/224/224 200/200/200
f 200/200/200 224/224/224 201/201/201
f 224/224/224 225/225/225 201/201/201
f 201/201/201 225/225/225 202/202/202
f 225/225/225 226/226/226 202/202/202
f 202/202/202 226/226/226 203/203/203
f 226/226/226 227/227/227 203/203/203
f 203/203/203 227/227/227 204/204/204
f 227/227/227 228/228/228 204/204/204
f 204/204/204 228/228/228 205/205/205
f 228/228/228 229/229/229 205/205/205
f 205/205/205 229/229/229 206/206/206
f 229/229/229 230/230/230 206/206/206
f 206/206/206 230/230/230 207/207/207
f 230/230/230 231/231/231 207/207/207
f 207/207/207 231/231/231 208/208/208
f 231/231/231 232/232/232 208/208/208
f 208/208/208 232/232/232 209/209/209
f 232/232/232 233/233/233 209/209/209
f 209/209/209 233/233/233 210/210/210
f 233/233/233 234/234/234 210/210/210
f 210/210/210 234/234/234 211/211/211
f 234/234/234 235/235/235 211/211/211
f 211/211/211 235/235/235 212/212/212
f 235/235/235 236/236/236 212/212/212
f 212/212/212 236/236/236 213/213/213
f 236/236/236 237/237/237 213/213/213
f 213/213/213 237/237/237 214/214/214
f 237/237/237 238/238/238 214/214/214
f 214/214/214 238/238/238 215/215/215
f 238/238/238 239/239/239 215/215/215
f 215/215/215 239/239/239 216/216/216
f 239/239/239 240/240/240 216/216/216
f 217/217/217 241/241/241 218/218/218
f 241/241/241 242/242/242 218/218/218
f 218/218/218 242/242/242 219/219/219
f 242/242/242 243/243/243 219/219/219
f 219/219/219 243/243/243 220/220/220
f 243/243/243 244/244/244 220/220/220
f 220/220/220 244/244/244 221/221/221
f 244/244/244 245/245/245 221/221/221
f 221/221/221 245/245/245 222/222/222
f 245/245/245 246/246/246 222/222/222
f 222/222/222 246/246/246 223/223/223
f 246/246/246 247/247/247 223/223/223
f 223/223/223 247/247/247 224/224/224
f 247/247/247 248/248/248 224/224/224
f 224/224/224 248/248/248 225/225/225
f 248/248/248 249/249/249 225/225/225
f 225/225/225 249/249/249 226/226/226
f 249/249/249 250/250/250 226/226/226
f 226/226/226 250/250/250 227/227/227
f 250/250/250 251/251/251 227/227/227
f 227/227/227 251/251/251 228/228/228
f 251/251/251 252/252/252 228/228/228
f 228/228/228 252/252/252 229/229/229
f 252/252/252 253/253/253 229/229/229
f 229/229/229 253/253/253 230/230/230
f 253/253/253 254/254/254 230/230/230
f 230/230/230 254/254/254 231/231/231
f 254/254/254 255/255/255 231/231/231
f 231/231/231 255/255/255 232/232/232
f 255/255/255 256/256/256 232/232/232
f 232/232/232 256/256/256 233/233/233
f 256/256/256 257/257/257 233/233/233
f 233/233/233 257/257/257 234/234/234
f 257/257/257 258/258/258 234/234/234
f 234/234/234 258/258/258 235/235/235
f 258/258/258 259/259/259 235/235/235
f 235/235/235 259/259/259 236/236/236
f 259/259/259 260/260/260 236/236/236
f 236/236/236 260/260/260 237/237/237
f 260/260/260 261/261/261 237/237/237
f 237/237/237 261/261/261 238/238/238
f 261/261/261 262/262/262 238/238/238
f 238/238/238 262/262/262 239/239/239
f 262/262/262 263/263/263 239/239/239
f 239/239/239 263/263/263 240/240/240
f 263/263/263 264/264/264 240/240/240
f 241/241/241 265/265/265 242/242/242
f 265/265/265 266/266/266 242/242/242
f 242/242/242 266/266/266 243/243/243
f 266/266/266 267/267/267 243/243/243
f 243/243/243 267/267/267 244/244/244
f 267/267/267 268/268/268 244/244/244
f 244/244/244 268/268/268 245/245/245
f 268/268/268 269/269/269 245/245/245
f 245/245/245 269/269/269 246/246/246
f 269/269/269 270/270/270 246/246/246
f 246/246/246 270/270/270 247/247/247
f 270/270/270 271/271/271 247/247/247
f 247/247/247 271/271/271 248/248/248
f 271/271/271 272/272/272 248/248/248
f 248/248/248 272/272/272 249/249/249
f 272/272/272 273/273/273 249/249/249
f 249/249/249 273/273/273 250/250/250
f 273/273/273 274/274/274 250/250/250
f 250/250/250 274/274/274 251/251/251
f 274/274/274 275/275/275 251/251/251
f 251/251/251 275/275/275 252/252/252
f 275/275/275 276/276/276 252/252/252
f 252/252/252 276/276/276 253/253/253
f 276/276/276 277/277/277 253/253/253
f 253/253/253 277/277/277 254/254/254
f 277/277/277 278/278/278 254/254/254
f 254/254/254 278/278/278 255/255/255
f 278/278/278 279/279/279 255/255/255
f 255/255/255 279/279/279 256/256/256
f 279/279/279 280/280/280 256/256/256
f 256/256/256 280/280/280 257/257/257
f 280/280/280 281/281/281 257/257/257
f 257/257/257 281/281/281 258/258/258
f 281/281/281 282/282/282 258/258/258
f 258/258/258 282/282/282 259/259/259
f 282/282/282 283/283/283 259/259/259
f 259/259/259 283/283/283 260/260/260
f 283/283/283 284/284/284 260/260/260
f 260/260/260 284/284/284 261/261/261
f 284/284/284 285/285/285 261/261/261
f 261/261/261 285/285/285 262/262/262
f 285/285/285 286/286/286 262/262/262
f 262/262/262 286/286/286 263/263/263
f 286/286/286 287/287/287 263/263/263
f 263/263/263 287/287/287 264/264/264
f 287/287/287 288/288/288 264/264/264
f 265/265/265 289/289/289 266/266/266
f 289/289/289 290/290/290 266/266/266
f 266/266/266 290/290/290 267/267/267
f 290/290/290 291/291/291 267/267/267
f 267/267/267 291/291/291 268/268/268
f 291/291/291 292/292/292 268/268/268
f 268/268/268 292/292/292 269/269/269
f 292/292/292 293/293/293 269/269/269
f 269/269/269 293/293/293 270/270/270
f 293/293/293 294/294/294 270/270/270
f 270/270/270 294/294/294 271/271/271
f 294/294/294 295/295/295 271/271/271
f 271/271/271 295/295/295 272/272/272
f 295/295/295 296/296/296 272/272/272
f 272/272/272 296/296/296 273/273/273
f 296/296/296 297/297/297 273/273/273
f 273/273/273 297/297/297 274/274/274
f 297/297/297 298/298/298 274/274/274
f 274/274/274 298/298/298 275/275/275
f 298/298/298 299/299/299 275/275/275
f 275/275/275 299/299/299 276/276/276
f 299/299/299 300/300/300 276/276/276
f 276/276/276 300/300/300 277/277/277
f 300/300/300 301/301/301 277/277/277
f 277/277/277 301/301/301 278/278/278
f 301/301/301 302/302/302 278/278/278
f 278/278/278 302/302/302 279/279/279
f 302/302/302 303/303/303 279/279/279
f 279/279/279 303/303/303 280/280/280
f 303/303/303 304/304/304 280/280/280
f 280/280/280 304/304/304 281/281/281
f 304/304/304 305/305/305 281/281/281
f 281/281/281 305/305/305 282/282/282
f 305/305/305 306/306/306 282/282/282
f 282/282/282 306/306/306 283/283/283
f 306/306/306 307/307/307 283/283/283
f 283/283/283 307/307/307 284/284/284
f 307/307/307 308/308/308 284/284/284
f 284/284/284 308/308/308 285/285/285
f 308/308/308 309/309/309 285/285/285
f 285/285/285 309/309/309 286/286/286
f 309/309/309 310/310/310 286/286/286
f 286/286/286 310/310/310 287/287/287
f 310/310/310 311/311/311 287/287/287
f 287/287/287 311/311/311 288/288/288
f 311/311/311 312/312/312 288/288/288
f 289/289/289 313/313/313 290/290/290
f 313/313/313 314/314/314 290/290/290
f 290/290/290 314/314/314 291/291/291
f 314/314/314 315/315/315 291/291/291
f 291/291/291 315/315/315 292/292/292
f 315/315/315 316/316/316 292/292/292
f 292/292/292 316/316/316 293/293/293
f 316/316/316 317/317/317 293/293/293
f 293/293/293 317/317/317 294/294/294
f 317/317/317 318/318/318 294/294/294
f 294/294/294 318/318/318 295/295/295
f 318/318/318 319/319/319 295/295/295
f 295/295/295 319/319/319 296/296/296
f 319/319/319 320/320/320 296/296/296
f 296/296/296 320/320/320 297/297/297
f 320/320/320 321/321/321 297/297/297
f 297/297/297 321/321/321 298/298/298
f 321/321/321 322/322/322 298/298/298
f 298/298/298 322/322/322 299/299/299
f 322/322/322 323/323/323 299/299/299
f 299/299/299 323/323/323 300/300/300
f 323/323/323 324/324/324 300/300/300
f 300/300/300 324/324/324 301/301/301
f 324/324/324 325/325/325 301/301/301
f 301/301/301 325/325/325 302/302/302
f 325/325/325 326/326/326 302/302/302
f 302/302/302 326/326/326 303/303/303
f 326/326/326 327/327/327 303/303/303
f 303/303/303 327/327/327 304/304/304
f 327/327/327 328/328/328 304/304/304
f 304/304/304 328/328/328 305/305/305
f 328/328/328 329/329/329 305/305/305
f 305/305/305 329/329/329 306/306/306
f 329/329/329 330/330/330 306/306/306
f 306/306/306 330/330/330 307/307/307
f 330/330/330 331/331/331 307/307/307
f 307/307/307 331/331/331 308/308/308
f 331/331/331 332/332/332 308/308/308
f 308/308/308 332/332/332 309/309/309
f 332/332/332 333/333/333 309/309/309
f 309/309/309 333/333/333 310/310/310
f 333/333/333 334/334/334 310/310/310
f 310/310/310 334/334/334 311/311/311
f 334/334/334 335/335/335 311/311/311
f 311/311/311 335/335/335 312/312/312
f 335/335/335 336/336/336 312/312/312
f 313/313/313 337/337/337 314/314/314
f 337/337/337 338/338/338 314/314/314
f 314/314/314 338/338/338 315/315/315
f 338/338/338 339/339/339 315/315/315
f 315/315/315 339/339/339 316/316/316
f 339/339/339 340/340/340 316/316/316
f 316/316/316 340/340/340 317/317/317
f 340/340/340 341/341/341 317/317/317
f 317/317/317 341/341/341 318/318/318
f 341/341/341 342/342/342 318/318/318
f 318/318/318 342/342/342 319/319/319
f 342/342/342 343/343/343 319/319/319
f 319/319/319 343/343/343 320/320/320
f 343/343/343 344/344/344 320/320/320
f 320/320/320 344/344/344 321/321/321
f 344/344/344 345/345/345 321/321/321
f 321/321/321 345/345/345 322/322/322
f 345/345/345 346/346/346 322/322/322
f 322/322/322 346/346/346 323/323/323
f 346/346/346 347/347/347 323/323/323
f 323/323/323 347/347/347 324/324/324
f 347/347/347 348/348/348 324/324/324
f 324/324/324 348/348/348 325/325/325
f 348/348/348 349/349/349 325/325/325
f 325/325/325 349/349/349 326/326/326
f 349/349/349 350/350/350 326/326/326
f 326/326/326 350/350/350 327/327/327
f 350/350/350 351/351/351 327/327/327
f 327/327/327 351/351/351 328/328/328
f 351/351/351 352/352/352 328/328/328
f 328/328/328 352/352/352 329/329/329
f 352/352/352 353/353/353 329/329/329
f 329/329/329 353/353/353 330/330/330
f 353/353/353 354/354/354 330/330/330
f 330/330/330 354/354/354 331/331/331
f 354/354/354 355/355/355 331/331/331
f 331/331/331 355/355/355 332/332/332
f 355/355/355 356/356/356 332/332/332
f 332/332/332 356/356/356 333/333/333
f 356/356/356 357/357/357 333/333/333
f 333/333/333 357/357/357 334/334/334
f 357/357/357 358/358/358 334/334/334
f 334/334/334 358/358/358 335/335/335
f 358/358/358 359/359/359 335/335/335
f 335/335/335 359/359/359 336/336/336
f 359/359/359 360/360/360 336/336/336
f 337/337/337 361/361/361 338/338/338
f 361/361/361 362/362/362 338/338/338
f 338/338/338 362/362/362 339/339/339
f 362/362/362 363/363/363 339/339/339
f 339/339/339 363/363/363 340/340/340
f 363/363/363 364/364/364 340/340/340
f 340/340/340 364/364/364 341/341/341
f 364/364/364 365/365/365 341/341/341
f 341/341/341 365/365/365 342/342/342
f 365/365/365 366/366/366 342/342/342
f 342/342/342 366/366/366 343/343/343
f 366/366/366 367/367/367 343/343/343
f 343/343/343 367/367/367 344/344/344
f 367/367/367 368/368/368 344/344/344
f 344/344/344 368/368/368 345/345/345
f 368/368/368 369/369/369 345/345/345
f 345/345/345 369/369/369 346/346/346
f 369/369/369 370/370/370 346/346/346
f 346/346/346 370/370/370 347/347/347
f 370/370/370 371/371/371 347/347/347
f 347/347/347 371/371/371 348/348/348
f 371/371/371 372/372/372 348/348/348
f 348/348/348 372/372/372 349/349/349
f 372/372/372 373/373/373 349/349/349
f 349/349/349 373/373/373 350/350/350
f 373/373/373 374/374/374 350/350/350
f 350/350/350 374/374/374 351/351/351
f 374/374/374 375/375/375 351/351/351
f 351/351/351 375/375/375 352/352/352
f 375/375/375 376/376/376 352/352/352
f 352/352/352 376/376/376 353/353/353
f 376/376/376 377/377/377 353/353/353
f 353/353/353 377/377/377 354/354/354
f 377/377/377 378/378/378 354/354/354
f 354/354/354 378/378/378 355/355/355
f 378/378/378 379/379/379 355/355/355
f 355/355/355 379/379/379 356/356/356
f 379/379/379 380/380/380 356/356/356
f 356/356/356 380/380/380 357/357/357
f 380/380/380 381/381/381 357/357/357
f 357/357/357 381/381/381 358/358/358
f 381/381/381 382/382/382 358/358/358
f 358/358/358 382/382/382 359/359/359
f 382/382/382 383/383/383 359/359/359
f 359/359/359 383/383/383 360/360/360
f 383/383/383 384/384/384 360/360/360
f 361/361/361 385/385/385 362/362/362
f 385/385/385 386/386/386 362/362/362
f 362/362/362 386/386/386 363/363/363
f 386/386/386 387/387/387 363/363/363
f 363/363/363 387/387/387 364/364/364
f 387/387/387 388/388/388 364/364/364
f 364/364/364 388/388/388 365/365/365
f 388/388/388 389/389/389 365/365/365
f 365/365/365 389/389/389 366/366/366
f 389/389/389 390/390/390 366/366/366
f 366/366/366 390/390/390 367/367/367
f 390/390/390 391/391/391 367/367/367
f 367/367/367 391/391/391 368/368/368
f 391/391/391 392/392/392 368/368/368
f 368/368/368 392/392/392 369/369/369
f 392/392/392 393/393/393 369/369/369
f 369/369/369 393/393/393 370/370/370
f 393/393/393 394/394/394 370/370/370
f 370/370/370 394/394/394 371/371/371
f 394/394/394 395/395/395 371/371/371
f 371/371/371 395/395/395 372/372/372
f 395/395/395 396/396/396 372/372/372
f 372/372/372 396/396/396 373/373/373
f 396/396/396 397/397/397 373/373/373
f 373/373/373 397/397/397 374/374/374
f 397/397/397 398/398/398 374/374/374
f 374/374/374 398/398/398 375/375/375
f 398/398/398 399/399/399 375/375/375
f 375/375/375 399/399/399 376/376/376
f 399/399/399 400/400/400 376/376/376
f 376/376/376 400/400/400 377/377/377
f 400/400/400 401/401/401 377/377/377
f 377/377/377 401/401/401 378/378/378
f 401/401/401 402/402/402 378/378/378
f 378/378/378 402/402/402 379/379/379
f 402/402/402 403/403/403 379/379/379
f 379/379/379 403/403/403 380/380/380
f 403/403/403 404/404/404 380/380/380
f 380/380/380 404/404/404 381/381/381
f 404/404/404 405/405/405 381/381/381
f 381/381/381 405/405/405 382/382/382
f 405/405/405 406/406/406 382/382/382
f 382/382/382 406/406/406 383/383/383
f 406/406/406 407/407/407 383/383/383
f 383/383/383 407/407/407 384/384/384
f 407/407/407 408/408/408 384/384/384
f 385/385/385 409/409/409 386/386/386
f 409/409/409 410/410/410 386/386/386
f 386/386/386 410/410/410 387/387/387
f 410/410/410 411/411/411 387/387/387
f 387/387/387 411/411/411 388/388/388
f 411/411/411 412/412/412 388/388/388
f 388/388/388 412/412/412 389/389/389
f 412/412/412 413/413/413 389/389/389
f 389/389/389 413/413/413 390/390/390
f 413/413/413 414/414/414 390/390/390
f 390/390/390 414/414/414 391/391/391
f 414/414/414 415/415/415 391/391/391
f 391/391/391 415/415/415 392/392/392
f 415/415/415 416/416/416 392/392/392
f 392/392/392 416/416/416 393/393/393
f 416/416/416 417/417/417 393/393/393
f 393/393/393 417/417/417 394/394/394
f 417/417/417 418/418/418 394/394/394
f 394/394/394 418/418/418 395/395/395
f 418/418/418 419/419/419 395/395/395
f 395/395/395 419/419/419 396/396/396
f 419/419/419 420/420/420 396/396/396
f 396/396/396 420/420/420 397/397/397
f 420/420/420 421/421/421 397/397/397
f 397/397/397 421/421/421 398/398/398
f 421/421/421 422/422/422 398/398/398
f 398/398/398 422/422/422 399/399/399
f 422/422/422 423/423/423 399/399/399
f 399/399/399 423/423/423 400/400/400
f 423/423/423 424/424/424 400/400/400
f 400/400/400 424/424/424 401/401/401
f 424/424/424 425/425/425 401/401/401
f 401/401/401 425/425/425 402/402/402
f 425/425/425 426/426/426 402/402/402
f 402/402/402 426/426/426 403/403/403
f 426/426/426 427/427/427 403/403/403
f 403/403/403 427/427/427 404/404/404
f 427/427/427 428/428/428 404/404/404
f 404/404/404 428/428/428 405/405/405
f 428/428/428 429/429/429 405/405/405
f 405/405/405 429/429/429 406/406/406
f 429/429/429 430/430/430 406/406/406
f 406/406/406 430/430/430 407/407/407
f 430/430/430 431/431/431 407/407/407
f 407/407/407 431/431/431 408/408/408
f 431/431/431 432/432/432 408/408/408
f 409/409/409 433/433/433 410/410/410
f 433/433/433 434/434/434 410/410/410
f 410/410/410 434/434/434 411/411/411
f 434/434/434 435/435/435 411/411/411
f 411/411/411 435/435/435 412/412/412
f 435/435/435 436/436/436 412/412/412
f 412/412/412 436/436/436 413/413/413
f 436/436/436 437/437/437 413/413/413
f 413/413/413 437/437/437 414/414/414
f 437/437/437 438/438/438 414/414/414
f 414/414/414 438/438/438 415/415/415
f 438/438/438 439/439/439 415/415/415
f 415/415/415 439/439/439 416/416/416
f 439/439/439 440/440/440 416/416/416
f 416/416/416 440/440/440 417/417/417
f 440/440/440 441/441/441 417/417/417
f 417/417/417 441/441/441 418/418/418
f 441/441/441 442/442/442 418/418/418
f 418/418/418 442/442/442 419/419/419
f 442/442/442 443/443/443 419/419/419
f 419/419/419 443/443/443 420/420/420
f 443/443/443 444/444/444 420/420/420
f 420/420/420 444/444/444 421/421/421
f 444/444/444 445/445/445 421/421/421
f 421/421/421 445/445/445 422/422/422
f 445/445/445 446/446/446 422/422/422
f 422/422/422 446/446/446 423/423/423
f 446/446/446 447/447/447 423/423/423
f 423/423/423 447/447/447 424/424/424
f 447/447/447 448/448/448 424/424/424
f 424/424/424 448/448/448 425/425/425
f 448/448/448 449/449/449 425/425/425
f 425/425/425 449/449/449 426/426/426
f 449/449/449 450/450/450 426/426/426
f 426/426/426 450/450/450 427/427/427
f 450/450/450 451/451/451 427/427/427
f 427/427/427 451/451/451 428/428/428
f 451/451/451 452/452/452 428/428/428
f 428/428/428 452/452/452 429/429/429
f 452/452/452 453/453/453 429/429/429
f 429/429/429 453/453/453 430/430/430
f 453/453/453 454/454/454 430/430/430
f 430/430/430 454/454/454 431/431/431
f 454/454/454 455/455/455 431/431/431
f 431/431/431 455/455/455 432/432/432
f 455/455/455 456/456/456 432/432/432
f 433/433/433 457/457/457 434/434/434
f 457/457/457 458/458/458 434/434/434
f 434/434/434 458/458/458 435/435/435
f 458/458/458 459/459/459 435/435/435
f 435/435/435 459/459/459 436/436/436
f 459/459/459 460/460/460 436/436/436
f 436/436/436 460/460/460 437/437/437
f 460/460/460 461/461/461 437/437/437
f 437/437/437 461/461/461 438/438/438
f 461/461/461 462/462/462 438/438/438
f 438/438/438 462/462/462 439/439/439
f 462/462/462 463/463/463 439/439/439
f 439/439/439 463/463/463 440/440/440
f 463/463/463 464/464/464 440/440/440
f 440/440/440 464/464/464 441/441/441
f 464/464/464 465/465/465 441/441/441
f 441/441/441 465/465/465 442/442/442
f 465/465/465 466/466/466 442/442/442
f 442/442/442 466/466/466 443/443/443
f 466/466/466 467/467/467 443/443/443
f 443/443/443 467/467/467 444/444/444
f 467/467/467 468/468/468 444/444/444
f 444/444/444 468/468/468 445/445/445
f 468/468/468 469/469/469 445/445/445
f 445/445/445 469/469/469 446/446/446
f 469/469/469 470/470/470 446/446/446
f 446/446/446 470/470/470 447/447/447
f 470/470/470 471/471/471 447/447/447
f 447/447/447 471/471/471 448/448/448
f 471/471/471 472/472/472 448/448/448
f 448/448/448 472/472/472 449/449/449
f 472/472/472 473/473/473 449/449/449
f 449/449/449 473/473/473 450/450/450
f 473/473/473 474/474/474 450/450/450
f 450/450/450 474/474/474 451/451/451
f 474/474/474 475/475/475 451/451/451
f 451/451/451 475/475/475 452/452/452
f 475/475/475 476/476/476 452/452/452
f 452/452/452 476/476/476 453/453/453
f 476/476/476 477/477/477 453/453/453
f 453/453/453 477/477/477 454/454/454
f 477/477/477 478/478/478 454/454/454
f 454/454/454 478/478/478 455/455/455
f 478/478/478 479/479/479 455/455/455
f 455/455/455 479/479/479 456/456/456
f 479/479/479 480/480/480 456/456/456
f 457/457/457 481/481/481 458/458/458
f 481/481/481 482/482/482 458/458/458
f 458/458/458 482/482/482 459/459/459
f 482/482/482 483/483/483 459/459/459
f 459/459/459 483/483/483 460/460/460
f 483/483/483 484/484/484 460/460/460
f 460/460/460 484/484/484 461/461/461
f 484/484/484 485/485/485 461/461/461
f 461/461/461 485/485/485 462/462/462
f 485/485/485 486/486/486 462/462/462
f 462/462/462 486/486/486 463/463/463
f 486/486/486 487/487/487 463/463/463
f 463/463/463 487/487/487 464/464/464
f 487/487/487 488/488/488 464/464/464
f 464/464/464 488/488/488 465/465/465
f 488/488/488 489/489/489 465/465/465
f 465/465/465 489/489/489 466/466/466
f 489/489/489 490/490/490 466/466/466
f 466/466/466 490/490/490 467/467/467
f 490/490/490 491/491/491 467/467/467
f 467/467/467 491/491/491 468/468/468
f 491/491/491 492/492/492 468/468/468
f 468/468/468 492/492/492 469/469/469
f 492/492/492 493/493/493 469/469/469
f 469/469/469 493/493/493 470/470/470
f 493/493/493 494/494/494 470/470/470
f 470/470/470 494/494/494 471/471/471
f 494/494/494 495/495/495 471/471/471
f 471/471/471 495/495/495 472/472/472
f 495/495/495 496/496/496 472/472/472
f 472/472/472 496/496/496 473/473/473
f 496/496/496 497/497/497 473/473/473
f 473/473/473 497/497/497 474/474/474
f 497/497/497 498/498/498 474/474/474
f 474/474/474 498/498/498 475/475/475
f 498/498/498 499/499/499 475/475/475
f 475/475/475 499/499/499 476/476/476
f 499/499/499 500/500/500 476/476/476
f 476/476/476 500/500/500 477/477/477
f 500/500/500 501/501/501 477/477/477
f 477/477/477 501/501/501 478/478/478
f 501/501/501 502/502/502 478/478/478
f 478/478/478 502/502/502 479/479/479
f 502/502/502 503/503/503 479/479/479
f 479/479/479 503/503/503 480/480/480
f 503/503/503 504/504/504 480/480/480
f 481/481/481 505/505/505 482/482/482
f 505/505/505 506/506/506 482/482/482
f 482/482/482 506/506/506 483/483/483
f 506/506/506 507/507/507 483/483/483
f 483/483/483 507/507/507 484/484/484
f 507/507/507 508/508/508 484/484/484
f 484/484/484 508/508/508 485/485/485
f 508/508/508 509/509/509 485/485/485
f 485/485/485 509/509/509 486/486/486
f 509/509/509 510/510/510 486/486/486
f 486/486/486 510/510/510 487/487/487
f 510/510/510 511/511/511 487/487/487
f 487/487/487 511/511/511 488/488/488
f 511/511/511 512/512/512 488/488/488
f 488/488/488 512/512/512 489/489/489
f 512/512/512 513/513/513 489/489/489
f 489/489/489 513/513/513 490/490/490
f 513/513/513 514/514/514 490/490/490
f 490/490/490 514/514/514 491/491/491
f 514/514/514 515/515/515 491/491/491
f 491/491/491 515/515/515 492/492/492
f 515/515/515 516/516/516 492/492/492
f 492/492/492 516/516/516 493/493/493
f 516/516/516 517/517/517 493/493/493
f 493/493/493 517/517/517 494/494/494
f 517/517/517 518/518/518 494/494/494
f 494/494/494 518/518/518 495/495/495
f 518/518/518 519/519/519 495/495/495
f 495/495/495 519/519/519 496/496/496
f 519/519/519 520/520/520 496/496/496
f 496/496/496 520/520/520 497/497/497
f 520/520/520 521/521/521 497/497/497
f 497/497/497 521/521/521 498/498/498
f 521/521/521 522/522/522 498/498/498
f 498/498/498 522/522/522 499/499/499
f 522/522/522 523/523/523 499/499/499
f 499/499/499 523/523/523 500/500/500
f 523/523/523 524/524/524 500/500/500
f 500/500/500 524/524/524 501/501/501
f 524/524/524 525/525/525 501/501/501
f 501/501/501 525/525/525 502/502/502
f 525/525/525 526/526/526 502/502/502
f 502/502/502 526/526/526 503/503/503
f 526/526/526 527/527/527 503/503/503
f 503/503/503 527/527/527 504/504/504
f 527/527/527 528/528/528 504/504/504
f 505/505/505 529/529/529 506/506/506
f 529/529/529 530/530/530 506/506/506
f 506/506/506 530/530/530 507/507/507
f 530/530/530 531/531/531 507/507/507
f 507/507/507 531/531/531 508/508/508
f 531/531/531 532/532/532 508/508/508
f 508/508/508 532/532/532 509/509/509
f 532/532/532 533/533/533 509/509/509
f 509/509/509 533/533/533 510/510/510
f 533/533/533 534/534/534 510/510/510
f 510/510/510 534/534/534 511/511/511
f 534/534/534 535/535/535 511/511/511
f 511/511/511 535/535/535 512/512/512
f 535/535/535 536/536/536 512/512/512
f 512/512/512 536/536/536 513/513/513
f 536/536/536 537/537/537 513/513/513
f 513/513/513 537/537/537 514/514/514
f 537/537/537 538/538/538 514/514/514
f 514/514/514 538/538/538 515/515/515
f 538/538/538 539/539/539 515/515/515
f 515/515/515 539/539/539 516/516/516
f 539/539/539 540/540/540 516/516/516
f 516/516/516 540/540/540 517/517/517
f 540/540/540 541/541/541 517/517/517
f 517/517/517 541/541/541 518/518/518
f 541/541/541 542/542/542 518/518/518
f 518/518/518 542/542/542 519/519/519
f 542/542/542 543/543/543 519/519/519
f 519/519/519 543/543/543 520/520/520
f 543/543/543 544/544/544 520/520/520
f 520/520/520 544/544/544 521/521/521
f 544/544/544 545/545/545 521/521/521
f 521/521/521 545/545/545 522/522/522
f 545/545/545 546/546/546 522/522/522
f 522/522/522 546/546/546 523/523/523
f 546/546/546 547/547/547 523/523/523
f 523/523/523 547/547/547 524/524/524
f 547/547/547 548/548/548 524/524/524
f 524/524/524 548/548/548 525/525/525
f 548/548/548 549/549/549 525/525/525
f 525/525/525 549/549/549 526/526/526
f 549/549/549 550/550/550 526/526/526
f 526/526/526 550/550/550 527/527/527
f 550/550/550 551/551/551 527/527/527
f 527/527/527 551/551/551 528/528/528
f 551/551/551 552/552/552 528/528/528
f 529/529/529 553/553/553 530/530/530
f 553/553/553 554/554/554 530/530/530
f 530/530/530 554/554/554 531/531/531
f 554/554/554 555/555/555 531/531/531
f 531/531/531 555/555/555 532/532/532
f 555/555/555 556/556/556 532/532/532
f 532/532/532 556/556/556 533/533/533
f 556/556/556 557/557/557 533/533/533
f 533/533/533 557/557/557 534/534/534
f 557/557/557 558/558/558 534/534/534
f 534/534/534 558/558/558 535/535/535
f 558/558/558 559/559/559 535/535/535
f 535/535/535 559/559/559 536/536/536
f 559/559/559 560/560/560 536/536/536
f 536/536/536 560/560/560 537/537/537
f 560/560/560 561/561/561 537/537/537
f 537/537/537 561/561/561 538/538/538
f 561/561/561 562/562/562 538/538/538
f 538/538/538 562/562/562 539/539/539
f 562/562/562 563/563/563 539/539/539
f 539/539/539 563/563/563 540/540/540
f 563/563/563 564/564/564 540/540/540
f 540/540/540 564/564/564 541/541/541
f 564/564/564 565/565/565 541/541/541
f 541/541/541 565/565/565 542/542/542
f 565/565/565 566/566/566 542/542/542
f 542/542/542 566/566/566 543/543/543
f 566/566/566 567/567/567 543/543/543
f 543/543/543 567/567/567 544/544/544
f 567/567/567 568/568/568 544/544/544
f 544/544/544 568/568/568 545/545/545
f 568/568/568 569/569/569 545/545/545
f 545/545/545 569/569/569 546/546/546
f 569/569/569 570/570/570 546/546/546
f 546/546/546 570/570/570 547/547/547
f 570/570/570 571/571/571 547/547/547
f 547/547/547 571/571/571 548/548/548
f 571/571/571 572/572/572 548/548/548
f 548/548/548 572/572/572 549/549/549
f 572/572/572 573/573/573 549/549/549
f 549/549/549 573/573/573 550/550/550
f 573/573/573 574/574/574 550/550/550
f 550/550/550 574/574/574 551/551/551
f 574/574/574 575/575/575 551/551/551
f 551/551/551 575/575/575 552/552/552
f 575/575/575 576/576/576 552/552/552
f 553/553/553 577/577/577 554/554/554
f 577/577/577 578/578/578 554/554/554
f 554/554/554 578/578/578 555/555/555
f 578/578/578 579/579/579 555/555/555
f 555/555/555 579/579/579 556/556/556
f 579/579/579 580/580/580 556/556/556
f 556/556/556 580/580/580 557/557/557
f 580/580/580 581/581/581 557/557/557
f 557/557/557 581/581/581 558/558/558
f 581/581/581 582/582/582 558/558/558
f 558/558/558 582/582/582 559/559/559
f 582/582/582 583/583/583 559/559/559
f 559/559/559 583/583/583 560/560/560
f 583/583/583 584/584/584 560/560/560
f 560/560/560 584/584/584 561/561/561
f 584/584/584 585/585/585 561/561/561
f 561/561/561 585/585/585 562/562/562
f 585/585/585 586/586/586 562/562/562
f 562/562/562 586/586/586 563/563/563
f 586/586/586 587/587/587 563/563/563
f 563/563/563 587/587/587 564/564/564
f 587/587/587 588/588/588 564/564/564
f 564/564/564 588/588/588 565/565/565
f 588/588/588 589/589/589 565/565/565
f 565/565/565 589/589/589 566/566/566
f 589/589/589 590/590/590 566/566/566
f 566/566/566 590/590/590 567/567/567
f 590/590/590 591/591/591 567/567/567
f 567/567/567 591/591/591 568/568/568
f 591/591/591 592/592/592 568/568/568
f 568/568/568 592/592/592 569/569/569
f 592/592/592 593/593/593 569/569/569
f 569/569/569 593/593/593 570/570/570
f 593/593/593 594/594/594 570/570/570
f 570/570/570 594/594/594 571/571/571
f 594/594/594 595/595/595 571/571/571
f 571/571/571 595/595/595 572/572/572
f 595/595/595 596/596/596 572/572/572
f 572/572/572 596/596/596 573/573/573
f 596/596/596 597/597/597 573/573/573
f 573/573/573 597/597/597 574/574/574
f 597/597/597 598/598/598 574/574/574
f 574/574/574 598/598/598 575/575/575
f 598/598/598 599/599/599 575/575/575
f 575/575/575 599/599/599 576/576/576
f 599/599/599 600/600/600 576/576/576
f 577/577/577 601/601/601 578/578/578
f 601/601/601 602/602/602 578/578/578
f 578/578/578 602/602/602 579/579/579
f 602/602/602 603/603/603 579/579/579
f 579/579/579 603/603/603 580/580/580
f 603/603/603 604/604/604 580/580/580
f 580/580/580 604/604/604 581/581/581
f 604/604/604 605/605/605 581/581/581
f 581/581/581 605/605/605 582/582/582
f 605/605/605 606/606/606 582/582/582
f 582/582/582 606/606/606 583/583/583
f 606/606/606 607/607/607 583/583/583
f 583/583/583 607/607/607 584/584/584
f 607/607/607 608/608/608 584/584/584
f 584/584/584 608/608/608 585/585/585
f 608/608/608 609/609/609 585/585/585
f 585/585/585 609/609/609 586/586/586
f 609/609/609 610/610/610 586/586/586
f 586/586/586 610/610/610 587/587/587
f 610/610/610 611/611/611 587/587/587
f 587/587/587 611/611/611 588/588/588
f 611/611/611 612/612/612 588/588/588
f 588/588/588 612/612/612 589/589/589
f 612/612/612 613/613/613 589/589/589
f 589/589/589 613/613/613 590/590/590
f 613/613/613 614/614/614 590/590/590
f 590/590/590 614/614/614 591/591/591
f 614/614/614 615/615/615 591/591/591
f 591/591/591 615/615/615 592/592/592
f 615/615/615 616/616/616 592/592/592
f 592/592/592 616/616/616 593/593/593
f 616/616/616 617/617/617 593/593/593
f 593/593/593 617/617/617 594/594/594
f 617/617/617 618/618/618 594/594/594
f 594/594/594 618/618/618 595/595/595
f 618/618/618 619/619/619 595/595/595
f 595/595/595 619/619/619 596/596/596
f 619/619/619 620/620/620 596/596/596
f 596/596/596 620/620/620 597/597/597
f 620/620/620 621/621/621 597/597/597
f 597/597/597 621/621/621 598/598/598
f 621/621/621 622/622/622 598/598/598
f 598/598/598 622/622/622 599/599/599
f 622/622/622 623/623/623 599/599/599
f 599/599/599 623/623/623 600/600/600
f 623/623/623 624/624/624 600/600/600
f 601/601/601 625/625/625 602/602/602
f 625/625/625 626/626/626 602/602/602
f 602/602/602 626/626/626 603/603/603
f 626/626/626 627/627/627 603/603/603
f 603/603/603 627/627/627 604/604/604
f 627/627/627 628/628/628 604/604/604
f 604/604/604 628/628/628 605/605/605
f 628/628/628 629/629/629 605/605/605
f 605/605/605 629/629/629 606/606/606
f 629/629/629 630/630/630 606/606/606
f 606/606/606 630/630/630 607/607/607
f 630/630/630 631/631/631 607/607/607
f 607/607/607 631/631/631 608/608/608
f 631/631/631 632/632/632 608/608/608
f 608/608/608 632/632/632 609/609/609
f 632/632/632 633/633/633 609/609/609
f 609/609/609 633/633/633 610/610/610
f 633/633/633 634/634/634 610/610/610
f 610/610/610 634/634/634 611/611/611
f 634/634/634 635/635/635 611/611/611
f 611/611/611 635/635/635 612/612/612
f 635/635/635 636/636/636 612/612/612
f 612/612/612 636/636/636 613/613/613
f 636/636/636 637/637/637 613/613/613
f 613/613/613 637/637/637 614/614/614
f 637/637/637 638/638/638 614/614/614
f 614/614/614 638/638/638 615/615/615
f 638/638/638 639/639/639 615/615/615
f 615/615/615 639/639/639 616/616/616
f 639/639/639 640/640/640 616/616/616
f 616/616/616 640/640/640 617/617/617
f 640/640/640 641/641/641 617/617/617
f 617/617/617 641/641/641 618/618/618
f 641/641/641 642/642/642 618/618/618
f 618/618/618 642/642/642 619/619/619
f 642/642/642 643/643/643 619/619/619
f 619/619/619 643/643/643 620/620/620
f 643/643/643 644/644/644 620/620/620
f 620/620/620 644/644/644 621/621/621
f 644/644/644 645/645/645 621/621/621
f 621/621/621 645/645/645 622/622/622
f 645/645/645 646/646/646 622/622/622
f 622/622/622 646/646/646 623/623/623
f 646/646/646 647/647/647 623/623/623
f 623/623/623 647/647/647 624/624/624
f 647/647/647 648/648/648 624/624/624
f 625/625/625 649/649/649 626/626/626
f 649/649/649 650/650/650 626/626/626
f 626/626/626 650/650/650 627/627/627
f 650/650/650 651/651/651 627/627/627
f 627/627/627 651/651/651 628/628/628
f 651/651/651 652/652/652 628/628/628
f 628/628/628 652/652/652 629/629/629
f 652/652/652 653/653/653 629/629/629
f 629/629/629 653/653/653 630/630/630
f 653/653/653 654/654/654 630/630/630
f 630/630/630 654/654/654 631/631/631
f 654/654/654 655/655/655 631/631/631
f 631/631/631 655/655/655 632/632/632
f 655/655/655 656/656/656 632/632/632
f 632/632/632 656/656/656 633/633/633
f 656/656/656 657/657/657 633/633/633
f 633/633/633 657/657/657 634/634/634
f 657/657/657 658/658/658 634/634/634
f 634/634/634 658/658/658 635/635/635
f 658/658/658 659/659/659 635/635/635
f 635/635/635 659/659/659 636/636/636
f 659/659/659 660/660/660 636/636/636
f 636/636/636 660/660/660 637/637/637
f 660/660/660 661/661/661 637/637/637
f 637/637/637 661/661/661 638/638/638
f 661/661/661 662/662/662 638/638/638
f 638/638/638 662/662/662 639/639/639
f 662/662/662 663/663/663 639/639/639
f 639/639/639 663/663/663 640/640/640
f 663/663/663 664/664/664 640/640/640
f 640/640/640 664/664/664 641/641/641
f 664/664/664 665/665/665 641/641/641
f 641/641/641 665/665/665 642/642/642
f 665/665/665 666/666/666 642/642/642
f 642/642/642 666/666/666 643/643/643
f 666/666/666 667/667/667 643/643/643
f 643/643/643 667/667/667 644/644/644
f 667/667/667 668/668/668 644/644/644
f 644/644/644 668/668/668 645/645/645
f 668/668/668 669/669/669 645/645/645
f 645/645/645 669/669/669 646/646/646
f 669/669/669 670/670/670 646/646/646
f 646/646/646 670/670/670 647/647/647
f 670/670/670 671/671/671 647/647/647
f 647/647/647 671/671/671 648/648/648
f 671/671/671 672/672/672 648/648/648
f 649/649/649 673/673/673 650/650/650
f 673/673/673 674/674/674 650/650/650
f 650/650/650 674/674/674 651/651/651
f 674/674/674 675/675/675 651/651/651
f 651/651/651 675/675/675 652/652/652
f 675/675/675 676/676/676 652/652/652
f 652/652/652 676/676/676 653/653/653
f 676/676/676 677/677/677 653/653/653
f 653/653/653 677/677/677 654/654/654
f 677/677/677 678/678/678 654/654/654
f 654/654/654 678/678/678 655/655/655
f 678/678/678 679/679/679 655/655/655
f 655/655/655 679/679/679 656/656/656
f 679/679/679 680/680/680 656/656/656
f 656/656/656 680/680/680 657/657/657
f 680/680/680 681/681/681 657/657/657
f 657/657/657 681/681/681 658/658/658
f 681/681/681 682/682/682 658/658/658
f 658/658/658 682/682/682 659/659/659
f 682/682/682 683/683/683 659/659/659
f 659/659/659 683/683/683 660/660/660
f 683/683/683 684/684/684 660/660/660
f 660/660/660 684/684/684 661/661/661
f 684/684/684 685/685/685 661/661/661
f 661/661/661 685/685/685 662/662/662
f 685/685/685 686/686/686 662/662/662
f 662/662/662 686/686/686 663/663/663
f 686/686/686 687/687/687 663/663/663
f 663/663/663 687/687/687 664/664/664
f 687/687/687 688/688/688 664/664/664
f 664/664/664 688/688/688 665/665/665
f 688/688/688 689/689/689 665/665/665
f 665/665/665 689/689/689 666/666/666
f 689/689/689 690/690/690 666/666/666
f 666/666/666 690/690/690 667/667/667
f 690/690/690 691/691/691 667/667/667
f 667/667/667 691/691/691 668/668/668
f 691/691/691 692/692/692 668/668/668
f 668/668/668 692/692/692 669/669/669
f 692/692/692 693/693/693 669/669/669
f 669/669/669 693/693/693 670/670/670
f 693/693/693 694/694/694 670/670/670
f 670/670/670 694/694/694 671/671/671
f 694/694/694 695/695/695 671/671/671
f 671/671/671 695/695/695 672/672/672
f 695/695/695 696/696/696 672/672/672
f 673/673/673 697/697/697 674/674/674
f 697/697/697 698/698/698 674/674/674
f 674/674/674 698/698/698 675/675/675
f 698/698/698 699/699/699 675/675/675
f 675/675/675 699/699/699 676/676/676
f 699/699/699 700/700/700 676/676/676
f 676/676/676 700/700/700 677/677/677
f 700/700/700 701/701/701 677/677/677
f 677/677/677 701/701/701 678/678/678
f 701/701/701 702/702/702 678/678/678
f 678/678/678 702/702/702 679/679/679
f 702/702/702 703/703/703 679/679/679
f 679/679/679 703/703/703 680/680/680
f 703/703/703 704/704/704 680/680/680
f 680/680/680 704/704/704 681/681/681
f 704/704/704 705/705/705 681/681/681
f 681/681/681 705/705/705 682/682/682
f 705/705/705 706/706/706 682/682/682
f 682/682/682 706/706/706 683/683/683
f 706/706/706 707/707/707 683/683/683
f 683/683/683 707/707/707 684/684/684
f 707/707/707 708/708/708 684/684/684
f 684/684/684 708/708/708 685/685/685
f 708/708/708 709/709/709 685/685/685
f 685/685/685 709/709/709 686/686/686
f 709/709/709 710/710/710 686/686/686
f 686/686/686 710/710/710 687/687/687
f 710/710/710 711/711/711 687/687/687
f 687/687/687 711/711/711 688/688/688
f 711/711/711 712/712/712 688/688/688
f 688/688/688 712/712/712 689/689/689
f 712/712/712 713/713/713 689/689/689
f 689/689/689 713/713/713 690/690/690
f 713/713/713 714/714/714 690/690/690
f 690/690/690 714/714/714 691/691/691
f 714/714/714 715/715/715 691/691/691
f 691/691/691 715/715/715 692/692/692
f 715/715/715 716/716/716 692/692/692
f 692/692/692 716/716/716 693/693/693
f 716/716/716 717/717/717 693/693/693
f 693/693/693 717/717/717 694/694/694
f 717/717/717 718/718/718 694/694/694
f 694/694/694 718/718/718 695/695/695
f 718/718/718 719/719/719 695/695/695
f 695/695/695 719/719/719 696/696/696
f 719/719/719 720/720/720 696/696/696
f 697/697/697 721/721/721 698/698/698
f 721/721/721 722/722/722 698/698/698
f 698/698/698 722/722/722 699/699/699
f 722/722/722 723/723/723 699/699/699
f 699/699/699 723/723/723 700/700/700
f 723/723/723 724/724/724 700/700/700
f 700/700/700 724/724/724 701/701/701
f 724/724/724 725/725/725 701/701/701
f 701/701/701 725/725/725 702/702/702
f 725/725/725 726/726/726 702/702/702
f 702/702/702 726/726/726 703/703/703
f 726/726/726 727/727/727 703/703/703
f 703/703/703 727/727/727 704/704/704
f 727/727/727 728/728/728 704/704/704
f 704/704/704 728/728/728 705/705/705
f 728/728/728 729/729/729 705/705/705
f 705/705/705 729/729/729 706/706/706
f 729/729/729 730/730/730 706/706/706
f 706/706/706 730/730/730 707/707/707
f 730/730/730 731/731/731 707/707/707
f 707/707/707 731/731/731 708/708/708
f 731/731/731 732/732/732 708/708/708
f 708/708/708 732/732/732 709/709/709
f 732/732/732 733/733/733 709/709/709
f 709/709/709 733/733/733 710/710/710
f 733/733/733 734/734/734 710/710/710
f 710/710/710 734/734/734 711/711/711
f 734/734/734 735/735/735 711/711/711
f 711/711/711 735/735/735 712/712/712
f 735/735/735 736/736/736 712/712/712
f 712/712/712 736/736/736 713/713/713
f 736/736/736 737/737/737 713/713/713
f 713/713/713 737/737/737 714/714/714
f 737/737/737 738/738/738 714/714/714
f 714/714/714 738/738/738 715/715/715
f 738/738/738 739/739/739 715/715/715
f 715/715/715 739/739/739 716/716/716
f 739/739/739 740/740/740 716/716/716
f 716/716/716 740/740/740 717/717/717
f 740/740/740 741/741/741 717/717/717
f 717/717/717 741/741/741 718/718/718
f 741/741/741 742/742/742 718/718/718
f 718/718/718 742/742/742 719/719/719
f 742/742/742 743/743/743 719/719/719
f 719/719/719 743/743/743 720/720/720
f 743/743/743 744/744/744 720/720/720
f 721/721/721 745/745/745 722/722/722
f 745/745/745 746/746/746 722/722/722
f 722/722/722 746/746/746 723/723/723
f 746/746/746 747/747/747 723/723/723
f 723/723/723 747/747/747 724/724/724
f 747/747/747 748/748/748 724/724/724
f 724/724/724 748/748/748 725/725/725
f 748/748/748 749/749/749 725/725/725
f 725/725/725 749/749/749 726/726/726
f 749/749/749 750/750/750 726/726/726
f 726/726/726 750/750/750 727/727/727
f 750/750/750 751/751/751 727/727/727
f 727/727/727 751/751/751 728/728/728
f 751/751/751 752/752/752 728/728/728
f 728/728/728 752/752/752 729/729/729
f 752/752/752 753/753/753 729/729/729
f 729/729/729 753/753/753 730/730/730
f 753/753/753 754/754/754 730/730/730
f 730/730/730 754/754/754 731/731/731
f 754/754/754 755/755/755 731/731/731
f 731/731/731 755/755/755 732/732/732
f 755/755/755 756/756/756 732/732/732
f 732/732/732 756/756/756 733/733/733
f 756/756/756 757/757/757 733/733/733
f 733/733/733 757/757/757 734/734/734
f 757/757/757 758/758/758 734/734/734
f 734/734/734 758/758/758 735/735/735
f 758/758/758 759/759/759 735/735/735
f 735/735/735 759/759/759 736/736/736
f 759/759/759 760/760/760 736/736/736
f 736/736/736 760/760/760 737/737/737
f 760/760/760 761/761/761 737/737/737
f 737/737/737 761/761/761 738/738/738
f 761/761/761 762/762/762 738/738/738
f 738/738/738 762/762/762 739/739/739
f 762/762/762 763/763/763 739/739/739
f 739/739/739 763/763/763 740/740/740
f 763/763/763 764/764/764 740/740/740
f 740/740/740 764/764/764 741/741/741
f 764/764/764 765/765/765 741/741/741
f 741/741/741 765/765/765 742/742/742
f 765/765/765 766/766/766 742/742/742
f 742/742/742 766/766/766 743/743/743
f 766/766/766 767/767/767 743/743/743
f 743/743/743 767/767/767 744/744/744
f 767/767/767 768/768/768 744/744/744
f 745/745/745 769/769/769 746/746/746
f 769/769/769 770/770/770 746/746/746
f 746/746/746 770/770/770 747/747/747
f 770/770/770 771/771/771 747/747/747
f 747/747/747 771/771/771 748/748/748
f 771/771/771 772/772/772 748/748/748
f 748/748/748 772/772/772 749/749/749
f 772/772/772 773/773/773 749/749/749
f 749/749/749 773/773/773 750/750/750
f 773/773/773 774/774/774 750/750/750
f 750/750/750 774/774/774 751/751/751
f 774/774/774 775/775/775 751/751/751
f 751/751/751 775/775/775 752/752/752
f 775/775/775 776/776/776 752/752/752
f 752/752/752 776/776/776 753/753/753
f 776/776/776 777/777/777 753/753/753
f 753/753/753 777/777/777 754/754/754
f 777/777/777 778/778/778 754/754/754
f 754/754/754 778/778/778 755/755/755
f 778/778/778 779/779/779 755/755/755
f 755/755/755 779/779/779 756/756/756
f 779/779/779 780/780/780 756/756/756
f 756/756/756 780/780/780 757/757/757
f 780/780/780 781/781/781 757/757/757
f 757/757/757 781/781/781 758/758/758
f 781/781/781 782/782/782 758/758/758
f 758/758/758 782/782/782 759/759/759
f 782/782/782 783/783/783 759/759/759
f 759/759/759 783/783/783 760/760/760
f 783/783/783 784/784/784 760/760/760
f 760/760/760 784/784/784 761/761/761
f 784/784/784 785/785/785 761/761/761
f 761/761/761 785/785/785 762/762/762
f 785/785/785 786/786/786 762/762/762
f 762/762/762 786/786/786 763/763/763
f 786/786/786 787/787/787 763/763/763
f 763/763/763 787/787/787 764/764/764
f 787/787/787 788/788/788 764/764/764
f 764/764/764 788/788/788 765/765/765
f 788/788/788 789/789/789 765/765/765
f 765/765/765 789/789/789 766/766/766
f 789/789/789 790/790/790 766/766/766
f 766/766/766 790/790/790 767/767/767
f 790/790/790 791/791/791 767/767/767
f 767/767/767 791/791/791 768/768/768
f 791/791/791 792/792/792 768/768/768
f 769/769/769 793/793/793 770/770/770
f 793/793/793 794/794/794 770/770/770
f 770/770/770 794/794/794 771/771/771
f 794/794/794 795/795/795 771/771/771
f 771/771/771 795/795/795 772/772/772
f 795/795/795 796/796/796 772/772/772
f 772/772/772 796/796/796 773/773/773
f 796/796/796 797/797/797 773/773/773
f 773/773/773 797/797/797 774/774/774
f 797/797/797 798/798/798 774/774/774
f 774/774/774 798/798/798 775/775/775
f 798/798/798 799/799/799 775/775/775
f 775/775/775 799/799/799 776/776/776
f 799/799/799 800/800/800 776/776/776
f 776/776/776 800/800/800 777/777/777
f 800/800/800 801/801/801 777/777/777
f 777/777/777 801/801/801 778/778/778
f 801/801/801 802/802/802 778/778/778
f 778/778/778 802/802/802 779/779/779
f 802/802/802 803/803/803 779/779/779
f 779/779/779 803/803/803 780/780/780
f 803/803/803 804/804/804 780/780/780
f 780/780/780 804/804/804 781/781/781
f 804/804/804 805/805/805 781/781/781
f 781/781/781 805/805/805 782/782/782
f 805/805/805 806/806/806 782/782/782
f 782/782/782 806/806/806 783/783/783
f 806/806/806 807/807/807 783/783/783
f 783/783/783 807/807/807 784/784/784
f 807/807/807 808/808/808 784/784/784
f 784/784/784 808/808/808 785/785/785
f 808/808/808 809/809/809 785/785/785
f 785/785/785 809/809/809 786/786/786
f 809/809/809 810/810/810 786/786/786
f 786/786/786 810/810/810 787/787/787
f 810/810/810 811/811/811 787/787/787
f 787/787/787 811/811/811 788/788/788
f 811/811/811 812/812/812 788/788/788
f 788/788/788 812/812/812 789/789/789
f 812/812/812 813/813/813 789/789/789
f 789/789/789 813/813/813 790/790/790
f 813/813/813 814/814/814 790/790/790
f 790/790/790 814/814/814 791/791/791
f 814/814/814 815/815/815 791/791/791
f 791/791/791 815/815/815 792/792/792
f 815/815/815 816/816/816 792/792/792
f 793/793/793 817/817/817 794/794/794
f 817/817/817 818/818/818 794/794/794
f 794/794/794 818/818/818 795/795/795
f 818/818/818 819/819/819 795/795/795
f 795/795/795 819/819/819 796/796/796
f 819/819/819 820/820/820 796/796/796
f 796/796/796 820/820/820 797/797/797
f 820/820/820 821/821/821 797/797/797
f 797/797/797 821/821/821 798/798/798
f 821/821/821 822/822/822 798/798/798
f 798/798/798 822/822/822 799/799/799
f 822/822/822 823/823/823 799/799/799
f 799/799/799 823/823/823 800/800/800
f 823/823/823 824/824/824 800/800/800
f 800/800/800 824/824/824 801/801/801
f 824/824/824 825/825/825 801/801/801
f 801/801/801 825/825/825 802/802/802
f 825/825/825 826/826/826 802/802/802
f 802/802/802 826/826/826 803/803/803
f 826/826/826 827/827/827 803/803/803
f 803/803/803 827/827/827 804/804/804
f 827/827/827 828/828/828 804/804/804
f 804/804/804 828/828/828 805/805/805
f 828/828/828 829/829/829 805/805/805
f 805/805/805 829/829/829 806/806/806
f 829/829/829 830/830/830 806/806/806
f 806/806/806 830/830/830 807/807/807
f 830/830/830 831/831/831 807/807/807
f 807/807/807 831/831/831 808/808/808
f 831/831/831 832/832/832 808/808/808
f 808/808/808 832/832/832 809/809/809
f 832/832/832 833/833/833 809/809/809
f 809/809/809 833/833/833 810/810/810
f 833/833/833 834/834/834 810/810/810
f 810/810/810 834/834/834 811/811/811
f 834/834/834 835/835/835 811/811/811
f 811/811/811 835/835/835 812/812/812
f 835/835/835 836/836/836 812/812/812
f 812/812/812 836/836/836 813/813/813
f 836/836/836 837/837/837 813/813/813
f 813/813/813 837/837/837 814/814/814
f 837/837/837 838/838/838 814/814/814
f 814/814/814 838/838/838 815/815/815
f 838/838/838 839/839/839 815/815/815
f 815/815/815 839/839/839 816/816/816
f 839/839/839 840/840/840 816/816/816
f 817/817/817 841/841/841 818/818/818
f 841/841/841 842/842/842 818/818/818
f 818/818/818 842/842/842 819/819/819
f 842/842/842 843/843/843 819/819/819
f 819/819/819 843/843/843 820/820/820
f 843/843/843 844/844/844 820/820/820
f 820/820/820 844/844/844 821/821/821
f 844/844/844 845/845/845 821/821/821
f 821/821/821 845/845/845 822/822/822
f 845/845/845 846/846/846 822/822/822
f 822/822/822 846/846/846 823/823/823
f 846/846/846 847/847/847 823/823/823
f 823/823/823 847/847/847 824/824/824
f 847/847/847 848/848/848 824/824/824
f 824/824/824 848/848/848 825/825/825
f 848/848/848 849/849/849 825/825/825
f 825/825/825 849/849/849 826/826/826
f 849/849/849 850/850/850 826/826/826
f 826/826/826 850/850/850 827/827/827
f 850/850/850 851/851/851 827/827/827
f 827/827/827 851/851/851 828/828/828
f 851/851/851 852/852/852 828/828/828
f 828/828/828 852/852/852 829/829/829
f 852/852/852 853/853/853 829/829/829
f 829/829/829 853/853/853 830/830/830
f 853/853/853 854/854/854 830/830/830
f 830/830/830 854/854/854 831/831/831
f 854/854/854 855/855/855 831/831/831
f 831/831/831 855/855/855 832/832/832
f 855/855/855 856/856/856 832/832/832
f 832/832/832 856/856/856 833/833/833
f 856/856/856 857/857/857 833/833/833
f 833/833/833 857/857/857 834/834/834
f 857/857/857 858/858/858 834/834/834
f 834/834/834 858/858/858 835/835/835
f 858/858/858 859/859/859 835/835/835
f 835/835/835 859/859/859 836/836/836
f 859/859/859 860/860/860 836/836/836
f 836/836/836 860/860/860 837/837/837
f 860/860/860 861/861/861 837/837/837
f 837/837/837 861/861/861 838/838/838
f 861/861/861 862/862/862 838/838/838
f 838/838/838 862/862/862 839/839/839
f 862/862/862 863/863/863 839/839/839
f 839/839/839 863/863/863 840/840/840
f 863/863/863 864/864/864 840/840/840
f 841/841/841 865/865/865 842/842/842
f 865/865/865 866/866/866 842/842/842
f 842/842/842 866/866/866 843/843/843
f 866/866/866 867/867/867 843/843/843
f 843/843/843 867/867/867 844/844/844
f 867/867/867 868/868/868 844/844/844
f 844/844/844 868/868/868 845/845/845
f 868/868/868 869/869/869 845/845/845
f 845/845/845 869/869/869 846/846/846
f 869/869/869 870/870/870 846/846/846
f 846/846/846 870/870/870 847/847/847
f 870/870/870 871/871/871 847/847/847
f 847/847/847 871/871/871 848/848/848
f 871/871/871 872/872/872 848/848/848
f 848/848/848 872/872/872 849/849/849
f 872/872/872 873/873/873 849/849/849
f 849/849/849 873/873/873 850/850/850
f 873/873/873 874/874/874 850/850/850
f 850/850/850 874/874/874 851/851/851
f 874/874/874 875/875/875 851/851/851
f 851/851/851 875/875/875 852/852/852
f 875/875/875 876/876/876 852/852/852
f 852/852/852 876/876/876 853/853/853
f 876/876/876 877/877/877 853/853/853
f 853/853/853 877/877/877 854/854/854
f 877/877/877 878/878/878 854/854/854
f 854/854/854 878/878/878 855/855/855
f 878/878/878 879/879/879 855/855/855
f 855/855/855 879/879/879 856/856/856
f 879/879/879 880/880/880 856/856/856
f 856/856/856 880/880/880 857/857/857
f 880/880/880 881/881/881 857/857/857
f 857/857/857 881/881/881 858/858/858
f 881/881/881 882/882/882 858/858/858
f 858/858/858 882/882/882 859/859/859
f 882/882/882 883/883/883 859/859/859
f 859/859/859 883/883/883 860/860/860
f 883/883/883 884/884/884 860/860/860
f 860/860/860 884/884/884 861/861/861
f 884/884/884 885/885/885 861/861/861
f 861/861/861 885/885/885 862/862/862
f 885/885/885 886/886/886 862/862/862
f 862/862/862 886/886/886 863/863/863
f 886/886/886 887/887/887 863/863/863
f 863/863/863 887/887/887 864/864/864
f 887/887/887 888/888/888 864/864/864
f 865/865/865 889/889/889 866/866/866
f 889/889/889 890/890/890 866/866/866
f 866/866/866 890/890/890 867/867/867
f 890/890/890 891/891/891 867/867/867
f 867/867/867 891/891/891 868/868/868
f 891/891/891 892/892/892 868/868/868
f 868/868/868 892/892/892 869/869/869
f 892/892/892 893/893/893 869/869/869
f 869/869/869 893/893/893 870/870/870
f 893/893/893 894/894/894 870/870/870
f 870/870/870 894/894/894 871/871/871
f 894/894/894 895/895/895 871/871/871
f 871/871/871 895/895/895 872/872/872
f 895/895/895 896/896/896 872/872/872
f 872/872/872 896/896/896 873/873/873
f 896/896/896 897/897/897 873/873/873
f 873/873/873 897/897/897 874/874/874
f 897/897/897 898/898/898 874/874/874
f 874/874/874 898/898/898 875/875/875
f 898/898/898 899/899/899 875/875/875
f 875/875/875 899/899/899 876/876/876
f 899/899/899 900/900/900 876/876/876
f 876/876/876 900/900/900 877/877/877
f 900/900/900 901/901/901 877/877/877
f 877/877/877 901/901/901 878/878/878
f 901/901/901 902/902/902 878/878/878
f 878/878/878 902/902/902 879/879/879
f 902/902/902 903/903/903 879/879/879
f 879/879/879 903/903/903 880/880/880
f 903/903/903 904/904/904 880/880/880
f 880/880/880 904/904/904 881/881/881
f 904/904/904 905/905/905 881/881/881
f 881/881/881 905/905/905 882/882/882
f 905/905/905 906/906/906 882/882/882
f 882/882/882 906/906/906 883/883/883
f 906/906/906 907/907/907 883/883/883
f 883/883/883 907/907/907 884/884/884
f 907/907/907 908/908/908 884/884/884
f 884/884/884 908/908/908 885/885/885
f 908/908/908 909/909/909 885/885/885
f 885/885/885 909/909/909 886/886/886
f 909/909/909 910/910/910 886/886/886
f 886/886/886 910/910/910 887/887/887
f 910/910/910 911/911/911 887/887/887
f 887/887/887 911/911/911 888/888/888
f 911/911/911 912/912/912 888/888/888
f 889/889/889 913/913/913 890/890/890
f 913/913/913 914/914/914 890/890/890
f 890/890/890 914/914/914 891/891/891
f 914/914/914 915/915/915 891/891/891
f 891/891/891 915/915/915 892/892/892
f 915/915/915 916/916/916 892/892/892
f 892/892/892 916/916/916 893/893/893
f 916/916/916 917/917/917 893/893/893
f 893/893/893 917/917/917 894/894/894
f 917/917/917 918/918/918 894/894/894
f 894/894/894 918/918/918 895/895/895
f 918/918/918 919/919/919 895/895/895
f 895/895/895 919/919/919 896/896/896
f 919/919/919 920/920/920 896/896/896
f 896/896/896 920/920/920 897/897/897
f 920/920/920 921/921/921 897/897/897
f 897/897/897 921/921/921 898/898/898
f 921/921/921 922/922/922 898/898/898
f 898/898/898 922/922/922 899/899/899
f 922/922/922 923/923/923 899/899/899
f 899/899/899 923/923/923 900/900/900
f 923/923/923 924/924/924 900/900/900
f 900/900/900 924/924/924 901/901/901
f 924/924/924 925/925/925 901/901/901
f 901/901/901 925/925/925 902/902/902
f 925/925/925 926/926/926 902/902/902
f 902/902/902 926/926/926 903/903/903
f 926/926/926 927/927/927 903/903/903
f 903/903/903 927/927/927 904/904/904
f 927/927/927 928/928/928 904/904/904
f 904/904/904 928/928/928 905/905/905
f 928/928/928 929/929/929 905/905/905
f 905/905/905 929/929/929 906/906/906
f 929/929/929 930/930/930 906/906/906
f 906/906/906 930/930/930 907/907/907
f 930/930/930 931/931/931 907/907/907
f 907/907/907 931/931/931 908/908/908
f 931/931/931 932/932/932 908/908/908
f 908/908/908 932/932/932 909/909/909
f 932/932/932 933/933/933 909/909/909
f 909/909/909 933/933/933 910/910/910
f 933/933/933 934/934/934 910/910/910
f 910/910/910 934/934/934 911/911/911
f 934/934/934 935/935/935 911/911/911
f 911/911/911 935/935/935 912/912/912
f 935/935/935 936/936/936 912/912/912
f 913/913/913 937/937/937 914/914/914
f 937/937/937 938/938/938 914/914/914
f 914/914/914 938/938/938 915/915/915
f 938/938/938 939/939/939 915/915/915
f 915/915/915 939/939/939 916/916/916
f 939/939/939 940/940/940 916/916/916
f 916/916/916 940/940/940 917/917/917
f 940/940/940 941/941/941 917/917/917
f 917/917/917 941/941/941 918/918/918
f 941/941/941 942/942/942 918/918/918
f 918/918/918 942/942/942 919/919/919
f 942/942/942 943/943/943 919/919/919
f 919/919/919 943/943/943 920/920/920
f 943/943/943 944/944/944 920/920/920
f 920/920/920 944/944/944 921/921/921
f 944/944/944 945/945/945 921/921/921
f 921/921/921 945/945/945 922/922/922
f 945/945/945 946/946/946 922/922/922
f 922/922/922 946/946/946 923/923/923
f 946/946/946 947/947/947 923/923/923
f 923/923/923 947/947/947 924/924/924
f 947/947/947 948/948/948 924/924/924
f 924/924/924 948/948/948 925/925/925
f 948/948/948 949/949/949 925/925/925
f 925/925/925 949/949/949 926/926/926
f 949/949/949 950/950/950 926/926/926
f 926/926/926 950/950/950 927/927/927
f 950/950/950 951/951/951 927/927/927
f 927/927/927 951/951/951 928/928/928
f 951/951/951 952/952/952 928/928/928
f 928/928/928 952/952/952 929/929/929
f 952/952/952 953/953/953 929/929/929
f 929/929/929 953/953/953 930/930/930
f 953/953/953 954/954/954 930/930/930
f 930/930/930 954/954/954 931/931/931
f 954/954/954 955/955/955 931/931/931
f 931/931/931 955/955/955 932/932/932
f 955/955/955 956/956/956 932/932/932
f 932/932/932 956/956/956 933/933/933
f 956/956/956 957/957/957 933/933/933
f 933/933/933 957/957/957 934/934/934
f 957/957/957 958/958/958 934/934/934
f 934/934/934 958/958/958 935/935/935
f 958/958/958 959/959/959 935/935/935
f 935/935/935 959/959/959 936/936/936
f 959/959/959 960/960/960 936/936/936
f 937/937/937 961/961/961 938/938/938
f 961/961/961 962/962/962 938/938/938
f 938/938/938 962/962/962 939/939/939
f 962/962/962 963/963/963 939/939/939
f 939/939/939 963/963/963 940/940/940
f 963/963/963 964/964/964 940/940/940
f 940/940/940 964/964/964 941/941/941
f 964/964/964 965/965/965 941/941/941
f 941/941/941 965/965/965 942/942/942
f 965/965/965 966/966/966 942/942/942
f 942/942/942 966/966/966 943/943/943
f 966/966/966 967/967/967 943/943/943
f 943/943/943 967/967/967 944/944/944
f 967/967/967 968/968/968 944/944/944
f 944/944/944 968/968/968 945/945/945
f 968/968/968 969/969/969 945/945/945
f 945/945/945 969/969/969 946/946/946
f 969/969/969 970/970/970 946/946/946
f 946/946/946 970/970/970 947/947/947
f 970/970/970 971/971/971 947/947/947
f 947/947/947 971/971/971 948/948/948
f 971/971/971 972/972/972 948/948/948
f 948/948/948 972/972/972 949/949/949
f 972/972/972 973/973/973 949/949/949
f 949/949/949 973/973/973 950/950/950
f 973/973/973 974/974/974 950/950/950
f 950/950/950 974/974/974 951/951/951
f 974/974/974 975/975/975 951/951/951
f 951/951/951 975/975/975 952/952/952
f 975/975/975 976/976/976 952/952/952
f 952/952/952 976/976/976 953/953/953
f 976/976/976 977/977/977 953/953/953
f 953/953/953 977/977/977 954/954/954
f 977/977/977 978/978/978 954/954/954
f 954/954/954 978/978/978 955/955/955
f 978/978/978 979/979/979 955/955/955
f 955/955/955 979/979/979 956/956/956
f 979/979/979 980/980/980 956/956/956
f 956/956/956 980/980/980 957/957/957
f 980/980/980 981/981/981 957/957/957
f 957/957/957 981/981/981 958/958/958
f 981/981/981 982/982/982 958/958/958
f 958/958/958 982/982/982 959/959/959
f 982/982/982 983/983/983 959/959/959
f 959/959/959 983/983/983 960/960/960
f 983/983/983 984/984/984 960/960/960
f 961/961/961 985/985/985 962/962/962
f 985/985/985 986/986/986 962/962/962
f 962/962/962 986/986/986 963/963/963
f 986/986/986 987/987/987 963/963/963
f 963/963/963 987/987/987 964/964/964
f 987/987/987 988/988/988 964/964/964
f 964/964/964 988/988/988 965/965/965
f 988/988/988 989/989/989 965/965/965
f 965/965/965 989/989/989 966/966/966
f 989/989/989 990/990/990 966/966/966
f 966/966/966 990/990/990 967/967/967
f 990/990/990 991/991/991 967/967/967
f 967/967/967 991/991/991 968/968/968
f 991/991/991 992/992/992 968/968/968
f 968/968/968 992/992/992 969/969/969
f 992/992/992 993/993/993 969/969/969
f 969/969/969 993/993/993 970/970/970
f 993/993/993 994/994/994 970/970/970
f 970/970/970 994/994/994 971/971/971
f 994/994/994 995/995/995 971/971/971
f 971/971/971 995/995/995 972/972/972
f 995/995/995 996/996/996 972/972/972
f 972/972/972 996/996/996 973/973/973
f 996/996/996 997/997/997 973/973/973
f 973/973/973 997/997/997 974/974/974
f 997/997/997 998/998/998 974/974/974
f 974/974/974 998/998/998 975/975/975
f 998/998/998 999/999/999 975/975/975
f 975/975/975 999/999/999 976/976/976
f 999/999/999 1000/1000/1000 976/976/976
f 976/976/976 1000/1000/1000 977/977/977
f 1000/1000/1000 1001/1001/1001 977/977/977
f 977/977/977 1001/1001/1001 978/978/978
f 1001/1001/1001 1002/1002/1002 978/978/978
f 978/978/978 1002/1002/1002 979/979/979
f 1002/1002/1002 1003/1003/1003 979/979/979
f 979/979/979 1003/1003/1003 980/980/980
f 1003/1003/1003 1004/1004/1004 980/980/980
f 980/980/980 1004/1004/1004 981/981/981
f 1004/1004/1004 1005/1005/1005 981/981/981
f 981/981/981 1005/1005/1005 982/982/982
f 1005/1005/1005 1006/1006/1006 982/982/982
f 982/982/982 1006/1006/1006 983/983/983
f 1006/1006/1006 1007/1007/1007 983/983/983
f 983/983/983 1007/1007/1007 984/984/984
f 1007/1007/1007 1008/1008/1008 984/984/984
f 985/985/985 1009/1009/1009 986/986/986
f 1009/1009/1009 1010/1010/1010 986/986/986
f 986/986/986 1010/1010/1010 987/987/987
f 1010/1010/1010 1011/1011/1011 987/987/987
f 987/987/987 1011/1011/1011 988/988/988
f 1011/1011/1011 1012/1012/1012 988/988/988
f 988/988/988 1012/1012/1012 989/989/989
f 1012/1012/1012 1013/1013/1013 989/989/989
f 989/989/989 1013/1013/1013 990/990/990
f 1013/1013/1013 1014/1014/1014 990/990/990
f 990/990/990 1014/1014/1014 991/991/991
f 1014/1014/1014 1015/1015/1015 991/991/991
f 991/991/991 1015/1015/1015 992/992/992
f 1015/1015/1015 1016/1016/1016 992/992/992
f 992/992/992 1016/1016/1016 993/993/993
f 1016/1016/1016 1017/1017/1017 993/993/993
f 993/993/993 1017/1017/1017 994/994/994
f 1017/1017/1017 1018/1018/1018 994/994/994
f 994/994/994 1018/1018/1018 995/995/995
f 1018/1018/1018 1019/1019/1019 995/995/995
f 995/995/995 1019/1019/1019 996/996/996
f 1019/1019/1019 1020/1020/1020 996/996/996
f 996/996/996 1020/1020/1020 997/997/997
f 1020/1020/1020 1021/1021/1021 997/997/997
f 997/997/997 1021/1021/1021 998/998/998
f 1021/1021/1021 1022/1022/1022 998/998/998
f 998/998/998 1022/1022/1022 999/999/999
f 1022/1022/1022 1023/1023/1023 999/999/999
f 999/999/999 1023/1023/1023 1000/1000/1000
f 1023/1023/1023 1024/1024/1024 1000/1000/1000
f 1000/1000/1000 1024/1024/1024 1001/1001/1001
f 1024/1024/1024 1025/1025/1025 1001/1001/1001
f 1001/1001/1001 1025/1025/1025 1002/1002/1002
f 1025/1025/1025 1026/1026/1026 1002/1002/1002
f 1002/1002/1002 1026/1026/1026 1003/1003/1003
f 1026/1026/1026 1027/1027/1027 1003/1003/1003
f 1003/1003/1003 1027/1027/1027 1004/1004/1004
f 1027/1027/1027 1028/1028/1028 1004/1004/1004
f 1004/1004/1004 1028/1028/1028 1005/1005/1005
f 1028/1028/1028 1029/1029/1029 1005/1005/1005
f 1005/1005/1005 1029/1029/1029 1006/1006/1006
f 1029/1029/1029 1030/1030/1030 1006/1006/1006
f 1006/1006/1006 1030/1030/1030 1007/1007/1007
f 1030/1030/1030 1031/1031/1031 1007/1007/1007
f 1007/1007/1007 1031/1031/1031 1008/1008/1008
f 1031/1031/1031 1032/1032/1032 1008/1008/1008
f 1009/1009/1009 1033/1033/1033 1010/1010/1010
f 1033/1033/1033 1034/1034/1034 1010/1010/1010
f 1010/1010/1010 1034/1034/1034 1011/1011/1011
f 1034/1034/1034 1035/1035/1035 1011/1011/1011
f 1011/1011/1011 1035/1035/1035 1012/1012/1012
f 1035/1035/1035 1036/1036/1036 1012/1012/1012
f 1012/1012/1012 1036/1036/1036 1013/1013/1013
f 1036/1036/1036 1037/1037/1037 1013/1013/1013
f 1013/1013/1013 1037/1037/1037 1014/1014/1014
f 1037/1037/1037 1038/1038/1038 1014/1014/1014
f 1014/1014/1014 1038/1038/1038 1015/1015/1015
f 1038/1038/1038 1039/1039/1039 1015/1015/1015
f 1015/1015/1015 1039/1039/1039 1016/1016/1016
f 1039/1039/1039 1040/1040/1040 1016/1016/1016
f 1016/1016/1016 1040/1040/1040 1017/1017/1017
f 1040/1040/1040 1041/1041/1041 1017/1017/1017
f 1017/1017/1017 1041/1041/1041 1018/1018/1018
f 1041/1041/1041 1042/1042/1042 1018/1018/1018
f 1018/1018/1018 1042/1042/1042 1019/1019/1019
f 1042/1042/1042 1043/1043/1043 1019/1019/1019
f 1019/1019/1019 1043/1043/1043 1020/1020/1020
f 1043/1043/1043 1044/1044/1044 1020/1020/1020
f 1020/1020/1020 1044/1044/1044 1021/1021/1021
f 1044/1044/1044 1045/1045/1045 1021/1021/1021
f 1021/1021/1021 1045/1045/1045 1022/1022/1022
f 1045/1045/1045 1046/1046/1046 1022/1022/1022
f 1022/1022/1022 1046/1046/1046 1023/1023/1023
f 1046/1046/1046 1047/1047/1047 1023/1023/1023
f 1023/1023/1023 1047/1047/1047 1024/1024/1024
f 1047/1047/1047 1048/1048/1048 1024/1024/1024
f 1024/1024/1024 1048/1048/1048 1025/1025/1025
f 1048/1048/1048 1049/1049/1049 1025/1025/1025
f 1025/1025/1025 1049/1049/1049 1026/1026/1026
f 1049/1049/1049 1050/1050/1050 1026/1026/1026
f 1026/1026/1026 1050/1050/1050 1027/1027/1027
f 1050/1050/1050 1051/1051/1051 1027/1027/1027
f 1027/1027/1027 1051/1051/1051 1028/1028/1028
f 1051/1051/1051 1052/1052/1052 1028/1028/1028
f 1028/1028/1028 1052/1052/1052 1029/1029/1029
f 1052/1052/1052 1053/1053/1053 1029/1029/1029
f 1029/1029/1029 1053/1053/1053 1030/1030/1030
f 1053/1053/1053 1054/1054/1054 1030/1030/1030
f 1030/1030/1030 1054/1054/1054 1031/1031/1031
f 1054/1054/1054 1055/1055/1055 1031/1031/1031
f 1031/1031/1031 1055/1055/1055 1032/1032/1032
f 1055/1055/1055 1056/1056/1056 1032/1032/1032
f 1033/1033/1033 1057/1057/1057 1034/1034/1034
f 1057/1057/1057 1058/1058/1058 1034/1034/1034
f 1034/1034/1034 1058/1058/1058 1035/1035/1035
f 1058/1058/1058 1059/1059/1059 1035/1035/1035
f 1035/1035/1035 1059/1059/1059 1036/1036/1036
f 1059/1059/1059 1060/1060/1060 1036/1036/1036
f 1036/1036/1036 1060/1060/1060 1037/1037/1037
f 1060/1060/1060 1061/1061/1061 1037/1037/1037
f 1037/1037/1037 1061/1061/1061 1038/1038/1038
f 1061/1061/1061 1062/1062/1062 1038/1038/1038
f 1038/1038/1038 1062/1062/1062 1039/1039/1039
f 1062/1062/1062 1063/1063/1063 1039/1039/1039
f 1039/1039/1039 1063/1063/1063 1040/1040/1040
f 1063/1063/1063 1064/1064/1064 1040/1040/1040
f 1040/1040/1040 1064/1064/1064 1041/1041/1041
f 1064/1064/1064 1065/1065/1065 1041/1041/1041
f 1041/1041/1041 1065/1065/1065 1042/1042/1042
f 1065/1065/1065 1066/1066/1066 1042/1042/1042
f 1042/1042/1042 1066/1066/1066 1043/1043/1043
f 1066/1066/1066 1067/1067/1067 1043/1043/1043
f 1043/1043/1043 1067/1067/1067 1044/1044/1044
f 1067/1067/1067 1068/1068/1068 1044/1044/1044
f 1044/1044/1044 1068/1068/1068 1045/1045/1045
f 1068/1068/1068 1069/1069/1069 1045/1045/1045
f 1045/1045/1045 1069/1069/1069 1046/1046/1046
f 1069/1069/1069 1070/1070/1070 1046/1046/1046
f 1046/1046/1046 1070/1070/1070 1047/1047/1047
f 1070/1070/1070 1071/1071/1071 1047/1047/1047
f 1047/1047/1047 1071/1071/1071 1048/1048/1048
f 1071/1071/1071 1072/1072/1072 1048/1048/1048
f 1048/1048/1048 1072/1072/1072 1049/1049/1049
f 1072/1072/1072 1073/1073/1073 1049/1049/1049
f 1049/1049/1049 1073/1073/1073 1050/1050/1050
f 1073/1073/1073 1074/1074/1074 1050/1050/1050
f 1050/1050/1050 1074/1074/1074 1051/1051/1051
f 1074/1074/1074 1075/1075/1075 1051/1051/1051
f 1051/1051/1051 1075/1075/1075 1052/1052/1052
f 1075/1075/1075 1076/1076/1076 1052/1052/1052
f 1052/1052/1052 1076/1076/1076 1053/1053/1053
f 1076/1076/1076 1077/1077/1077 1053/1053/1053
f 1053/1053/1053 1077/1077/1077 1054/1054/1054
f 1077/1077/1077 1078/1078/1078 1054/1054/1054
f 1054/1054/1054 1078/1078/1078 1055/1055/1055
f 1078/1078/1078 1079/1079/1079 1055/1055/1055
f 1055/1055/1055 1079/1079/1079 1056/1056/1056
f 1079/1079/1079 1080/1080/1080 1056/1056/1056
f 1057/1057/1057 1081/1081/1081 1058/1058/1058
f 1081/1081/1081 1082/1082/1082 1058/1058/1058
f 1058/1058/1058 1082/1082/1082 1059/1059/1059
f 1082/1082/1082 1083/1083/1083 1059/1059/1059
f 1059/1059/1059 1083/1083/1083 1060/1060/1060
f 1083/1083/1083 1084/1084/1084 1060/1060/1060
f 1060/1060/1060 1084/1084/1084 1061/1061/1061
f 1084/1084/1084 1085/1085/1085 1061/1061/1061
f 1061/1061/1061 1085/1085/1085 1062/1062/1062
f 1085/1085/1085 1086/1086/1086 1062/1062/1062
f 1062/1062/1062 1086/1086/1086 1063/1063/1063
f 1086/1086/1086 1087/1087/1087 1063/1063/1063
f 1063/1063/1063 1087/1087/1087 1064/1064/1064
f 1087/1087/1087 1088/1088/1088 1064/1064/1064
f 1064/1064/1064 1088/1088/1088 1065/1065/1065
f 1088/1088/1088 1089/1089/1089 1065/1065/1065
f 1065/1065/1065 1089/1089/1089 1066/1066/1066
f 1089/1089/1089 1090/1090/1090 1066/1066/1066
f 1066/1066/1066 1090/1090/1090 1067/1067/1067
f 1090/1090/1090 1091/1091/1091 1067/1067/1067
f 1067/1067/1067 1091/1091/1091 1068/1068/1068
f 1091/1091/1091 1092/1092/1092 1068/1068/1068
f 1068/1068/1068 1092/1092/1092 1069/1069/1069
f 1092/1092/1092 1093/1093/1093 1069/1069/1069
f 1069/1069/1069 1093/1093/1093 1070/1070/1070
f 1093/1093/1093 1094/1094/1094 1070/1070/1070
f 1070/1070/1070 1094/1094/1094 1071/1071/1071
f 1094/1094/1094 1095/1095/1095 1071/1071/1071
f 1071/1071/1071 1095/1095/1095 1072/1072/1072
f 1095/1095/1095 1096/1096/1096 1072/1072/1072
f 1072/1072/1072 1096/1096/1096 1073/1073/1073
f 1096/1096/1096 1097/1097/1097 1073/1073/1073
f 1073/1073/1073 1097/1097/1097 1074/1074/1074
f 1097/1097/1097 1098/1098/1098 1074/1074/1074
f 1074/1074/1074 1098/1098/1098 1075/1075/1075
f 1098/1098/1098 1099/1099/1099 1075/1075/1075
f 1075/1075/1075 1099/1099/1099 1076/1076/1076
f 1099/1099/1099 1100/1100/1100 1076/1076/1076
f 1076/1076/1076 1100/1100/1100 1077/1077/1077
f 1100/1100/1100 1101/1101/1101 1077/1077/1077
f 1077/1077/1077 1101/1101/1101 1078/1078/1078
f 1101/1101/1101 1102/1102/1102 1078/1078/1078
f 1078/1078/1078 1102/1102/1102 1079/1079/1079
f 1102/1102/1102 1103/1103/1103 1079/1079/1079
f 1079/1079/1079 1103/1103/1103 1080/1080/1080
f 1103/1103/1103 1104/1104/1104 1080/1080/1080
f 1081/1081/1081 1105/1105/1105 1082/1082/1082
f 1105/1105/1105 1106/1106/1106 1082/1082/1082
f 1082/1082/1082 1106/1106/1106 1083/1083/1083
f 1106/1106/1106 1107/1107/1107 1083/1083/1083
f 1083/1083/1083 1107/1107/1107 1084/1084/1084
f 1107/1107/1107 1108/1108/1108 1084/1084/1084
f 1084/1084/1084 1108/1108/1108 1085/1085/1085
f 1108/1108/1108 1109/1109/1109 1085/1085/1085
f 1085/1085/1085 1109/1109/1109 1086/1086/1086
f 1109/1109/1109 1110/1110/1110 1086/1086/1086
f 1086/1086/1086 1110/1110/1110 1087/1087/1087
f 1110/1110/1110 1111/1111/1111 1087/1087/1087
f 1087/1087/1087 1111/1111/1111 1088/1088/1088
f 1111/1111/1111 1112/1112/1112 1088/1088/1088
f 1088/1088/1088 1112/1112/1112 1089/1089/1089
f 1112/1112/1112 1113/1113/1113 1089/1089/1089
f 1089/1089/1089 1113/1113/1113 1090/1090/1090
f 1113/1113/1113 1114/1114/1114 1090/1090/1090
f 1090/1090/1090 1114/1114/1114 1091/1091/1091
f 1114/1114/1114 1115/1115/1115 1091/1091/1091
f 1091/1091/1091 1115/1115/1115 1092/1092/1092
f 1115/1115/1115 1116/1116/1116 1092/1092/1092
f 1092/1092/1092 1116/1116/1116 1093/1093/1093
f 1116/1116/1116 1117/1117/1117 1093/1093/1093
f 1093/1093/1093 1117/1117/1117 1094/1094/1094
f 1117/1117/1117 1118/1118/1118 1094/1094/1094
f 1094/1094/1094 1118/1118/1118 1095/1095/1095
f 1118/1118/1118 1119/1119/1119 1095/1095/1095
f 1095/1095/1095 1119/1119/1119 1096/1096/1096
f 1119/1119/1119 1120/1120/1120 1096/1096/1096
f 1096/1096/1096 1120/1120/1120 1097/1097/1097
f 1120/1120/1120 1121/1121/1121 1097/1097/1097
f 1097/1097/1097 1121/1121/1121 1098/1098/1098
f 1121/1121/1121 1122/1122/1122 1098/1098/1098
f 1098/1098/1098 1122/1122/1122 1099/1099/1099
f 1122/1122/1122 1123/1123/1123 1099/1099/1099
f 1099/1099/1099 1123/1123/1123 1100/1100/1100
f 1123/1123/1123 1124/1124/1124 1100/1100/1100
f 1100/1100/1100 1124/1124/1124 1101/1101/1101
f 1124/1124/1124 1125/1125/1125 1101/1101/1101
f 1101/1101/1101 1125/1125/1125 1102/1102/1102
f 1125/1125/1125 1126/1126/1126 1102/1102/1102
f 1102/1102/1102 1126/1126/1126 1103/1103/1103
f 1126/1126/1126 1127/1127/1127 1103/1103/1103
f 1103/1103/1103 1127/1127/1127 1104/1104/1104
f 1127/1127/1127 1128/1128/1128 1104/1104/1104
f 1105/1105/1105 1129/1129/1129 1106/1106/1106
f 1129/1129/1129 1130/1130/1130 1106/1106/1106
f 1106/1106/1106 1130/1130/1130 1107/1107/1107
f 1130/1130/1130 1131/1131/1131 1107/1107/1107
f 1107/1107/1107 1131/1131/1131 1108/1108/1108
f 1131/1131/1131 1132/1132/1132 1108/1108/1108
f 1108/1108/1108 1132/1132/1132 1109/1109/1109
f 1132/1132/1132 1133/1133/1133 1109/1109/1109
f 1109/1109/1109 1133/1133/1133 1110/1110/1110
f 1133/1133/1133 1134/1134/1134 1110/1110/1110
f 1110/1110/1110 1134/1134/1134 1111/1111/1111
f 1134/1134/1134 1135/1135/1135 1111/1111/1111
f 1111/1111/1111 1135/1135/1135 1112/1112/1112
f 1135/1135/1135 1136/1136/1136 1112/1112/1112
f 1112/1112/1112 1136/1136/1136 1113/1113/1113
f 1136/1136/1136 1137/1137/1137 1113/1113/1113
f 1113/1113/1113 1137/1137/1137 1114/1114/1114
f 1137/1137/1137 1138/1138/1138 1114/1114/1114
f 1114/1114/1114 1138/1138/1138 1115/1115/1115
f 1138/1138/1138 1139/1139/1139 1115/1115/1115
f 1115/1115/1115 1139/1139/1139 1116/1116/1116
f 1139/1139/1139 1140/1140/1140 1116/1116/1116
f 1116/1116/1116 1140/1140/1140 1117/1117/1117
f 1140/1140/1140 1141/1141/1141 1117/1117/1117
f 1117/1117/1117 1141/1141/1141 1118/1118/1118
f 1141/1141/1141 1142/1142/1142 1118/1118/1118
f 1118/1118/1118 1142/1142/1142 1119/1119/1119
f 1142/1142/1142 1143/1143/1143 1119/1119/1119
f 1119/1119/1119 1143/1143/1143 1120/1120/1120
f 1143/1143/1143 1144/1144/1144 1120/1120/1120
f 1120/1120/1120 1144/1144/1144 1121/1121/1121
f 1144/1144/1144 1145/1145/1145 1121/1121/1121
f 1121/1121/1121 1145/1145/1145 1122/1122/1122
f 1145/1145/1145 1146/1146/1146 1122/1122/1122
f 1122/1122/1122 1146/1146/1146 1123/1123/1123
f 1146/1146/1146 1147/1147/1147 1123/1123/1123
f 1123/1123/1123 1147/1147/1147 1124/1124/1124
f 1147/1147/1147 1148/1148/1148 1124/1124/1124
f 1124/1124/1124 1148/1148/1148 1125/1125/1125
f 1148/1148/1148 1149/1149/1149 1125/1125/1125
f 1125/1125/1125 1149/1149/1149 1126/1126/1126
f 1149/1149/1149 1150/1150/1150 1126/1126/1126
f 1126/1126/1126 1150/1150/1150 1127/1127/1127
f 1150/1150/1150 1151/1151/1151 1127/1127/1127
f 1127/1127/1127 1151/1151/1151 1128/1128/1128
f 1151/1151/1151 1152/1152/1152 1128/1128/1128
f 1129/1129/1129 1153/1153/1153 1130/1130/1130
f 1153/1153/1153 1154/1154/1154 1130/1130/1130
f 1130/1130/1130 1154/1154/1154 1131/1131/1131
f 1154/1154/1154 1155/1155/1155 1131/1131/1131
f 1131/1131/1131 1155/1155/1155 1132/1132/1132
f 1155/1155/1155 1156/1156/1156 1132/1132/1132
f 1132/1132/1132 1156/1156/1156 1133/1133/1133
f 1156/1156/1156 1157/1157/1157 1133/1133/1133
f 1133/1133/1133 1157/1157/1157 1134/1134/1134
f 1157/1157/1157 1158/1158/1158 1134/1134/1134
f 1134/1134/1134 1158/1158/1158 1135/1135/1135
f 1158/1158/1158 1159/1159/1159 1135/1135/1135
f 1135/1135/1135 1159/1159/1159 1136/1136/1136
f 1159/1159/1159 1160/1160/1160 1136/1136/1136
f 1136/1136/1136 1160/1160/1160 1137/1137/1137
f 1160/1160/1160 1161/1161/1161 1137/1137/1137
f 1137/1137/1137 1161/1161/1161 1138/1138/1138
f 1161/1161/1161 1162/1162/1162 1138/1138/1138
f 1138/1138/1138 1162/1162/1162 1139/1139/1139
f 1162/1162/1162 1163/1163/1163 1139/1139/1139
f 1139/1139/1139 1163/1163/1163 1140/1140/1140
f 1163/1163/1163 1164/1164/1164 1140/1140/1140
f 1140/1140/1140 1164/1164/1164 1141/1141/1141
f 1164/1164/1164 1165/1165/1165 1141/1141/1141
f 1141/1141/1141 1165/1165/1165 1142/1142/1142
f 1165/1165/1165 1166/1166/1166 1142/1142/1142
f 1142/1142/1142 1166/1166/1166 1143/1143/1143
f 1166/1166/1166 1167/1167/1167 1143/1143/1143
f 1143/1143/1143 1167/1167/1167 1144/1144/1144
f 1167/1167/1167 1168/1168/1168 1144/1144/1144
f 1144/1144/1144 1168/1168/1168 1145/1145/1145
f 1168/1168/1168 1169/1169/1169 1145/1145/1145
f 1145/1145/1145 1169/1169/1169 1146/1146/1146
f 1169/1169/1169 1170/1170/1170 1146/1146/1146
f 1146/1146/1146 1170/1170/1170 1147/1147/1147
f 1170/1170/1170 1171/1171/1171 1147/1147/1147
f 1147/1147/1147 1171/1171/1171 1148/1148/1148
f 1171/1171/1171 1172/1172/1172 1148/1148/1148
f 1148/1148/1148 1172/1172/1172 1149/1149/1149
f 1172/1172/1172 1173/1173/1173 1149/1149/1149
f 1149/1149/1149 1173/1173/1173 1150/1150/1150
f 1173/1173/1173 1174/1174/1174 1150/1150/1150
f 1150/1150/1150 1174/1174/1174 1151/1151/1151
f 1174/1174/1174 1175/1175/1175 1151/1151/1151
f 1151/1151/1151 1175/1175/1175 1152/1152/1152
f 1175/1175/1175 1176/1176/1176 1152/1152/1152
# Vertices: 1176, normals: 1176, texture coordinates: 1176, faces: 2208

